{"E(RIMP2 (OS))": {"E(RIMP2 (OS))": -0.3855854029930679}, "E(RIMP2 (SS))": {"E(RIMP2 (SS))": -0.08311493941150991}, "E(RIMP2)": {"E(RIMP2)": -0.4687003424045778}, "E(RIMP2) SOS": {"E(RIMP2) SOS": -0.5012610238909884}, "Final E(HF)": {"Final E(HF)": -447.9842525821301}, "filename": "json_logs/9VC59KRX5L_scauxn8qvg.json", "finish_time": {"time": "Sat Feb  4 11:37:52 2023\n", "total_time": 2.7256708520000004}, "start_time": {"time": "Sat Feb  4 11:37:50 2023\n"}, "title": "/scratch/kx58/jm0124/tempJsons/9VC59KRX5L_scauxn8qvg.json", "total_energy": {"total_energy": -448.4529529245347}}