{"E(RIMP2 (OS))": {"E(RIMP2 (OS))": -0.38476418210397073}, "E(RIMP2 (SS))": {"E(RIMP2 (SS))": -0.08215119417072783}, "E(RIMP2)": {"E(RIMP2)": -0.4669153762746986}, "E(RIMP2) SOS": {"E(RIMP2) SOS": -0.5001934367351619}, "Final E(HF)": {"Final E(HF)": -447.9785266812532}, "filename": "json_logs/MG0LVD88L6_9zdgaasgyx.json", "finish_time": {"time": "Sat Feb  4 11:40:00 2023\n", "total_time": 2.708353742}, "start_time": {"time": "Sat Feb  4 11:39:57 2023\n"}, "title": "/scratch/kx58/jm0124/tempJsons/MG0LVD88L6_9zdgaasgyx.json", "total_energy": {"total_energy": -448.4454420575279}}