{"E(RIMP2 (OS))": {"E(RIMP2 (OS))": -0.3847715673176874}, "E(RIMP2 (SS))": {"E(RIMP2 (SS))": -0.08215401754392888}, "E(RIMP2)": {"E(RIMP2)": -0.4669255848616163}, "E(RIMP2) SOS": {"E(RIMP2) SOS": -0.5002030375129937}, "Final E(HF)": {"Final E(HF)": -447.9785168424369}, "filename": "json_logs/53ABSYHHBR_b5ja37ybfj.json", "finish_time": {"time": "Sat Feb  4 11:31:13 2023\n", "total_time": 2.529462986}, "start_time": {"time": "Sat Feb  4 11:31:10 2023\n"}, "title": "/scratch/kx58/jm0124/tempJsons/53ABSYHHBR_b5ja37ybfj.json", "total_energy": {"total_energy": -448.4454424272985}}