{"E(RIMP2 (OS))": {"E(RIMP2 (OS))": -0.38535323038515223}, "E(RIMP2 (SS))": {"E(RIMP2 (SS))": -0.08277207426857733}, "E(RIMP2)": {"E(RIMP2)": -0.4681253046537296}, "E(RIMP2) SOS": {"E(RIMP2) SOS": -0.5009591995006979}, "Final E(HF)": {"Final E(HF)": -447.97721087299175}, "filename": "json_logs/G3GLKNIVXX_zofzidhjab.json", "finish_time": {"time": "Sat Feb  4 11:34:51 2023\n", "total_time": 3.205037598}, "start_time": {"time": "Sat Feb  4 11:34:48 2023\n"}, "title": "/scratch/kx58/jm0124/tempJsons/G3GLKNIVXX_zofzidhjab.json", "total_energy": {"total_energy": -448.44533617764546}}