{"E(RIMP2 (OS))": {"E(RIMP2 (OS))": -0.3851198968394533}, "E(RIMP2 (SS))": {"E(RIMP2 (SS))": -0.08283942295949333}, "E(RIMP2)": {"E(RIMP2)": -0.4679593197989466}, "E(RIMP2) SOS": {"E(RIMP2) SOS": -0.5006558658912893}, "Final E(HF)": {"Final E(HF)": -447.9763712104984}, "filename": "json_logs/G3GLKNIVXX_03swgg8j5z.json", "finish_time": {"time": "Sat Feb  4 11:34:53 2023\n", "total_time": 2.815818836}, "start_time": {"time": "Sat Feb  4 11:34:51 2023\n"}, "title": "/scratch/kx58/jm0124/tempJsons/G3GLKNIVXX_03swgg8j5z.json", "total_energy": {"total_energy": -448.44433053029735}}