{"E(RIMP2 (OS))": {"E(RIMP2 (OS))": -0.38536620629225815}, "E(RIMP2 (SS))": {"E(RIMP2 (SS))": -0.0825899497947433}, "E(RIMP2)": {"E(RIMP2)": -0.4679561560870015}, "E(RIMP2) SOS": {"E(RIMP2) SOS": -0.5009760681799356}, "Final E(HF)": {"Final E(HF)": -447.9765518215306}, "filename": "json_logs/53ABSYHHBR_nuetb99ltf.json", "finish_time": {"time": "Sat Feb  4 11:29:28 2023\n", "total_time": 2.734287756}, "start_time": {"time": "Sat Feb  4 11:29:26 2023\n"}, "title": "/scratch/kx58/jm0124/tempJsons/53ABSYHHBR_nuetb99ltf.json", "total_energy": {"total_energy": -448.4445079776176}}