{"E(RIMP2 (OS))": {"E(RIMP2 (OS))": -0.38536635005737846}, "E(RIMP2 (SS))": {"E(RIMP2 (SS))": -0.0825866290122698}, "E(RIMP2)": {"E(RIMP2)": -0.4679529790696483}, "E(RIMP2) SOS": {"E(RIMP2) SOS": -0.500976255074592}, "Final E(HF)": {"Final E(HF)": -447.97654947492083}, "filename": "json_logs/XV71PKY4L2_awgnv60a1m.json", "finish_time": {"time": "Sat Feb  4 11:34:53 2023\n", "total_time": 2.7164099839999998}, "start_time": {"time": "Sat Feb  4 11:34:50 2023\n"}, "title": "/scratch/kx58/jm0124/tempJsons/XV71PKY4L2_awgnv60a1m.json", "total_energy": {"total_energy": -448.4445024539905}}