{"E(RIMP2 (OS))": {"E(RIMP2 (OS))": -0.3846943849466155}, "E(RIMP2 (SS))": {"E(RIMP2 (SS))": -0.0820411110523875}, "E(RIMP2)": {"E(RIMP2)": -0.466735495999003}, "E(RIMP2) SOS": {"E(RIMP2) SOS": -0.5001027004306002}, "Final E(HF)": {"Final E(HF)": -447.9751071563348}, "filename": "json_logs/53ABSYHHBR_1kbzhgefbp.json", "finish_time": {"time": "Sat Feb  4 11:34:54 2023\n", "total_time": 2.711116114}, "start_time": {"time": "Sat Feb  4 11:34:52 2023\n"}, "title": "/scratch/kx58/jm0124/tempJsons/53ABSYHHBR_1kbzhgefbp.json", "total_energy": {"total_energy": -448.4418426523338}}