{"E(RIMP2 (OS))": {"E(RIMP2 (OS))": -0.3847075376551844}, "E(RIMP2 (SS))": {"E(RIMP2 (SS))": -0.08204629000547611}, "E(RIMP2)": {"E(RIMP2)": -0.46675382766066054}, "E(RIMP2) SOS": {"E(RIMP2) SOS": -0.5001197989517397}, "Final E(HF)": {"Final E(HF)": -447.97508771948344}, "filename": "json_logs/GLYwpi9y7mdr9_tcleli4xdn.json", "finish_time": {"time": "Sat Feb  4 11:30:16 2023\n", "total_time": 2.4244176299999998}, "start_time": {"time": "Sat Feb  4 11:30:14 2023\n"}, "title": "/scratch/kx58/jm0124/tempJsons/GLYwpi9y7mdr9_tcleli4xdn.json", "total_energy": {"total_energy": -448.44184154714407}}