{"E(RIMP2 (OS))": {"E(RIMP2 (OS))": -0.3851681932327131}, "E(RIMP2 (SS))": {"E(RIMP2 (SS))": -0.08215482132499569}, "E(RIMP2)": {"E(RIMP2)": -0.4673230145577088}, "E(RIMP2) SOS": {"E(RIMP2) SOS": -0.5007186512025271}, "Final E(HF)": {"Final E(HF)": -447.9739025842623}, "filename": "json_logs/GLYwpi9y7mdr9_zdklay0z0f.json", "finish_time": {"time": "Sat Feb  4 11:29:30 2023\n", "total_time": 2.4748268440000003}, "start_time": {"time": "Sat Feb  4 11:29:28 2023\n"}, "title": "/scratch/kx58/jm0124/tempJsons/GLYwpi9y7mdr9_zdklay0z0f.json", "total_energy": {"total_energy": -448.44122559882}}