{"E(RIMP2 (OS))": {"E(RIMP2 (OS))": -0.38516713320024415}, "E(RIMP2 (SS))": {"E(RIMP2 (SS))": -0.08213619798844489}, "E(RIMP2)": {"E(RIMP2)": -0.46730333118868905}, "E(RIMP2) SOS": {"E(RIMP2) SOS": -0.5007172731603174}, "Final E(HF)": {"Final E(HF)": -447.9738756206756}, "filename": "json_logs/OZPFRA7LA2_rg3qzmpq42.json", "finish_time": {"time": "Sat Feb  4 11:33:57 2023\n", "total_time": 2.7260865549999997}, "start_time": {"time": "Sat Feb  4 11:33:55 2023\n"}, "title": "/scratch/kx58/jm0124/tempJsons/OZPFRA7LA2_rg3qzmpq42.json", "total_energy": {"total_energy": -448.4411789518643}}