{"E(RIMP2 (OS))": {"E(RIMP2 (OS))": -0.38558702036465536}, "E(RIMP2 (SS))": {"E(RIMP2 (SS))": -0.0831150839643641}, "E(RIMP2)": {"E(RIMP2)": -0.4687021043290195}, "E(RIMP2) SOS": {"E(RIMP2) SOS": -0.501263126474052}, "Final E(HF)": {"Final E(HF)": -447.98426613611133}, "filename": "json_logs/GLYwpi9y7mdr9_zn5x3rg889.json", "finish_time": {"time": "Sat Feb  4 11:27:55 2023\n", "total_time": 2.486980554}, "start_time": {"time": "Sat Feb  4 11:27:53 2023\n"}, "title": "/scratch/kx58/jm0124/tempJsons/GLYwpi9y7mdr9_zn5x3rg889.json", "total_energy": {"total_energy": -448.4529682404403}}