{"E(RIMP2 (OS))": {"E(RIMP2 (OS))": -0.3847439349761398}, "E(RIMP2 (SS))": {"E(RIMP2 (SS))": -0.08256897076517898}, "E(RIMP2)": {"E(RIMP2)": -0.4673129057413188}, "E(RIMP2) SOS": {"E(RIMP2) SOS": -0.5001671154689817}, "Final E(HF)": {"Final E(HF)": -447.9834954394706}, "filename": "json_logs/SB1R1YOF7N_nc1oo3n1tz.json", "finish_time": {"time": "Sat Feb  4 11:32:05 2023\n", "total_time": 2.815687828}, "start_time": {"time": "Sat Feb  4 11:32:03 2023\n"}, "title": "/scratch/kx58/jm0124/tempJsons/SB1R1YOF7N_nc1oo3n1tz.json", "total_energy": {"total_energy": -448.4508083452119}}