{"E(RIMP2 (OS))": {"E(RIMP2 (OS))": -0.3847387842130227}, "E(RIMP2 (SS))": {"E(RIMP2 (SS))": -0.08256851315778292}, "E(RIMP2)": {"E(RIMP2)": -0.4673072973708056}, "E(RIMP2) SOS": {"E(RIMP2) SOS": -0.5001604194769296}, "Final E(HF)": {"Final E(HF)": -447.98349628137584}, "filename": "json_logs/C6SITN6LDG_xnbf8dzab8.json", "finish_time": {"time": "Sat Feb  4 11:39:57 2023\n", "total_time": 3.3555969660000002}, "start_time": {"time": "Sat Feb  4 11:39:53 2023\n"}, "title": "/scratch/kx58/jm0124/tempJsons/C6SITN6LDG_xnbf8dzab8.json", "total_energy": {"total_energy": -448.4508035787467}}