{"E(RIMP2 (OS))": {"E(RIMP2 (OS))": -0.3851686101122011}, "E(RIMP2 (SS))": {"E(RIMP2 (SS))": -0.0828840358323247}, "E(RIMP2)": {"E(RIMP2)": -0.4680526459445258}, "E(RIMP2) SOS": {"E(RIMP2) SOS": -0.5007191931458614}, "Final E(HF)": {"Final E(HF)": -447.97963077711677}, "filename": "json_logs/ZCKN7SKS1I_tb63wvezeb.json", "finish_time": {"time": "Sat Feb  4 11:28:41 2023\n", "total_time": 2.877893881}, "start_time": {"time": "Sat Feb  4 11:28:39 2023\n"}, "title": "/scratch/kx58/jm0124/tempJsons/ZCKN7SKS1I_tb63wvezeb.json", "total_energy": {"total_energy": -448.4476834230613}}