{"E(RIMP2 (OS))": {"E(RIMP2 (OS))": -0.38469628469482936}, "E(RIMP2 (SS))": {"E(RIMP2 (SS))": -0.08249195823685007}, "E(RIMP2)": {"E(RIMP2)": -0.46718824293167943}, "E(RIMP2) SOS": {"E(RIMP2) SOS": -0.5001051701032782}, "Final E(HF)": {"Final E(HF)": -447.98039956123455}, "filename": "json_logs/SB1R1YOF7N_e72p6va558.json", "finish_time": {"time": "Sat Feb  4 11:36:49 2023\n", "total_time": 3.1450253280000005}, "start_time": {"time": "Sat Feb  4 11:36:46 2023\n"}, "title": "/scratch/kx58/jm0124/tempJsons/SB1R1YOF7N_e72p6va558.json", "total_energy": {"total_energy": -448.44758780416623}}