{"E(RIMP2 (OS))": {"E(RIMP2 (OS))": -0.38469228437020686}, "E(RIMP2 (SS))": {"E(RIMP2 (SS))": -0.0824910746673112}, "E(RIMP2)": {"E(RIMP2)": -0.46718335903751806}, "E(RIMP2) SOS": {"E(RIMP2) SOS": -0.5000999696812689}, "Final E(HF)": {"Final E(HF)": -447.9803894184723}, "filename": "json_logs/GLYwpi9y7mdr9_ia1v6830x1.json", "finish_time": {"time": "Sat Feb  4 11:28:40 2023\n", "total_time": 2.730541937}, "start_time": {"time": "Sat Feb  4 11:28:37 2023\n"}, "title": "/scratch/kx58/jm0124/tempJsons/GLYwpi9y7mdr9_ia1v6830x1.json", "total_energy": {"total_energy": -448.44757277750983}}