{"E(RIMP2 (OS))": {"E(RIMP2 (OS))": -0.3853313554250708}, "E(RIMP2 (SS))": {"E(RIMP2 (SS))": -0.0827612020702678}, "E(RIMP2)": {"E(RIMP2)": -0.4680925574953386}, "E(RIMP2) SOS": {"E(RIMP2) SOS": -0.500930762052592}, "Final E(HF)": {"Final E(HF)": -447.97805147015794}, "filename": "json_logs/18_vutlnzfolt.json", "finish_time": {"time": "Sat Feb  4 11:28:40 2023\n", "total_time": 2.863781732}, "start_time": {"time": "Sat Feb  4 11:28:37 2023\n"}, "title": "/scratch/kx58/jm0124/tempJsons/18_vutlnzfolt.json", "total_energy": {"total_energy": -448.4461440276533}}