{"E(RIMP2 (OS))": {"E(RIMP2 (OS))": -0.3853507989308132}, "E(RIMP2 (SS))": {"E(RIMP2 (SS))": -0.08276982209134223}, "E(RIMP2)": {"E(RIMP2)": -0.46812062102215546}, "E(RIMP2) SOS": {"E(RIMP2) SOS": -0.5009560386100572}, "Final E(HF)": {"Final E(HF)": -447.9772343768217}, "filename": "json_logs/MG0LVD88L6_97q5oef3me.json", "finish_time": {"time": "Sat Feb  4 11:38:55 2023\n", "total_time": 2.903424533}, "start_time": {"time": "Sat Feb  4 11:38:52 2023\n"}, "title": "/scratch/kx58/jm0124/tempJsons/MG0LVD88L6_97q5oef3me.json", "total_energy": {"total_energy": -448.4453549978438}}