{"E(RIMP2 (OS))": {"E(RIMP2 (OS))": -0.3853485876737218}, "E(RIMP2 (SS))": {"E(RIMP2 (SS))": -0.08277053765660881}, "E(RIMP2)": {"E(RIMP2)": -0.4681191253303306}, "E(RIMP2) SOS": {"E(RIMP2) SOS": -0.5009531639758383}, "Final E(HF)": {"Final E(HF)": -447.9772331290456}, "filename": "json_logs/SB1R1YOF7N_1b0q2fj9kq.json", "finish_time": {"time": "Sat Feb  4 11:35:52 2023\n", "total_time": 2.802256709}, "start_time": {"time": "Sat Feb  4 11:35:50 2023\n"}, "title": "/scratch/kx58/jm0124/tempJsons/SB1R1YOF7N_1b0q2fj9kq.json", "total_energy": {"total_energy": -448.4453522543759}}