{"E(RIMP2 (OS))": {"E(RIMP2 (OS))": -1.6206221613610408}, "E(RIMP2 (SS))": {"E(RIMP2 (SS))": -0.49037569664930164}, "E(RIMP2)": {"E(RIMP2)": -2.1109978580103426}, "E(RIMP2) SOS": {"E(RIMP2) SOS": -2.106808809769353}, "Final E(HF)": {"Final E(HF)": -547.6711615712787}, "filename": "json_logs/MUHADAQUJE_8abe0eow4r.json", "finish_time": {"time": "Tue Apr  4 08:29:19 2023\n", "total_time": 16.686427288}, "start_time": {"time": "Tue Apr  4 08:29:03 2023\n"}, "title": "/scratch/kx58/jm0124/tempJsons/MUHADAQUJE_8abe0eow4r.json", "total_energy": {"total_energy": -549.782159429289}}