{"E(RIMP2 (OS))": {"E(RIMP2 (OS))": -1.615356429309512}, "E(RIMP2 (SS))": {"E(RIMP2 (SS))": -0.4862727830577548}, "E(RIMP2)": {"E(RIMP2)": -2.101629212367267}, "E(RIMP2) SOS": {"E(RIMP2) SOS": -2.099963358102366}, "Final E(HF)": {"Final E(HF)": -547.6801291821672}, "filename": "json_logs/85EX749WVB_d7gxfekwy1.json", "finish_time": {"time": "Tue Apr  4 07:39:09 2023\n", "total_time": 14.344595119}, "start_time": {"time": "Tue Apr  4 07:38:55 2023\n"}, "title": "/scratch/kx58/jm0124/tempJsons/85EX749WVB_d7gxfekwy1.json", "total_energy": {"total_energy": -549.7817583945344}}