{"E(RIMP2 (OS))": {"E(RIMP2 (OS))": -1.6152801010370925}, "E(RIMP2 (SS))": {"E(RIMP2 (SS))": -0.48614097667666234}, "E(RIMP2)": {"E(RIMP2)": -2.1014210777137547}, "E(RIMP2) SOS": {"E(RIMP2) SOS": -2.0998641313482205}, "Final E(HF)": {"Final E(HF)": -547.6799318512204}, "filename": "json_logs/WZ108QCHD2_vclomydy4y.json", "finish_time": {"time": "Tue Apr  4 08:37:05 2023\n", "total_time": 13.285923813}, "start_time": {"time": "Tue Apr  4 08:36:52 2023\n"}, "title": "/scratch/kx58/jm0124/tempJsons/WZ108QCHD2_vclomydy4y.json", "total_energy": {"total_energy": -549.7813529289342}}