{"E(RIMP2 (OS))": {"E(RIMP2 (OS))": -1.6152758025059786}, "E(RIMP2 (SS))": {"E(RIMP2 (SS))": -0.48613490293490375}, "E(RIMP2)": {"E(RIMP2)": -2.101410705440882}, "E(RIMP2) SOS": {"E(RIMP2) SOS": -2.0998585432577723}, "Final E(HF)": {"Final E(HF)": -547.6799389737034}, "filename": "json_logs/74_1aasm8zvq4.json", "finish_time": {"time": "Tue Apr  4 07:59:02 2023\n", "total_time": 13.264893387}, "start_time": {"time": "Tue Apr  4 07:58:49 2023\n"}, "title": "/scratch/kx58/jm0124/tempJsons/74_1aasm8zvq4.json", "total_energy": {"total_energy": -549.7813496791442}}