{"E(RIMP2 (OS))": {"E(RIMP2 (OS))": -1.6161200174012873}, "E(RIMP2 (SS))": {"E(RIMP2 (SS))": -0.4868382467555207}, "E(RIMP2)": {"E(RIMP2)": -2.102958264156808}, "E(RIMP2) SOS": {"E(RIMP2) SOS": -2.1009560226216735}, "Final E(HF)": {"Final E(HF)": -547.6782633910268}, "filename": "json_logs/47_ihot1tsbef.json", "finish_time": {"time": "Tue Apr  4 07:53:12 2023\n", "total_time": 12.794870536000001}, "start_time": {"time": "Tue Apr  4 07:53:00 2023\n"}, "title": "/scratch/kx58/jm0124/tempJsons/47_ihot1tsbef.json", "total_energy": {"total_energy": -549.7812216551836}}