{"E(RIMP2 (OS))": {"E(RIMP2 (OS))": -1.5203240271188654}, "E(RIMP2 (SS))": {"E(RIMP2 (SS))": -0.5144938232704348}, "E(RIMP2)": {"E(RIMP2)": -2.0348178503893}, "E(RIMP2) SOS": {"E(RIMP2) SOS": -1.9764212352545252}, "Final E(HF)": {"Final E(HF)": -610.0098025812424}, "filename": "json_logs/7_c9rbz8cm6q.json", "finish_time": {"time": "Tue Apr  4 08:11:14 2023\n", "total_time": 15.159020816}, "start_time": {"time": "Tue Apr  4 08:10:59 2023\n"}, "title": "/scratch/kx58/jm0124/tempJsons/7_c9rbz8cm6q.json", "total_energy": {"total_energy": -612.0446204316316}}