{"E(RIMP2 (OS))": {"E(RIMP2 (OS))": -1.5195358417478448}, "E(RIMP2 (SS))": {"E(RIMP2 (SS))": -0.5139089091943517}, "E(RIMP2)": {"E(RIMP2)": -2.0334447509421967}, "E(RIMP2) SOS": {"E(RIMP2) SOS": -1.9753965942721983}, "Final E(HF)": {"Final E(HF)": -610.0101917865036}, "filename": "json_logs/ILErg7p3cjrc0.json", "finish_time": {"time": "Tue Apr  4 07:31:55 2023\n", "total_time": 14.156557677}, "start_time": {"time": "Tue Apr  4 07:31:41 2023\n"}, "title": "/scratch/kx58/jm0124/tempJsons/ILErg7p3cjrc0.json", "total_energy": {"total_energy": -612.0436365374458}}