{"E(RIMP2 (OS))": {"E(RIMP2 (OS))": -1.5196831050574442}, "E(RIMP2 (SS))": {"E(RIMP2 (SS))": -0.5140421774503897}, "E(RIMP2)": {"E(RIMP2)": -2.033725282507834}, "E(RIMP2) SOS": {"E(RIMP2) SOS": -1.9755880365746776}, "Final E(HF)": {"Final E(HF)": -610.0096459259572}, "filename": "json_logs/I49UBOJ46K_dkve9w9en2.json", "finish_time": {"time": "Tue Apr  4 08:06:38 2023\n", "total_time": 14.098075933}, "start_time": {"time": "Tue Apr  4 08:06:24 2023\n"}, "title": "/scratch/kx58/jm0124/tempJsons/I49UBOJ46K_dkve9w9en2.json", "total_energy": {"total_energy": -612.043371208465}}