{"E(RIMP2 (OS))": {"E(RIMP2 (OS))": -1.5187542534832754}, "E(RIMP2 (SS))": {"E(RIMP2 (SS))": -0.5132985604439287}, "E(RIMP2)": {"E(RIMP2)": -2.032052813927204}, "E(RIMP2) SOS": {"E(RIMP2) SOS": -1.9743805295282582}, "Final E(HF)": {"Final E(HF)": -610.0107018651956}, "filename": "json_logs/U6935XZ1UR_pzucpyig4h.json", "finish_time": {"time": "Tue Apr  4 08:30:30 2023\n", "total_time": 14.128712154}, "start_time": {"time": "Tue Apr  4 08:30:16 2023\n"}, "title": "/scratch/kx58/jm0124/tempJsons/U6935XZ1UR_pzucpyig4h.json", "total_energy": {"total_energy": -612.0427546791228}}