{"E(RIMP2 (OS))": {"E(RIMP2 (OS))": -1.519752029057527}, "E(RIMP2 (SS))": {"E(RIMP2 (SS))": -0.5141769953241245}, "E(RIMP2)": {"E(RIMP2)": -2.0339290243816515}, "E(RIMP2) SOS": {"E(RIMP2) SOS": -1.9756776377747853}, "Final E(HF)": {"Final E(HF)": -610.008789758998}, "filename": "json_logs/Z2Q15PIK3M_k6wacnvese.json", "finish_time": {"time": "Tue Apr  4 07:40:09 2023\n", "total_time": 14.967327901}, "start_time": {"time": "Tue Apr  4 07:39:54 2023\n"}, "title": "/scratch/kx58/jm0124/tempJsons/Z2Q15PIK3M_k6wacnvese.json", "total_energy": {"total_energy": -612.0427187833795}}