{"E(RIMP2 (OS))": {"E(RIMP2 (OS))": -0.7430101823953715}, "E(RIMP2 (SS))": {"E(RIMP2 (SS))": -0.24171225181326728}, "E(RIMP2)": {"E(RIMP2)": -0.9847224342086388}, "E(RIMP2) SOS": {"E(RIMP2) SOS": -0.965913237113983}, "Final E(HF)": {"Final E(HF)": -307.02887722921724}, "filename": "json_logs/B11###o0###.json", "finish_time": {"time": "Sat Feb  4 09:25:11 2023\n", "total_time": 8.103720752000001}, "start_time": {"time": "Sat Feb  4 09:25:03 2023\n"}, "title": "/scratch/kx58/jm0124/tempJsons/B11###o0###.json", "total_energy": {"total_energy": -308.0135996634259}}