{"E(RIMP2 (OS))": {"E(RIMP2 (OS))": -0.7417648799001707}, "E(RIMP2 (SS))": {"E(RIMP2 (SS))": -0.24043909632025015}, "E(RIMP2)": {"E(RIMP2)": -0.9822039762204209}, "E(RIMP2) SOS": {"E(RIMP2) SOS": -0.964294343870222}, "Final E(HF)": {"Final E(HF)": -307.02392287391865}, "filename": "json_logs/B11###o37###.json", "finish_time": {"time": "Sat Feb  4 09:24:41 2023\n", "total_time": 10.277197046}, "start_time": {"time": "Sat Feb  4 09:24:31 2023\n"}, "title": "/scratch/kx58/jm0124/tempJsons/B11###o37###.json", "total_energy": {"total_energy": -308.0061268501391}}