{"E(RIMP2 (OS))": {"E(RIMP2 (OS))": -0.7410778714855092}, "E(RIMP2 (SS))": {"E(RIMP2 (SS))": -0.23989843134310085}, "E(RIMP2)": {"E(RIMP2)": -0.98097630282861}, "E(RIMP2) SOS": {"E(RIMP2) SOS": -0.963401232931162}, "Final E(HF)": {"Final E(HF)": -307.02445689355955}, "filename": "json_logs/B11###o39###.json", "finish_time": {"time": "Sat Feb  4 09:24:41 2023\n", "total_time": 10.379465575000001}, "start_time": {"time": "Sat Feb  4 09:24:31 2023\n"}, "title": "/scratch/kx58/jm0124/tempJsons/B11###o39###.json", "total_energy": {"total_energy": -308.00543319638814}}