{"E(RIMP2 (OS))": {"E(RIMP2 (OS))": -0.7416012622355302}, "E(RIMP2 (SS))": {"E(RIMP2 (SS))": -0.2402128294421348}, "E(RIMP2)": {"E(RIMP2)": -0.981814091677665}, "E(RIMP2) SOS": {"E(RIMP2) SOS": -0.9640816409061893}, "Final E(HF)": {"Final E(HF)": -307.0240421862835}, "filename": "json_logs/B11###o40###.json", "finish_time": {"time": "Sat Feb  4 09:24:40 2023\n", "total_time": 9.416839754000002}, "start_time": {"time": "Sat Feb  4 09:24:31 2023\n"}, "title": "/scratch/kx58/jm0124/tempJsons/B11###o40###.json", "total_energy": {"total_energy": -308.0058562779612}}