{"E(RIMP2 (OS))": {"E(RIMP2 (OS))": -0.7415712316708876}, "E(RIMP2 (SS))": {"E(RIMP2 (SS))": -0.24021584477488647}, "E(RIMP2)": {"E(RIMP2)": -0.981787076445774}, "E(RIMP2) SOS": {"E(RIMP2) SOS": -0.9640426011721539}, "Final E(HF)": {"Final E(HF)": -307.02412102252345}, "filename": "json_logs/B11###o44###.json", "finish_time": {"time": "Sat Feb  4 09:24:41 2023\n", "total_time": 10.180077972}, "start_time": {"time": "Sat Feb  4 09:24:31 2023\n"}, "title": "/scratch/kx58/jm0124/tempJsons/B11###o44###.json", "total_energy": {"total_energy": -308.0059080989692}}