{"E(RIMP2 (OS))": {"E(RIMP2 (OS))": -0.7409394815694056}, "E(RIMP2 (SS))": {"E(RIMP2 (SS))": -0.23985828142572516}, "E(RIMP2)": {"E(RIMP2)": -0.9807977629951308}, "E(RIMP2) SOS": {"E(RIMP2) SOS": -0.9632213260402273}, "Final E(HF)": {"Final E(HF)": -307.02310509467065}, "filename": "json_logs/B11###o46###.json", "finish_time": {"time": "Sat Feb  4 09:24:30 2023\n", "total_time": 10.04202785}, "start_time": {"time": "Sat Feb  4 09:24:20 2023\n"}, "title": "/scratch/kx58/jm0124/tempJsons/B11###o46###.json", "total_energy": {"total_energy": -308.00390285766576}}