{"E(RIMP2 (OS))": {"E(RIMP2 (OS))": -0.7418568395078253}, "E(RIMP2 (SS))": {"E(RIMP2 (SS))": -0.24050705997405333}, "E(RIMP2)": {"E(RIMP2)": -0.9823638994818786}, "E(RIMP2) SOS": {"E(RIMP2) SOS": -0.964413891360173}, "Final E(HF)": {"Final E(HF)": -307.0233582985991}, "filename": "json_logs/B11###o50###.json", "finish_time": {"time": "Sat Feb  4 09:24:30 2023\n", "total_time": 10.350582291999999}, "start_time": {"time": "Sat Feb  4 09:24:20 2023\n"}, "title": "/scratch/kx58/jm0124/tempJsons/B11###o50###.json", "total_energy": {"total_energy": -308.00572219808095}}