{"E(RIMP2 (OS))": {"E(RIMP2 (OS))": -0.7425260292530897}, "E(RIMP2 (SS))": {"E(RIMP2 (SS))": -0.24108909892567382}, "E(RIMP2)": {"E(RIMP2)": -0.9836151281787635}, "E(RIMP2) SOS": {"E(RIMP2) SOS": -0.9652838380290167}, "Final E(HF)": {"Final E(HF)": -307.02163970716873}, "filename": "json_logs/B11###o54###.json", "finish_time": {"time": "Sat Feb  4 09:24:29 2023\n", "total_time": 9.685972798000002}, "start_time": {"time": "Sat Feb  4 09:24:20 2023\n"}, "title": "/scratch/kx58/jm0124/tempJsons/B11###o54###.json", "total_energy": {"total_energy": -308.0052548353475}}