{"E(RIMP2 (OS))": {"E(RIMP2 (OS))": -0.741981956375816}, "E(RIMP2 (SS))": {"E(RIMP2 (SS))": -0.24046659168575607}, "E(RIMP2)": {"E(RIMP2)": -0.9824485480615721}, "E(RIMP2) SOS": {"E(RIMP2) SOS": -0.9645765432885608}, "Final E(HF)": {"Final E(HF)": -307.0235188075223}, "filename": "json_logs/B11###o56###.json", "finish_time": {"time": "Sat Feb  4 09:24:30 2023\n", "total_time": 10.06412827}, "start_time": {"time": "Sat Feb  4 09:24:20 2023\n"}, "title": "/scratch/kx58/jm0124/tempJsons/B11###o56###.json", "total_energy": {"total_energy": -308.00596735558383}}