{"E(RIMP2 (OS))": {"E(RIMP2 (OS))": -0.7428622098326463}, "E(RIMP2 (SS))": {"E(RIMP2 (SS))": -0.2415130029148236}, "E(RIMP2)": {"E(RIMP2)": -0.9843752127474699}, "E(RIMP2) SOS": {"E(RIMP2) SOS": -0.9657208727824402}, "Final E(HF)": {"Final E(HF)": -307.02858087425534}, "filename": "json_logs/B11###o2###.json", "finish_time": {"time": "Sat Feb  4 09:25:10 2023\n", "total_time": 8.800241077999999}, "start_time": {"time": "Sat Feb  4 09:25:01 2023\n"}, "title": "/scratch/kx58/jm0124/tempJsons/B11###o2###.json", "total_energy": {"total_energy": -308.0129560870028}}