{"E(RIMP2 (OS))": {"E(RIMP2 (OS))": -0.7434880565185079}, "E(RIMP2 (SS))": {"E(RIMP2 (SS))": -0.24172931692937}, "E(RIMP2)": {"E(RIMP2)": -0.985217373447878}, "E(RIMP2) SOS": {"E(RIMP2) SOS": -0.9665344734740603}, "Final E(HF)": {"Final E(HF)": -307.0260601714184}, "filename": "json_logs/B11###o3###.json", "finish_time": {"time": "Sat Feb  4 09:25:03 2023\n", "total_time": 9.175756091}, "start_time": {"time": "Sat Feb  4 09:24:54 2023\n"}, "title": "/scratch/kx58/jm0124/tempJsons/B11###o3###.json", "total_energy": {"total_energy": -308.0112775448663}}