{"E(RIMP2 (OS))": {"E(RIMP2 (OS))": -0.740865206401176}, "E(RIMP2 (SS))": {"E(RIMP2 (SS))": -0.23986112003511584}, "E(RIMP2)": {"E(RIMP2)": -0.9807263264362919}, "E(RIMP2) SOS": {"E(RIMP2) SOS": -0.9631247683215288}, "Final E(HF)": {"Final E(HF)": -307.02657556924447}, "filename": "json_logs/B11###o6###.json", "finish_time": {"time": "Sat Feb  4 09:25:03 2023\n", "total_time": 9.194002768}, "start_time": {"time": "Sat Feb  4 09:24:54 2023\n"}, "title": "/scratch/kx58/jm0124/tempJsons/B11###o6###.json", "total_energy": {"total_energy": -308.00730189568077}}