{"E(RIMP2 (OS))": {"E(RIMP2 (OS))": -0.741920779234117}, "E(RIMP2 (SS))": {"E(RIMP2 (SS))": -0.24052488757027077}, "E(RIMP2)": {"E(RIMP2)": -0.9824456668043878}, "E(RIMP2) SOS": {"E(RIMP2) SOS": -0.9644970130043522}, "Final E(HF)": {"Final E(HF)": -307.025138976291}, "filename": "json_logs/B11###o7###.json", "finish_time": {"time": "Sat Feb  4 09:25:02 2023\n", "total_time": 8.774762558}, "start_time": {"time": "Sat Feb  4 09:24:53 2023\n"}, "title": "/scratch/kx58/jm0124/tempJsons/B11###o7###.json", "total_energy": {"total_energy": -308.00758464309536}}