{"E(RIMP2 (OS))": {"E(RIMP2 (OS))": -0.7432021327798312}, "E(RIMP2 (SS))": {"E(RIMP2 (SS))": -0.24161280990913478}, "E(RIMP2)": {"E(RIMP2)": -0.984814942688966}, "E(RIMP2) SOS": {"E(RIMP2) SOS": -0.9661627726137806}, "Final E(HF)": {"Final E(HF)": -307.02588661147615}, "filename": "json_logs/B11###o9###.json", "finish_time": {"time": "Sat Feb  4 09:25:00 2023\n", "total_time": 7.963342784000001}, "start_time": {"time": "Sat Feb  4 09:24:52 2023\n"}, "title": "/scratch/kx58/jm0124/tempJsons/B11###o9###.json", "total_energy": {"total_energy": -308.01070155416517}}