{"E(RIMP2 (OS))": {"E(RIMP2 (OS))": -0.7412940304449933}, "E(RIMP2 (SS))": {"E(RIMP2 (SS))": -0.24012259124667049}, "E(RIMP2)": {"E(RIMP2)": -0.9814166216916638}, "E(RIMP2) SOS": {"E(RIMP2) SOS": -0.9636822395784913}, "Final E(HF)": {"Final E(HF)": -307.02630370820134}, "filename": "json_logs/B11###o11###.json", "finish_time": {"time": "Sat Feb  4 09:24:52 2023\n", "total_time": 9.342493572}, "start_time": {"time": "Sat Feb  4 09:24:43 2023\n"}, "title": "/scratch/kx58/jm0124/tempJsons/B11###o11###.json", "total_energy": {"total_energy": -308.007720329893}}