{"E(RIMP2 (OS))": {"E(RIMP2 (OS))": -0.7408740994922888}, "E(RIMP2 (SS))": {"E(RIMP2 (SS))": -0.23984467013971114}, "E(RIMP2)": {"E(RIMP2)": -0.9807187696319999}, "E(RIMP2) SOS": {"E(RIMP2) SOS": -0.9631363293399754}, "Final E(HF)": {"Final E(HF)": -307.0258409533448}, "filename": "json_logs/B11###o13###.json", "finish_time": {"time": "Sat Feb  4 09:24:53 2023\n", "total_time": 10.354785631999999}, "start_time": {"time": "Sat Feb  4 09:24:43 2023\n"}, "title": "/scratch/kx58/jm0124/tempJsons/B11###o13###.json", "total_energy": {"total_energy": -308.0065597229768}}