{"E(RIMP2 (OS))": {"E(RIMP2 (OS))": -0.7399401140607719}, "E(RIMP2 (SS))": {"E(RIMP2 (SS))": -0.23919666203835166}, "E(RIMP2)": {"E(RIMP2)": -0.9791367760991235}, "E(RIMP2) SOS": {"E(RIMP2) SOS": -0.9619221482790035}, "Final E(HF)": {"Final E(HF)": -307.0253313610398}, "filename": "json_logs/B11###o18###.json", "finish_time": {"time": "Sat Feb  4 09:24:51 2023\n", "total_time": 8.531379784}, "start_time": {"time": "Sat Feb  4 09:24:42 2023\n"}, "title": "/scratch/kx58/jm0124/tempJsons/B11###o18###.json", "total_energy": {"total_energy": -308.0044681371389}}