{"E(RIMP2 (OS))": {"E(RIMP2 (OS))": -0.741267796849917}, "E(RIMP2 (SS))": {"E(RIMP2 (SS))": -0.24007825394086924}, "E(RIMP2)": {"E(RIMP2)": -0.9813460507907862}, "E(RIMP2) SOS": {"E(RIMP2) SOS": -0.9636481359048921}, "Final E(HF)": {"Final E(HF)": -307.02539587779324}, "filename": "json_logs/B11###o22###.json", "finish_time": {"time": "Sat Feb  4 09:24:52 2023\n", "total_time": 10.042018759000001}, "start_time": {"time": "Sat Feb  4 09:24:42 2023\n"}, "title": "/scratch/kx58/jm0124/tempJsons/B11###o22###.json", "total_energy": {"total_energy": -308.006741928584}}