{"E(RIMP2 (OS))": {"E(RIMP2 (OS))": -0.43035676856248417}, "E(RIMP2 (SS))": {"E(RIMP2 (SS))": -0.06996731608521384}, "E(RIMP2)": {"E(RIMP2)": -0.500324084647698}, "E(RIMP2) SOS": {"E(RIMP2) SOS": -0.5594637991312295}, "Final E(HF)": {"Final E(HF)": -674.4663988862969}, "filename": "json_logs/G1-112.5_yn7wbe3oow.json", "finish_time": {"time": "Fri Feb  3 18:11:04 2023\n", "total_time": 2.8804104830000004}, "start_time": {"time": "Fri Feb  3 18:11:01 2023\n"}, "title": "/scratch/kx58/jm0124/tempJsons/G1-112.5_yn7wbe3oow.json", "total_energy": {"total_energy": -674.9667229709446}}