{"E(RIMP2 (OS))": {"E(RIMP2 (OS))": -0.4306763658813157}, "E(RIMP2 (SS))": {"E(RIMP2 (SS))": -0.0701356936148832}, "E(RIMP2)": {"E(RIMP2)": -0.5008120594961989}, "E(RIMP2) SOS": {"E(RIMP2) SOS": -0.5598792756457104}, "Final E(HF)": {"Final E(HF)": -674.4656276221749}, "filename": "json_logs/U14WIHT41P_mvd774yc8h.json", "finish_time": {"time": "Fri Feb  3 18:13:03 2023\n", "total_time": 2.503426635}, "start_time": {"time": "Fri Feb  3 18:13:01 2023\n"}, "title": "/scratch/kx58/jm0124/tempJsons/U14WIHT41P_mvd774yc8h.json", "total_energy": {"total_energy": -674.9664396816712}}