{"E(RIMP2 (OS))": {"E(RIMP2 (OS))": -0.43328253288427454}, "E(RIMP2 (SS))": {"E(RIMP2 (SS))": -0.07162076137146436}, "E(RIMP2)": {"E(RIMP2)": -0.5049032942557389}, "E(RIMP2) SOS": {"E(RIMP2) SOS": -0.5632672927495569}, "Final E(HF)": {"Final E(HF)": -674.4609183400963}, "filename": "json_logs/A3TIHJI64C_s7qvjl8645.json", "finish_time": {"time": "Fri Feb  3 18:13:59 2023\n", "total_time": 2.5135317230000003}, "start_time": {"time": "Fri Feb  3 18:13:56 2023\n"}, "title": "/scratch/kx58/jm0124/tempJsons/A3TIHJI64C_s7qvjl8645.json", "total_energy": {"total_energy": -674.9658216343521}}