{"E(RIMP2 (OS))": {"E(RIMP2 (OS))": -0.43357614403485684}, "E(RIMP2 (SS))": {"E(RIMP2 (SS))": -0.07131637665852611}, "E(RIMP2)": {"E(RIMP2)": -0.504892520693383}, "E(RIMP2) SOS": {"E(RIMP2) SOS": -0.5636489872453139}, "Final E(HF)": {"Final E(HF)": -674.4551845572945}, "filename": "json_logs/WRZXXO764L_k532ofemvn.json", "finish_time": {"time": "Fri Feb  3 18:13:59 2023\n", "total_time": 2.50933872}, "start_time": {"time": "Fri Feb  3 18:13:56 2023\n"}, "title": "/scratch/kx58/jm0124/tempJsons/WRZXXO764L_k532ofemvn.json", "total_energy": {"total_energy": -674.9600770779879}}