{"E(RIMP2 (OS))": {"E(RIMP2 (OS))": -0.4303197671654567}, "E(RIMP2 (SS))": {"E(RIMP2 (SS))": -0.06970768088072515}, "E(RIMP2)": {"E(RIMP2)": -0.5000274480461819}, "E(RIMP2) SOS": {"E(RIMP2) SOS": -0.5594156973150938}, "Final E(HF)": {"Final E(HF)": -674.4638748488359}, "filename": "json_logs/U14WIHT41P_ts5o6q1t02.json", "finish_time": {"time": "Fri Feb  3 18:14:53 2023\n", "total_time": 2.718655648}, "start_time": {"time": "Fri Feb  3 18:14:50 2023\n"}, "title": "/scratch/kx58/jm0124/tempJsons/U14WIHT41P_ts5o6q1t02.json", "total_energy": {"total_energy": -674.963902296882}}