{"E(RIMP2 (OS))": {"E(RIMP2 (OS))": -0.4332716116255695}, "E(RIMP2 (SS))": {"E(RIMP2 (SS))": -0.07161362395289378}, "E(RIMP2)": {"E(RIMP2)": -0.5048852355784632}, "E(RIMP2) SOS": {"E(RIMP2) SOS": -0.5632530951132404}, "Final E(HF)": {"Final E(HF)": -674.46091358925}, "filename": "json_logs/JW7EJNUOD4_q58b9edowd.json", "finish_time": {"time": "Fri Feb  3 18:14:56 2023\n", "total_time": 2.479500336}, "start_time": {"time": "Fri Feb  3 18:14:54 2023\n"}, "title": "/scratch/kx58/jm0124/tempJsons/JW7EJNUOD4_q58b9edowd.json", "total_energy": {"total_energy": -674.9657988248284}}