{"E(RIMP2 (OS))": {"E(RIMP2 (OS))": -0.433570875475254}, "E(RIMP2 (SS))": {"E(RIMP2 (SS))": -0.0713157672756103}, "E(RIMP2)": {"E(RIMP2)": -0.5048866427508644}, "E(RIMP2) SOS": {"E(RIMP2) SOS": -0.5636421381178303}, "Final E(HF)": {"Final E(HF)": -674.4551732087723}, "filename": "json_logs/TRFPGUWXKM_v2wewdj88n.json", "finish_time": {"time": "Fri Feb  3 18:15:51 2023\n", "total_time": 2.6867773600000002}, "start_time": {"time": "Fri Feb  3 18:15:49 2023\n"}, "title": "/scratch/kx58/jm0124/tempJsons/TRFPGUWXKM_v2wewdj88n.json", "total_energy": {"total_energy": -674.960059851523}}