{"E(RIMP2 (OS))": {"E(RIMP2 (OS))": -0.43068070288448684}, "E(RIMP2 (SS))": {"E(RIMP2 (SS))": -0.07013431724707746}, "E(RIMP2)": {"E(RIMP2)": -0.5008150201315643}, "E(RIMP2) SOS": {"E(RIMP2) SOS": -0.559884913749833}, "Final E(HF)": {"Final E(HF)": -674.4656368135704}, "filename": "json_logs/U14WIHT41P_staim6khz8.json", "finish_time": {"time": "Fri Feb  3 18:15:53 2023\n", "total_time": 2.815891404}, "start_time": {"time": "Fri Feb  3 18:15:51 2023\n"}, "title": "/scratch/kx58/jm0124/tempJsons/U14WIHT41P_staim6khz8.json", "total_energy": {"total_energy": -674.966451833702}}