{"E(RIMP2 (OS))": {"E(RIMP2 (OS))": -0.43327811960309026}, "E(RIMP2 (SS))": {"E(RIMP2 (SS))": -0.07161345742758504}, "E(RIMP2)": {"E(RIMP2)": -0.5048915770306753}, "E(RIMP2) SOS": {"E(RIMP2) SOS": -0.5632615554840174}, "Final E(HF)": {"Final E(HF)": -674.4609180935869}, "filename": "json_logs/TRFPGUWXKM_8uqy0jx59b.json", "finish_time": {"time": "Fri Feb  3 18:15:52 2023\n", "total_time": 2.7848580579999997}, "start_time": {"time": "Fri Feb  3 18:15:50 2023\n"}, "title": "/scratch/kx58/jm0124/tempJsons/TRFPGUWXKM_8uqy0jx59b.json", "total_energy": {"total_energy": -674.9658096706175}}