{"E(RIMP2 (OS))": {"E(RIMP2 (OS))": -0.43329067047368}, "E(RIMP2 (SS))": {"E(RIMP2 (SS))": -0.07162037476893182}, "E(RIMP2)": {"E(RIMP2)": -0.5049110452426118}, "E(RIMP2) SOS": {"E(RIMP2) SOS": -0.563277871615784}, "Final E(HF)": {"Final E(HF)": -674.4609346956491}, "filename": "json_logs/TRFPGUWXKM_y904453ihj.json", "finish_time": {"time": "Fri Feb  3 18:16:52 2023\n", "total_time": 2.687513238}, "start_time": {"time": "Fri Feb  3 18:16:49 2023\n"}, "title": "/scratch/kx58/jm0124/tempJsons/TRFPGUWXKM_y904453ihj.json", "total_energy": {"total_energy": -674.9658457408917}}