{"E(RIMP2 (OS))": {"E(RIMP2 (OS))": -0.4335751719904836}, "E(RIMP2 (SS))": {"E(RIMP2 (SS))": -0.07131833452249077}, "E(RIMP2)": {"E(RIMP2)": -0.5048935065129744}, "E(RIMP2) SOS": {"E(RIMP2) SOS": -0.5636477235876287}, "Final E(HF)": {"Final E(HF)": -674.4551854439387}, "filename": "json_logs/TRFPGUWXKM_x3egntlj4u.json", "finish_time": {"time": "Fri Feb  3 18:16:54 2023\n", "total_time": 2.8136357690000002}, "start_time": {"time": "Fri Feb  3 18:16:51 2023\n"}, "title": "/scratch/kx58/jm0124/tempJsons/TRFPGUWXKM_x3egntlj4u.json", "total_energy": {"total_energy": -674.9600789504517}}