{"E(RIMP2 (OS))": {"E(RIMP2 (OS))": -0.4300077098281132}, "E(RIMP2 (SS))": {"E(RIMP2 (SS))": -0.069514699564814}, "E(RIMP2)": {"E(RIMP2)": -0.4995224093929272}, "E(RIMP2) SOS": {"E(RIMP2) SOS": -0.5590100227765472}, "Final E(HF)": {"Final E(HF)": -674.464761406789}, "filename": "json_logs/G1-112.5_b37u9t4f71.json", "finish_time": {"time": "Fri Feb  3 18:06:03 2023\n", "total_time": 2.6965515730000003}, "start_time": {"time": "Fri Feb  3 18:06:00 2023\n"}, "title": "/scratch/kx58/jm0124/tempJsons/G1-112.5_b37u9t4f71.json", "total_energy": {"total_energy": -674.9642838161819}}