{"E(RIMP2 (OS))": {"E(RIMP2 (OS))": -0.42993462230286916}, "E(RIMP2 (SS))": {"E(RIMP2 (SS))": -0.06948026751398104}, "E(RIMP2)": {"E(RIMP2)": -0.4994148898168502}, "E(RIMP2) SOS": {"E(RIMP2) SOS": -0.5589150089937299}, "Final E(HF)": {"Final E(HF)": -674.4645401650906}, "filename": "json_logs/G1-157.5_iw85wi5m7u.json", "finish_time": {"time": "Fri Feb  3 18:04:47 2023\n", "total_time": 2.872638228}, "start_time": {"time": "Fri Feb  3 18:04:44 2023\n"}, "title": "/scratch/kx58/jm0124/tempJsons/G1-157.5_iw85wi5m7u.json", "total_energy": {"total_energy": -674.9639550549075}}