{"E(RIMP2 (OS))": {"E(RIMP2 (OS))": -0.4313051032867514}, "E(RIMP2 (SS))": {"E(RIMP2 (SS))": -0.07015848139037874}, "E(RIMP2)": {"E(RIMP2)": -0.5014635846771301}, "E(RIMP2) SOS": {"E(RIMP2) SOS": -0.5606966342727768}, "Final E(HF)": {"Final E(HF)": -674.4616555653485}, "filename": "json_logs/G1-56.25_4ayie7vdkk.json", "finish_time": {"time": "Fri Feb  3 18:04:44 2023\n", "total_time": 2.791971746}, "start_time": {"time": "Fri Feb  3 18:04:42 2023\n"}, "title": "/scratch/kx58/jm0124/tempJsons/G1-56.25_4ayie7vdkk.json", "total_energy": {"total_energy": -674.9631191500256}}