{"E(RIMP2 (OS))": {"E(RIMP2 (OS))": -0.43186962365950915}, "E(RIMP2 (SS))": {"E(RIMP2 (SS))": -0.07047710387513653}, "E(RIMP2)": {"E(RIMP2)": -0.5023467275346457}, "E(RIMP2) SOS": {"E(RIMP2) SOS": -0.561430510757362}, "Final E(HF)": {"Final E(HF)": -674.4584231275005}, "filename": "json_logs/8_7fegcr9tjz.json", "finish_time": {"time": "Fri Feb  3 18:04:49 2023\n", "total_time": 2.4677515440000004}, "start_time": {"time": "Fri Feb  3 18:04:46 2023\n"}, "title": "/scratch/kx58/jm0124/tempJsons/8_7fegcr9tjz.json", "total_energy": {"total_energy": -674.9607698550352}}