{"E(RIMP2 (OS))": {"E(RIMP2 (OS))": -0.433664550322728}, "E(RIMP2 (SS))": {"E(RIMP2 (SS))": -0.07138164626514992}, "E(RIMP2)": {"E(RIMP2)": -0.5050461965878779}, "E(RIMP2) SOS": {"E(RIMP2) SOS": -0.5637639154195464}, "Final E(HF)": {"Final E(HF)": -674.4552410166505}, "filename": "json_logs/279PZT06TP_aolgmvr0xy.json", "finish_time": {"time": "Fri Feb  3 18:09:08 2023\n", "total_time": 2.809439095}, "start_time": {"time": "Fri Feb  3 18:09:05 2023\n"}, "title": "/scratch/kx58/jm0124/tempJsons/279PZT06TP_aolgmvr0xy.json", "total_energy": {"total_energy": -674.9602872132384}}