{"E(RIMP2 (OS))": {"E(RIMP2 (OS))": -0.4320382116717296}, "E(RIMP2 (SS))": {"E(RIMP2 (SS))": -0.07057922699026806}, "E(RIMP2)": {"E(RIMP2)": -0.5026174386619977}, "E(RIMP2) SOS": {"E(RIMP2) SOS": -0.5616496751732485}, "Final E(HF)": {"Final E(HF)": -674.4547908592398}, "filename": "json_logs/4_wyras93a8q.json", "finish_time": {"time": "Fri Feb  3 18:06:44 2023\n", "total_time": 2.851572167}, "start_time": {"time": "Fri Feb  3 18:06:41 2023\n"}, "title": "/scratch/kx58/jm0124/tempJsons/4_wyras93a8q.json", "total_energy": {"total_energy": -674.9574082979018}}