{"E(RIMP2 (OS))": {"E(RIMP2 (OS))": -0.4328693112255783}, "E(RIMP2 (SS))": {"E(RIMP2 (SS))": -0.07124515817701106}, "E(RIMP2)": {"E(RIMP2)": -0.5041144694025894}, "E(RIMP2) SOS": {"E(RIMP2) SOS": -0.5627301045932518}, "Final E(HF)": {"Final E(HF)": -674.4575362876944}, "filename": "json_logs/BGBO7PTEW1_dp37o3peu8.json", "finish_time": {"time": "Fri Feb  3 18:09:06 2023\n", "total_time": 2.4722656720000002}, "start_time": {"time": "Fri Feb  3 18:09:04 2023\n"}, "title": "/scratch/kx58/jm0124/tempJsons/BGBO7PTEW1_dp37o3peu8.json", "total_energy": {"total_energy": -674.961650757097}}