{"E(RIMP2 (OS))": {"E(RIMP2 (OS))": -0.43285939673005813}, "E(RIMP2 (SS))": {"E(RIMP2 (SS))": -0.0712513103622541}, "E(RIMP2)": {"E(RIMP2)": -0.5041107070923122}, "E(RIMP2) SOS": {"E(RIMP2) SOS": -0.5627172157490756}, "Final E(HF)": {"Final E(HF)": -674.4575168894337}, "filename": "json_logs/PJ9PPOLPH7_njzklo487u.json", "finish_time": {"time": "Fri Feb  3 18:10:02 2023\n", "total_time": 2.8015610069999997}, "start_time": {"time": "Fri Feb  3 18:09:59 2023\n"}, "title": "/scratch/kx58/jm0124/tempJsons/PJ9PPOLPH7_njzklo487u.json", "total_energy": {"total_energy": -674.961627596526}}