{"E(RIMP2 (OS))": {"E(RIMP2 (OS))": -0.7027532356087214}, "E(RIMP2 (SS))": {"E(RIMP2 (SS))": -0.20521126660412858}, "E(RIMP2)": {"E(RIMP2)": -0.90796450221285}, "E(RIMP2) SOS": {"E(RIMP2) SOS": -0.9135792062913378}, "Final E(HF)": {"Final E(HF)": -235.38463246421523}, "filename": "json_logs/8KR25INGYC_oto949wxa5.json", "finish_time": {"time": "Tue Apr  4 09:21:17 2023\n", "total_time": 7.682156883}, "start_time": {"time": "Tue Apr  4 09:21:09 2023\n"}, "title": "/scratch/kx58/jm0124/tempJsons/8KR25INGYC_oto949wxa5.json", "total_energy": {"total_energy": -236.29259696642808}}