{"E(RIMP2 (OS))": {"E(RIMP2 (OS))": -0.7033445705716779}, "E(RIMP2 (SS))": {"E(RIMP2 (SS))": -0.20565332732273967}, "E(RIMP2)": {"E(RIMP2)": -0.9089978978944175}, "E(RIMP2) SOS": {"E(RIMP2) SOS": -0.9143479417431812}, "Final E(HF)": {"Final E(HF)": -235.38278853277382}, "filename": "json_logs/EMT1D68TX7_pxhaq4qpm3.json", "finish_time": {"time": "Tue Apr  4 08:53:15 2023\n", "total_time": 7.890631868000001}, "start_time": {"time": "Tue Apr  4 08:53:07 2023\n"}, "title": "/scratch/kx58/jm0124/tempJsons/EMT1D68TX7_pxhaq4qpm3.json", "total_energy": {"total_energy": -236.29178643066825}}