{"E(RIMP2 (OS))": {"E(RIMP2 (OS))": -0.7033410413708902}, "E(RIMP2 (SS))": {"E(RIMP2 (SS))": -0.2056499813905885}, "E(RIMP2)": {"E(RIMP2)": -0.9089910227614786}, "E(RIMP2) SOS": {"E(RIMP2) SOS": -0.9143433537821573}, "Final E(HF)": {"Final E(HF)": -235.3827860658598}, "filename": "json_logs/H_ttt-261.818f2jtmrhwsj.json", "finish_time": {"time": "Tue Apr  4 08:51:05 2023\n", "total_time": 8.218156363}, "start_time": {"time": "Tue Apr  4 08:50:57 2023\n"}, "title": "/scratch/kx58/jm0124/tempJsons/H_ttt-261.818f2jtmrhwsj.json", "total_energy": {"total_energy": -236.29177708862127}}