{"E(RIMP2 (OS))": {"E(RIMP2 (OS))": -0.7032959565315107}, "E(RIMP2 (SS))": {"E(RIMP2 (SS))": -0.20561800601015814}, "E(RIMP2)": {"E(RIMP2)": -0.9089139625416688}, "E(RIMP2) SOS": {"E(RIMP2) SOS": -0.9142847434909639}, "Final E(HF)": {"Final E(HF)": -235.3828225834544}, "filename": "json_logs/RYHU89GV6U_wfci6qjavs.json", "finish_time": {"time": "Tue Apr  4 09:27:08 2023\n", "total_time": 7.5118401299999995}, "start_time": {"time": "Tue Apr  4 09:27:01 2023\n"}, "title": "/scratch/kx58/jm0124/tempJsons/RYHU89GV6U_wfci6qjavs.json", "total_energy": {"total_energy": -236.2917365459961}}