{"E(RIMP2 (OS))": {"E(RIMP2 (OS))": -0.703294470306819}, "E(RIMP2 (SS))": {"E(RIMP2 (SS))": -0.20561889018541427}, "E(RIMP2)": {"E(RIMP2)": -0.9089133604922333}, "E(RIMP2) SOS": {"E(RIMP2) SOS": -0.9142828113988648}, "Final E(HF)": {"Final E(HF)": -235.38282025514533}, "filename": "json_logs/H_ttt-327.2727wgxoxpcmk0.json", "finish_time": {"time": "Tue Apr  4 08:55:36 2023\n", "total_time": 9.201491592}, "start_time": {"time": "Tue Apr  4 08:55:27 2023\n"}, "title": "/scratch/kx58/jm0124/tempJsons/H_ttt-327.2727wgxoxpcmk0.json", "total_energy": {"total_energy": -236.29173361563755}}