{"E(RIMP2 (OS))": {"E(RIMP2 (OS))": -1.272070357416699}, "E(RIMP2 (SS))": {"E(RIMP2 (SS))": -0.47411814150842385}, "E(RIMP2)": {"E(RIMP2)": -1.7461884989251228}, "E(RIMP2) SOS": {"E(RIMP2) SOS": -1.6536914646417087}, "Final E(HF)": {"Final E(HF)": -946.7326265320885}, "filename": "json_logs/4_aon1g072m2.json", "finish_time": {"time": "Thu Feb 23 12:00:01 2023\n", "total_time": 9.190425966000001}, "start_time": {"time": "Thu Feb 23 11:59:52 2023\n"}, "title": "/scratch/kx58/jm0124/tempJsons/4_aon1g072m2.json", "total_energy": {"total_energy": -948.4788150310136}}