{"E(RIMP2 (OS))": {"E(RIMP2 (OS))": -1.272368920264938}, "E(RIMP2 (SS))": {"E(RIMP2 (SS))": -0.47435712451361645}, "E(RIMP2)": {"E(RIMP2)": -1.7467260447785544}, "E(RIMP2) SOS": {"E(RIMP2) SOS": -1.6540795963444195}, "Final E(HF)": {"Final E(HF)": -946.727919681372}, "filename": "json_logs/4_uzl8hrrddn.json", "finish_time": {"time": "Thu Feb 23 12:09:20 2023\n", "total_time": 9.879175444000001}, "start_time": {"time": "Thu Feb 23 12:09:11 2023\n"}, "title": "/scratch/kx58/jm0124/tempJsons/4_uzl8hrrddn.json", "total_energy": {"total_energy": -948.4746457261506}}