{"E(RIMP2 (OS))": {"E(RIMP2 (OS))": -1.2720770208176526}, "E(RIMP2 (SS))": {"E(RIMP2 (SS))": -0.4741216437250727}, "E(RIMP2)": {"E(RIMP2)": -1.7461986645427254}, "E(RIMP2) SOS": {"E(RIMP2) SOS": -1.6537001270629486}, "Final E(HF)": {"Final E(HF)": -946.7325845843992}, "filename": "json_logs/33_c1w1bzq7lm.json", "finish_time": {"time": "Thu Feb 23 11:48:53 2023\n", "total_time": 11.565018115}, "start_time": {"time": "Thu Feb 23 11:48:42 2023\n"}, "title": "/scratch/kx58/jm0124/tempJsons/33_c1w1bzq7lm.json", "total_energy": {"total_energy": -948.4787832489419}}