{"E(RIMP2 (OS))": {"E(RIMP2 (OS))": -1.2712783008504145}, "E(RIMP2 (SS))": {"E(RIMP2 (SS))": -0.4735365640065513}, "E(RIMP2)": {"E(RIMP2)": -1.744814864856966}, "E(RIMP2) SOS": {"E(RIMP2) SOS": -1.6526617911055388}, "Final E(HF)": {"Final E(HF)": -946.733259558809}, "filename": "json_logs/2_blgs3mfckw.json", "finish_time": {"time": "Thu Feb 23 12:06:42 2023\n", "total_time": 11.449085107}, "start_time": {"time": "Thu Feb 23 12:06:31 2023\n"}, "title": "/scratch/kx58/jm0124/tempJsons/2_blgs3mfckw.json", "total_energy": {"total_energy": -948.4780744236659}}