{"E(RIMP2 (OS))": {"E(RIMP2 (OS))": -1.2712818914069657}, "E(RIMP2 (SS))": {"E(RIMP2 (SS))": -0.4735348898001877}, "E(RIMP2)": {"E(RIMP2)": -1.7448167812071533}, "E(RIMP2) SOS": {"E(RIMP2) SOS": -1.6526664588290554}, "Final E(HF)": {"Final E(HF)": -946.7332265801278}, "filename": "json_logs/PEZ-ngpus8-1-225.0_1xntse4sv3.json", "finish_time": {"time": "Thu Feb 23 11:54:27 2023\n", "total_time": 9.935692304}, "start_time": {"time": "Thu Feb 23 11:54:17 2023\n"}, "title": "/scratch/kx58/jm0124/tempJsons/PEZ-ngpus8-1-225.0_1xntse4sv3.json", "total_energy": {"total_energy": -948.4780433613349}}