{"E(RIMP2 (OS))": {"E(RIMP2 (OS))": -1.2721935816620011}, "E(RIMP2 (SS))": {"E(RIMP2 (SS))": -0.47394326084085087}, "E(RIMP2)": {"E(RIMP2)": -1.746136842502852}, "E(RIMP2) SOS": {"E(RIMP2) SOS": -1.6538516561606016}, "Final E(HF)": {"Final E(HF)": -946.7308086531652}, "filename": "json_logs/0_ool6q94c08.json", "finish_time": {"time": "Thu Feb 23 12:17:18 2023\n", "total_time": 10.520997813000001}, "start_time": {"time": "Thu Feb 23 12:17:08 2023\n"}, "title": "/scratch/kx58/jm0124/tempJsons/0_ool6q94c08.json", "total_energy": {"total_energy": -948.4769454956681}}