{"E(RIMP2 (OS))": {"E(RIMP2 (OS))": -1.2713642048519915}, "E(RIMP2 (SS))": {"E(RIMP2 (SS))": -0.47332454975756116}, "E(RIMP2)": {"E(RIMP2)": -1.7446887546095526}, "E(RIMP2) SOS": {"E(RIMP2) SOS": -1.652773466307589}, "Final E(HF)": {"Final E(HF)": -946.7317436581858}, "filename": "json_logs/6_00izch6vh8.json", "finish_time": {"time": "Thu Feb 23 12:17:35 2023\n", "total_time": 10.624214055000001}, "start_time": {"time": "Thu Feb 23 12:17:24 2023\n"}, "title": "/scratch/kx58/jm0124/tempJsons/6_00izch6vh8.json", "total_energy": {"total_energy": -948.4764324127954}}