{"E(RIMP2 (OS))": {"E(RIMP2 (OS))": -1.2723834708085044}, "E(RIMP2 (SS))": {"E(RIMP2 (SS))": -0.4742193113890031}, "E(RIMP2)": {"E(RIMP2)": -1.7466027821975074}, "E(RIMP2) SOS": {"E(RIMP2) SOS": -1.6540985120510558}, "Final E(HF)": {"Final E(HF)": -946.7285027978592}, "filename": "json_logs/4_57h6kzqui2.json", "finish_time": {"time": "Thu Feb 23 12:04:31 2023\n", "total_time": 11.341547489}, "start_time": {"time": "Thu Feb 23 12:04:20 2023\n"}, "title": "/scratch/kx58/jm0124/tempJsons/4_57h6kzqui2.json", "total_energy": {"total_energy": -948.4751055800566}}