{"E(RIMP2 (OS))": {"E(RIMP2 (OS))": -1.2719464782688523}, "E(RIMP2 (SS))": {"E(RIMP2 (SS))": -0.47332996390648174}, "E(RIMP2)": {"E(RIMP2)": -1.7452764421753342}, "E(RIMP2) SOS": {"E(RIMP2) SOS": -1.6535304217495082}, "Final E(HF)": {"Final E(HF)": -946.7298058078298}, "filename": "json_logs/2_pfe9f23ger.json", "finish_time": {"time": "Thu Feb 23 11:50:13 2023\n", "total_time": 11.306189248999999}, "start_time": {"time": "Thu Feb 23 11:50:02 2023\n"}, "title": "/scratch/kx58/jm0124/tempJsons/2_pfe9f23ger.json", "total_energy": {"total_energy": -948.4750822500052}}