{"E(RIMP2 (OS))": {"E(RIMP2 (OS))": -1.2720221496764281}, "E(RIMP2 (SS))": {"E(RIMP2 (SS))": -0.4741265681880823}, "E(RIMP2)": {"E(RIMP2)": -1.7461487178645103}, "E(RIMP2) SOS": {"E(RIMP2) SOS": -1.6536287945793566}, "Final E(HF)": {"Final E(HF)": -946.7285058612495}, "filename": "json_logs/4_qfwcl21opg.json", "finish_time": {"time": "Thu Feb 23 12:13:31 2023\n", "total_time": 11.510702645}, "start_time": {"time": "Thu Feb 23 12:13:19 2023\n"}, "title": "/scratch/kx58/jm0124/tempJsons/4_qfwcl21opg.json", "total_energy": {"total_energy": -948.474654579114}}