{"E(RIMP2 (OS))": {"E(RIMP2 (OS))": -1.2720326148167933}, "E(RIMP2 (SS))": {"E(RIMP2 (SS))": -0.4741375397926211}, "E(RIMP2)": {"E(RIMP2)": -1.7461701546094144}, "E(RIMP2) SOS": {"E(RIMP2) SOS": -1.6536423992618314}, "Final E(HF)": {"Final E(HF)": -946.728453720203}, "filename": "json_logs/PEZ-ngpus8-1-0.0_k2gbau5592.json", "finish_time": {"time": "Thu Feb 23 11:58:05 2023\n", "total_time": 10.234877356000002}, "start_time": {"time": "Thu Feb 23 11:57:55 2023\n"}, "title": "/scratch/kx58/jm0124/tempJsons/PEZ-ngpus8-1-0.0_k2gbau5592.json", "total_energy": {"total_energy": -948.4746238748124}}