{"E(RIMP2 (OS))": {"E(RIMP2 (OS))": -7.427465055669026}, "E(RIMP2 (SS))": {"E(RIMP2 (SS))": -2.8760436238457667}, "E(RIMP2)": {"E(RIMP2)": -10.303508679514792}, "E(RIMP2) SOS": {"E(RIMP2) SOS": -9.655704572369734}, "Final E(HF)": {"Final E(HF)": -4440.430719661859}, "filename": "json_logs/GUA-ngpus4-0_0.json", "finish_time": {"time": "Tue Feb 28 17:22:07 2023\n", "total_time": 132.712450716}, "start_time": {"time": "Tue Feb 28 17:19:54 2023\n"}, "title": "/scratch/kx58/jm0124/tempJsons/GUA-ngpus4-0_0.json", "total_energy": {"total_energy": -4450.734228341374}}