{"E(RIMP2 (OS))": {"E(RIMP2 (OS))": -7.4447360231733795}, "E(RIMP2 (SS))": {"E(RIMP2 (SS))": -2.875364201582322}, "E(RIMP2)": {"E(RIMP2)": -10.320100224755702}, "E(RIMP2) SOS": {"E(RIMP2) SOS": -9.678156830125394}, "Final E(HF)": {"Final E(HF)": -4440.445969273744}, "filename": "json_logs/GUA-ngpus4-0_45.json", "finish_time": {"time": "Tue Feb 28 17:15:44 2023\n", "total_time": 112.489959989}, "start_time": {"time": "Tue Feb 28 17:13:51 2023\n"}, "title": "/scratch/kx58/jm0124/tempJsons/GUA-ngpus4-0_45.json", "total_energy": {"total_energy": -4450.7660694985}}