{"E(RIMP2 (OS))": {"E(RIMP2 (OS))": -7.3967074861164415}, "E(RIMP2 (SS))": {"E(RIMP2 (SS))": -2.85863737446714}, "E(RIMP2)": {"E(RIMP2)": -10.25534486058358}, "E(RIMP2) SOS": {"E(RIMP2) SOS": -9.615719731951375}, "Final E(HF)": {"Final E(HF)": -4440.452989909318}, "filename": "json_logs/GUA-ngpus4-0_46.json", "finish_time": {"time": "Tue Feb 28 17:16:21 2023\n", "total_time": 157.04443477299998}, "start_time": {"time": "Tue Feb 28 17:13:44 2023\n"}, "title": "/scratch/kx58/jm0124/tempJsons/GUA-ngpus4-0_46.json", "total_energy": {"total_energy": -4450.708334769902}}