{"E(RIMP2 (OS))": {"E(RIMP2 (OS))": -7.437322929921387}, "E(RIMP2 (SS))": {"E(RIMP2 (SS))": -2.8739636153217356}, "E(RIMP2)": {"E(RIMP2)": -10.311286545243123}, "E(RIMP2) SOS": {"E(RIMP2) SOS": -9.668519808897804}, "Final E(HF)": {"Final E(HF)": -4440.441714851253}, "filename": "json_logs/GUA-ngpus4-0_57.json", "finish_time": {"time": "Tue Feb 28 17:15:36 2023\n", "total_time": 114.75640376800001}, "start_time": {"time": "Tue Feb 28 17:13:42 2023\n"}, "title": "/scratch/kx58/jm0124/tempJsons/GUA-ngpus4-0_57.json", "total_energy": {"total_energy": -4450.753001396496}}