{"E(RIMP2 (OS))": {"E(RIMP2 (OS))": -7.426104320443067}, "E(RIMP2 (SS))": {"E(RIMP2 (SS))": -2.877703652425444}, "E(RIMP2)": {"E(RIMP2)": -10.303807972868512}, "E(RIMP2) SOS": {"E(RIMP2) SOS": -9.653935616575987}, "Final E(HF)": {"Final E(HF)": -4440.428666423159}, "filename": "json_logs/GUA-ngpus4-0_70.json", "finish_time": {"time": "Tue Feb 28 17:13:49 2023\n", "total_time": 120.883290519}, "start_time": {"time": "Tue Feb 28 17:11:48 2023\n"}, "title": "/scratch/kx58/jm0124/tempJsons/GUA-ngpus4-0_70.json", "total_energy": {"total_energy": -4450.732474396027}}