{"E(RIMP2 (OS))": {"E(RIMP2 (OS))": -7.447883670863049}, "E(RIMP2 (SS))": {"E(RIMP2 (SS))": -2.8802899008319365}, "E(RIMP2)": {"E(RIMP2)": -10.328173571694986}, "E(RIMP2) SOS": {"E(RIMP2) SOS": -9.682248772121964}, "Final E(HF)": {"Final E(HF)": -4440.425770828202}, "filename": "json_logs/GUA-ngpus4-0_74.json", "finish_time": {"time": "Tue Feb 28 17:13:41 2023\n", "total_time": 117.46600384999999}, "start_time": {"time": "Tue Feb 28 17:11:44 2023\n"}, "title": "/scratch/kx58/jm0124/tempJsons/GUA-ngpus4-0_74.json", "total_energy": {"total_energy": -4450.753944399897}}