{"E(RIMP2 (OS))": {"E(RIMP2 (OS))": -7.413604820277318}, "E(RIMP2 (SS))": {"E(RIMP2 (SS))": -2.8712005282300446}, "E(RIMP2)": {"E(RIMP2)": -10.284805348507362}, "E(RIMP2) SOS": {"E(RIMP2) SOS": -9.637686266360515}, "Final E(HF)": {"Final E(HF)": -4440.428087079066}, "filename": "json_logs/GUA-ngpus4-0_75.json", "finish_time": {"time": "Tue Feb 28 17:13:54 2023\n", "total_time": 140.237629453}, "start_time": {"time": "Tue Feb 28 17:11:34 2023\n"}, "title": "/scratch/kx58/jm0124/tempJsons/GUA-ngpus4-0_75.json", "total_energy": {"total_energy": -4450.712892427574}}