{"E(RIMP2 (OS))": {"E(RIMP2 (OS))": -7.426504940342705}, "E(RIMP2 (SS))": {"E(RIMP2 (SS))": -2.873939887149872}, "E(RIMP2)": {"E(RIMP2)": -10.300444827492576}, "E(RIMP2) SOS": {"E(RIMP2) SOS": -9.654456422445516}, "Final E(HF)": {"Final E(HF)": -4440.41574746207}, "filename": "json_logs/GUA-ngpus4-0_80.json", "finish_time": {"time": "Tue Feb 28 17:13:39 2023\n", "total_time": 132.166742253}, "start_time": {"time": "Tue Feb 28 17:11:27 2023\n"}, "title": "/scratch/kx58/jm0124/tempJsons/GUA-ngpus4-0_80.json", "total_energy": {"total_energy": -4450.716192289563}}