{"E(RIMP2 (OS))": {"E(RIMP2 (OS))": -7.445650323625231}, "E(RIMP2 (SS))": {"E(RIMP2 (SS))": -2.881826575708129}, "E(RIMP2)": {"E(RIMP2)": -10.32747689933336}, "E(RIMP2) SOS": {"E(RIMP2) SOS": -9.679345420712801}, "Final E(HF)": {"Final E(HF)": -4440.425489753374}, "filename": "json_logs/GUA-ngpus4-0_83.json", "finish_time": {"time": "Tue Feb 28 17:11:24 2023\n", "total_time": 117.25304550700001}, "start_time": {"time": "Tue Feb 28 17:09:28 2023\n"}, "title": "/scratch/kx58/jm0124/tempJsons/GUA-ngpus4-0_83.json", "total_energy": {"total_energy": -4450.752966652707}}