{"E(RIMP2 (OS))": {"E(RIMP2 (OS))": -7.444425700117086}, "E(RIMP2 (SS))": {"E(RIMP2 (SS))": -2.880741834488509}, "E(RIMP2)": {"E(RIMP2)": -10.325167534605594}, "E(RIMP2) SOS": {"E(RIMP2) SOS": -9.677753410152212}, "Final E(HF)": {"Final E(HF)": -4440.414594646127}, "filename": "json_logs/GUA-ngpus4-0_84.json", "finish_time": {"time": "Tue Feb 28 17:11:46 2023\n", "total_time": 138.42827975}, "start_time": {"time": "Tue Feb 28 17:09:28 2023\n"}, "title": "/scratch/kx58/jm0124/tempJsons/GUA-ngpus4-0_84.json", "total_energy": {"total_energy": -4450.739762180732}}