{"E(RIMP2 (OS))": {"E(RIMP2 (OS))": -7.409627288191457}, "E(RIMP2 (SS))": {"E(RIMP2 (SS))": -2.8694971204869737}, "E(RIMP2)": {"E(RIMP2)": -10.279124408678431}, "E(RIMP2) SOS": {"E(RIMP2) SOS": -9.632515474648894}, "Final E(HF)": {"Final E(HF)": -4440.440086694192}, "filename": "json_logs/GUA-ngpus4-0_85.json", "finish_time": {"time": "Tue Feb 28 17:11:42 2023\n", "total_time": 134.476944436}, "start_time": {"time": "Tue Feb 28 17:09:28 2023\n"}, "title": "/scratch/kx58/jm0124/tempJsons/GUA-ngpus4-0_85.json", "total_energy": {"total_energy": -4450.719211102871}}