{"E(RIMP2 (OS))": {"E(RIMP2 (OS))": -7.416897538211026}, "E(RIMP2 (SS))": {"E(RIMP2 (SS))": -2.87121021624438}, "E(RIMP2)": {"E(RIMP2)": -10.288107754455407}, "E(RIMP2) SOS": {"E(RIMP2) SOS": -9.641966799674334}, "Final E(HF)": {"Final E(HF)": -4440.43456349084}, "filename": "json_logs/GUA-ngpus4-0_2.json", "finish_time": {"time": "Tue Feb 28 17:20:40 2023\n", "total_time": 119.715905358}, "start_time": {"time": "Tue Feb 28 17:18:40 2023\n"}, "title": "/scratch/kx58/jm0124/tempJsons/GUA-ngpus4-0_2.json", "total_energy": {"total_energy": -4450.722671245296}}