{"E(RIMP2 (OS))": {"E(RIMP2 (OS))": -7.454692928524649}, "E(RIMP2 (SS))": {"E(RIMP2 (SS))": -2.887113170633719}, "E(RIMP2)": {"E(RIMP2)": -10.341806099158369}, "E(RIMP2) SOS": {"E(RIMP2) SOS": -9.691100807082044}, "Final E(HF)": {"Final E(HF)": -4440.416475828415}, "filename": "json_logs/GUA-ngpus4-0_87.json", "finish_time": {"time": "Tue Feb 28 17:11:31 2023\n", "total_time": 124.11340441600001}, "start_time": {"time": "Tue Feb 28 17:09:28 2023\n"}, "title": "/scratch/kx58/jm0124/tempJsons/GUA-ngpus4-0_87.json", "total_energy": {"total_energy": -4450.758281927573}}