{"E(RIMP2 (OS))": {"E(RIMP2 (OS))": -7.4056855645644735}, "E(RIMP2 (SS))": {"E(RIMP2 (SS))": -2.86708577822237}, "E(RIMP2)": {"E(RIMP2)": -10.272771342786843}, "E(RIMP2) SOS": {"E(RIMP2) SOS": -9.627391233933816}, "Final E(HF)": {"Final E(HF)": -4440.431360987623}, "filename": "json_logs/GUA-ngpus4-0_8.json", "finish_time": {"time": "Tue Feb 28 17:20:39 2023\n", "total_time": 136.941662261}, "start_time": {"time": "Tue Feb 28 17:18:22 2023\n"}, "title": "/scratch/kx58/jm0124/tempJsons/GUA-ngpus4-0_8.json", "total_energy": {"total_energy": -4450.70413233041}}