{"E(RIMP2 (OS))": {"E(RIMP2 (OS))": -7.4524636488560265}, "E(RIMP2 (SS))": {"E(RIMP2 (SS))": -2.8814762181297042}, "E(RIMP2)": {"E(RIMP2)": -10.33393986698573}, "E(RIMP2) SOS": {"E(RIMP2) SOS": -9.688202743512834}, "Final E(HF)": {"Final E(HF)": -4440.436957524649}, "filename": "json_logs/GUA-ngpus4-0_15.json", "finish_time": {"time": "Tue Feb 28 17:19:51 2023\n", "total_time": 112.633157255}, "start_time": {"time": "Tue Feb 28 17:17:59 2023\n"}, "title": "/scratch/kx58/jm0124/tempJsons/GUA-ngpus4-0_15.json", "total_energy": {"total_energy": -4450.770897391635}}