{"E(RIMP2 (OS))": {"E(RIMP2 (OS))": -7.453101408233226}, "E(RIMP2 (SS))": {"E(RIMP2 (SS))": -2.8851160247815475}, "E(RIMP2)": {"E(RIMP2)": -10.338217433014773}, "E(RIMP2) SOS": {"E(RIMP2) SOS": -9.689031830703195}, "Final E(HF)": {"Final E(HF)": -4440.422098240553}, "filename": "json_logs/GUA-ngpus4-0_22.json", "finish_time": {"time": "Tue Feb 28 17:19:58 2023\n", "total_time": 125.662263922}, "start_time": {"time": "Tue Feb 28 17:17:52 2023\n"}, "title": "/scratch/kx58/jm0124/tempJsons/GUA-ngpus4-0_22.json", "total_energy": {"total_energy": -4450.760315673568}}