{"E(RIMP2 (OS))": {"E(RIMP2 (OS))": -7.408759850598098}, "E(RIMP2 (SS))": {"E(RIMP2 (SS))": -2.869688086455781}, "E(RIMP2)": {"E(RIMP2)": -10.27844793705388}, "E(RIMP2) SOS": {"E(RIMP2) SOS": -9.631387805777527}, "Final E(HF)": {"Final E(HF)": -4440.431763830418}, "filename": "json_logs/GUA-ngpus4-0_25.json", "finish_time": {"time": "Tue Feb 28 17:18:37 2023\n", "total_time": 134.31246968899998}, "start_time": {"time": "Tue Feb 28 17:16:23 2023\n"}, "title": "/scratch/kx58/jm0124/tempJsons/GUA-ngpus4-0_25.json", "total_energy": {"total_energy": -4450.710211767472}}