{"E(RIMP2 (OS))": {"E(RIMP2 (OS))": -7.420076031254647}, "E(RIMP2 (SS))": {"E(RIMP2 (SS))": -2.8721519136769795}, "E(RIMP2)": {"E(RIMP2)": -10.292227944931627}, "E(RIMP2) SOS": {"E(RIMP2) SOS": -9.64609884063104}, "Final E(HF)": {"Final E(HF)": -4440.4378864530645}, "filename": "json_logs/GUA-ngpus4-0_26.json", "finish_time": {"time": "Tue Feb 28 17:18:20 2023\n", "total_time": 122.50122760400001}, "start_time": {"time": "Tue Feb 28 17:16:18 2023\n"}, "title": "/scratch/kx58/jm0124/tempJsons/GUA-ngpus4-0_26.json", "total_energy": {"total_energy": -4450.730114397996}}