{"E(RIMP2 (OS))": {"E(RIMP2 (OS))": -7.4045971818285}, "E(RIMP2 (SS))": {"E(RIMP2 (SS))": -2.8657572203254773}, "E(RIMP2)": {"E(RIMP2)": -10.270354402153977}, "E(RIMP2) SOS": {"E(RIMP2) SOS": -9.62597633637705}, "Final E(HF)": {"Final E(HF)": -4440.411391597547}, "filename": "json_logs/GUA-ngpus4-0_29.json", "finish_time": {"time": "Tue Feb 28 17:17:50 2023\n", "total_time": 123.79392460100001}, "start_time": {"time": "Tue Feb 28 17:15:46 2023\n"}, "title": "/scratch/kx58/jm0124/tempJsons/GUA-ngpus4-0_29.json", "total_energy": {"total_energy": -4450.681745999701}}