{"E(RIMP2 (OS))": {"E(RIMP2 (OS))": -7.4039351713439014}, "E(RIMP2 (SS))": {"E(RIMP2 (SS))": -2.867285429317824}, "E(RIMP2)": {"E(RIMP2)": -10.271220600661724}, "E(RIMP2) SOS": {"E(RIMP2) SOS": -9.625115722747072}, "Final E(HF)": {"Final E(HF)": -4440.424099325624}, "filename": "json_logs/GUA-ngpus4-0_32.json", "finish_time": {"time": "Tue Feb 28 17:17:56 2023\n", "total_time": 137.949474238}, "start_time": {"time": "Tue Feb 28 17:15:39 2023\n"}, "title": "/scratch/kx58/jm0124/tempJsons/GUA-ngpus4-0_32.json", "total_energy": {"total_energy": -4450.695319926286}}