{"E(RIMP2 (OS))": {"E(RIMP2 (OS))": -7.399690171986956}, "E(RIMP2 (SS))": {"E(RIMP2 (SS))": -2.8630737874007957}, "E(RIMP2)": {"E(RIMP2)": -10.262763959387751}, "E(RIMP2) SOS": {"E(RIMP2) SOS": -9.619597223583042}, "Final E(HF)": {"Final E(HF)": -4440.431803782636}, "filename": "json_logs/GUA-ngpus4-0_35.json", "finish_time": {"time": "Tue Feb 28 17:16:15 2023\n", "total_time": 138.822403023}, "start_time": {"time": "Tue Feb 28 17:13:56 2023\n"}, "title": "/scratch/kx58/jm0124/tempJsons/GUA-ngpus4-0_35.json", "total_energy": {"total_energy": -4450.6945677420235}}