{"E(RIMP2 (OS))": {"E(RIMP2 (OS))": -3.520224586908521}, "E(RIMP2 (SS))": {"E(RIMP2 (SS))": -1.362255956832214}, "E(RIMP2)": {"E(RIMP2)": -4.882480543740735}, "E(RIMP2) SOS": {"E(RIMP2) SOS": -4.576291962981077}, "Final E(HF)": {"Final E(HF)": -2636.0840757181622}, "filename": "json_logs/10_niihwlvt17.json", "finish_time": {"time": "Fri Feb 24 20:42:28 2023\n", "total_time": 22.590110539}, "start_time": {"time": "Fri Feb 24 20:42:06 2023\n"}, "title": "/scratch/kx58/jm0124/tempJsons/10_niihwlvt17.json", "total_energy": {"total_energy": -2640.966556261903}}