{"E(RIMP2 (OS))": {"E(RIMP2 (OS))": -3.522901506304137}, "E(RIMP2 (SS))": {"E(RIMP2 (SS))": -1.3644783870891755}, "E(RIMP2)": {"E(RIMP2)": -4.887379893393312}, "E(RIMP2) SOS": {"E(RIMP2) SOS": -4.579771958195378}, "Final E(HF)": {"Final E(HF)": -2636.0681869037026}, "filename": "json_logs/8_81nuc3oa0k.json", "finish_time": {"time": "Fri Feb 24 20:42:47 2023\n", "total_time": 19.996196741}, "start_time": {"time": "Fri Feb 24 20:42:27 2023\n"}, "title": "/scratch/kx58/jm0124/tempJsons/8_81nuc3oa0k.json", "total_energy": {"total_energy": -2640.955566797096}}