{"E(RIMP2 (OS))": {"E(RIMP2 (OS))": -3.5187960935597618}, "E(RIMP2 (SS))": {"E(RIMP2 (SS))": -1.361399191250906}, "E(RIMP2)": {"E(RIMP2)": -4.880195284810668}, "E(RIMP2) SOS": {"E(RIMP2) SOS": -4.574434921627691}, "Final E(HF)": {"Final E(HF)": -2636.0744110386913}, "filename": "json_logs/3_lymcjuxeil.json", "finish_time": {"time": "Fri Feb 24 20:43:11 2023\n", "total_time": 20.709548350000002}, "start_time": {"time": "Fri Feb 24 20:42:50 2023\n"}, "title": "/scratch/kx58/jm0124/tempJsons/3_lymcjuxeil.json", "total_energy": {"total_energy": -2640.9546063235016}}