{"E(RIMP2 (OS))": {"E(RIMP2 (OS))": -3.5119831274276447}, "E(RIMP2 (SS))": {"E(RIMP2 (SS))": -1.3554698811434158}, "E(RIMP2)": {"E(RIMP2)": -4.867453008571061}, "E(RIMP2) SOS": {"E(RIMP2) SOS": -4.565578065655938}, "Final E(HF)": {"Final E(HF)": -2636.086772352738}, "filename": "json_logs/ANP-ngpus4-0-180.0_tm4vpoyz9m.json", "finish_time": {"time": "Fri Feb 24 20:48:12 2023\n", "total_time": 21.823557944}, "start_time": {"time": "Fri Feb 24 20:47:50 2023\n"}, "title": "/scratch/kx58/jm0124/tempJsons/ANP-ngpus4-0-180.0_tm4vpoyz9m.json", "total_energy": {"total_energy": -2640.9542253613095}}