{"E(RIMP2 (OS))": {"E(RIMP2 (OS))": -3.5130733627613977}, "E(RIMP2 (SS))": {"E(RIMP2 (SS))": -1.3560325044346817}, "E(RIMP2)": {"E(RIMP2)": -4.86910586719608}, "E(RIMP2) SOS": {"E(RIMP2) SOS": -4.566995371589817}, "Final E(HF)": {"Final E(HF)": -2636.084992327759}, "filename": "json_logs/12_r3awm2cthg.json", "finish_time": {"time": "Fri Feb 24 20:47:54 2023\n", "total_time": 19.937961252}, "start_time": {"time": "Fri Feb 24 20:47:34 2023\n"}, "title": "/scratch/kx58/jm0124/tempJsons/12_r3awm2cthg.json", "total_energy": {"total_energy": -2640.9540981949553}}