{"E(RIMP2 (OS))": {"E(RIMP2 (OS))": -3.517445757718203}, "E(RIMP2 (SS))": {"E(RIMP2 (SS))": -1.3584053375629406}, "E(RIMP2)": {"E(RIMP2)": -4.875851095281144}, "E(RIMP2) SOS": {"E(RIMP2) SOS": -4.572679485033664}, "Final E(HF)": {"Final E(HF)": -2636.0786411769313}, "filename": "json_logs/40_mjfl7p3kxz.json", "finish_time": {"time": "Fri Feb 24 20:41:35 2023\n", "total_time": 19.542316972000002}, "start_time": {"time": "Fri Feb 24 20:41:15 2023\n"}, "title": "/scratch/kx58/jm0124/tempJsons/40_mjfl7p3kxz.json", "total_energy": {"total_energy": -2640.9544922722125}}