{"E(RIMP2 (OS))": {"E(RIMP2 (OS))": -3.5166125494313403}, "E(RIMP2 (SS))": {"E(RIMP2 (SS))": -1.3585588172896073}, "E(RIMP2)": {"E(RIMP2)": -4.875171366720948}, "E(RIMP2) SOS": {"E(RIMP2) SOS": -4.571596314260742}, "Final E(HF)": {"Final E(HF)": -2636.077823811812}, "filename": "json_logs/48_dd4cm1j9yd.json", "finish_time": {"time": "Fri Feb 24 20:41:14 2023\n", "total_time": 22.269089133}, "start_time": {"time": "Fri Feb 24 20:40:52 2023\n"}, "title": "/scratch/kx58/jm0124/tempJsons/48_dd4cm1j9yd.json", "total_energy": {"total_energy": -2640.952995178533}}