{"E(RIMP2 (OS))": {"E(RIMP2 (OS))": -3.5149488627368437}, "E(RIMP2 (SS))": {"E(RIMP2 (SS))": -1.3568284025030464}, "E(RIMP2)": {"E(RIMP2)": -4.87177726523989}, "E(RIMP2) SOS": {"E(RIMP2) SOS": -4.569433521557897}, "Final E(HF)": {"Final E(HF)": -2636.079800069765}, "filename": "json_logs/14_9akz7qhl2v.json", "finish_time": {"time": "Fri Feb 24 20:42:20 2023\n", "total_time": 21.621218283999998}, "start_time": {"time": "Fri Feb 24 20:41:59 2023\n"}, "title": "/scratch/kx58/jm0124/tempJsons/14_9akz7qhl2v.json", "total_energy": {"total_energy": -2640.951577335005}}