{"E(RIMP2 (OS))": {"E(RIMP2 (OS))": -3.5205473548210398}, "E(RIMP2 (SS))": {"E(RIMP2 (SS))": -1.3613724530491076}, "E(RIMP2)": {"E(RIMP2)": -4.881919807870148}, "E(RIMP2) SOS": {"E(RIMP2) SOS": -4.576711561267352}, "Final E(HF)": {"Final E(HF)": -2636.069798715821}, "filename": "json_logs/54_1hcznm8fwy.json", "finish_time": {"time": "Fri Feb 24 20:45:23 2023\n", "total_time": 21.525056806000002}, "start_time": {"time": "Fri Feb 24 20:45:02 2023\n"}, "title": "/scratch/kx58/jm0124/tempJsons/54_1hcznm8fwy.json", "total_energy": {"total_energy": -2640.9517185236914}}