{"E(RIMP2 (OS))": {"E(RIMP2 (OS))": -3.517059382387527}, "E(RIMP2 (SS))": {"E(RIMP2 (SS))": -1.358839064881774}, "E(RIMP2)": {"E(RIMP2)": -4.875898447269301}, "E(RIMP2) SOS": {"E(RIMP2) SOS": -4.572177197103786}, "Final E(HF)": {"Final E(HF)": -2636.0754591977}, "filename": "json_logs/7_cf2kas737s.json", "finish_time": {"time": "Fri Feb 24 20:42:54 2023\n", "total_time": 22.332207352}, "start_time": {"time": "Fri Feb 24 20:42:32 2023\n"}, "title": "/scratch/kx58/jm0124/tempJsons/7_cf2kas737s.json", "total_energy": {"total_energy": -2640.95135764497}}