{"E(RIMP2 (OS))": {"E(RIMP2 (OS))": -3.517254018096808}, "E(RIMP2 (SS))": {"E(RIMP2 (SS))": -1.3592060865444133}, "E(RIMP2)": {"E(RIMP2)": -4.876460104641222}, "E(RIMP2) SOS": {"E(RIMP2) SOS": -4.57243022352585}, "Final E(HF)": {"Final E(HF)": -2636.074615383829}, "filename": "json_logs/13_bc97lwn62g.json", "finish_time": {"time": "Fri Feb 24 20:42:28 2023\n", "total_time": 22.481439314}, "start_time": {"time": "Fri Feb 24 20:42:06 2023\n"}, "title": "/scratch/kx58/jm0124/tempJsons/13_bc97lwn62g.json", "total_energy": {"total_energy": -2640.9510754884705}}