{"E(RIMP2 (OS))": {"E(RIMP2 (OS))": -3.519595010217946}, "E(RIMP2 (SS))": {"E(RIMP2 (SS))": -1.360542812278138}, "E(RIMP2)": {"E(RIMP2)": -4.880137822496084}, "E(RIMP2) SOS": {"E(RIMP2) SOS": -4.57547351328333}, "Final E(HF)": {"Final E(HF)": -2636.0841477969543}, "filename": "json_logs/39_f3zohrtasg.json", "finish_time": {"time": "Fri Feb 24 20:46:40 2023\n", "total_time": 20.240661364}, "start_time": {"time": "Fri Feb 24 20:46:20 2023\n"}, "title": "/scratch/kx58/jm0124/tempJsons/39_f3zohrtasg.json", "total_energy": {"total_energy": -2640.9642856194505}}