{"E(RIMP2 (OS))": {"E(RIMP2 (OS))": -3.5216540989293814}, "E(RIMP2 (SS))": {"E(RIMP2 (SS))": -1.3632347102369629}, "E(RIMP2)": {"E(RIMP2)": -4.884888809166345}, "E(RIMP2) SOS": {"E(RIMP2) SOS": -4.578150328608196}, "Final E(HF)": {"Final E(HF)": -2636.0761279667595}, "filename": "json_logs/3_97yhoftgv2.json", "finish_time": {"time": "Fri Feb 24 20:48:15 2023\n", "total_time": 20.273683763}, "start_time": {"time": "Fri Feb 24 20:47:55 2023\n"}, "title": "/scratch/kx58/jm0124/tempJsons/3_97yhoftgv2.json", "total_energy": {"total_energy": -2640.961016775926}}