{"E(RIMP2 (OS))": {"E(RIMP2 (OS))": -3.517930249670963}, "E(RIMP2 (SS))": {"E(RIMP2 (SS))": -1.359876786767692}, "E(RIMP2)": {"E(RIMP2)": -4.8778070364386545}, "E(RIMP2) SOS": {"E(RIMP2) SOS": -4.573309324572252}, "Final E(HF)": {"Final E(HF)": -2636.0830510766273}, "filename": "json_logs/ANP-ngpus4-0-90.0_48s3tjns4y.json", "finish_time": {"time": "Fri Feb 24 20:40:23 2023\n", "total_time": 22.607984992000002}, "start_time": {"time": "Fri Feb 24 20:40:01 2023\n"}, "title": "/scratch/kx58/jm0124/tempJsons/ANP-ngpus4-0-90.0_48s3tjns4y.json", "total_energy": {"total_energy": -2640.9608581130656}}