{"E(RIMP2 (OS))": {"E(RIMP2 (OS))": -3.5301025359816647}, "E(RIMP2 (SS))": {"E(RIMP2 (SS))": -1.3684278340788194}, "E(RIMP2)": {"E(RIMP2)": -4.8985303700604845}, "E(RIMP2) SOS": {"E(RIMP2) SOS": -4.589133296776164}, "Final E(HF)": {"Final E(HF)": -2636.062970818447}, "filename": "json_logs/39_ilk5cscfyg.json", "finish_time": {"time": "Fri Feb 24 20:41:40 2023\n", "total_time": 22.628176894}, "start_time": {"time": "Fri Feb 24 20:41:18 2023\n"}, "title": "/scratch/kx58/jm0124/tempJsons/39_ilk5cscfyg.json", "total_energy": {"total_energy": -2640.9615011885076}}