{"E(RIMP2 (OS))": {"E(RIMP2 (OS))": -3.5287815910422924}, "E(RIMP2 (SS))": {"E(RIMP2 (SS))": -1.36765809714308}, "E(RIMP2)": {"E(RIMP2)": -4.896439688185373}, "E(RIMP2) SOS": {"E(RIMP2) SOS": -4.5874160683549805}, "Final E(HF)": {"Final E(HF)": -2636.064113981788}, "filename": "json_logs/ANP-ngpus4-0-270.0_j7rzn67fxt.json", "finish_time": {"time": "Fri Feb 24 20:45:43 2023\n", "total_time": 19.913041091}, "start_time": {"time": "Fri Feb 24 20:45:24 2023\n"}, "title": "/scratch/kx58/jm0124/tempJsons/ANP-ngpus4-0-270.0_j7rzn67fxt.json", "total_energy": {"total_energy": -2640.9605536699737}}