{"E(RIMP2 (OS))": {"E(RIMP2 (OS))": -3.517016696700915}, "E(RIMP2 (SS))": {"E(RIMP2 (SS))": -1.3598462145057892}, "E(RIMP2)": {"E(RIMP2)": -4.876862911206704}, "E(RIMP2) SOS": {"E(RIMP2) SOS": -4.57212170571119}, "Final E(HF)": {"Final E(HF)": -2636.0815037192415}, "filename": "json_logs/54_oyghf4fj3y.json", "finish_time": {"time": "Fri Feb 24 20:40:48 2023\n", "total_time": 20.868016153}, "start_time": {"time": "Fri Feb 24 20:40:28 2023\n"}, "title": "/scratch/kx58/jm0124/tempJsons/54_oyghf4fj3y.json", "total_energy": {"total_energy": -2640.9583666304484}}