{"E(RIMP2 (OS))": {"E(RIMP2 (OS))": -3.5266137112255134}, "E(RIMP2 (SS))": {"E(RIMP2 (SS))": -1.3660872869250773}, "E(RIMP2)": {"E(RIMP2)": -4.892700998150591}, "E(RIMP2) SOS": {"E(RIMP2) SOS": -4.584597824593168}, "Final E(HF)": {"Final E(HF)": -2636.065860741787}, "filename": "json_logs/39_wci96t69we.json", "finish_time": {"time": "Fri Feb 24 20:48:37 2023\n", "total_time": 22.832389644}, "start_time": {"time": "Fri Feb 24 20:48:15 2023\n"}, "title": "/scratch/kx58/jm0124/tempJsons/39_wci96t69we.json", "total_energy": {"total_energy": -2640.9585617399375}}