{"E(RIMP2 (OS))": {"E(RIMP2 (OS))": -3.521118058424875}, "E(RIMP2 (SS))": {"E(RIMP2 (SS))": -1.3623987401488096}, "E(RIMP2)": {"E(RIMP2)": -4.883516798573685}, "E(RIMP2) SOS": {"E(RIMP2) SOS": -4.577453475952338}, "Final E(HF)": {"Final E(HF)": -2636.073623985748}, "filename": "json_logs/60_bxzpzhmrlt.json", "finish_time": {"time": "Fri Feb 24 20:46:41 2023\n", "total_time": 20.891557087000002}, "start_time": {"time": "Fri Feb 24 20:46:20 2023\n"}, "title": "/scratch/kx58/jm0124/tempJsons/60_bxzpzhmrlt.json", "total_energy": {"total_energy": -2640.9571407843214}}