{"E(RIMP2 (OS))": {"E(RIMP2 (OS))": -3.5149613983967334}, "E(RIMP2 (SS))": {"E(RIMP2 (SS))": -1.3574124913974763}, "E(RIMP2)": {"E(RIMP2)": -4.8723738897942095}, "E(RIMP2) SOS": {"E(RIMP2) SOS": -4.569449817915753}, "Final E(HF)": {"Final E(HF)": -2636.0834118846906}, "filename": "json_logs/40_fr8b2tuphh.json", "finish_time": {"time": "Fri Feb 24 20:46:32 2023\n", "total_time": 21.261525728000002}, "start_time": {"time": "Fri Feb 24 20:46:11 2023\n"}, "title": "/scratch/kx58/jm0124/tempJsons/40_fr8b2tuphh.json", "total_energy": {"total_energy": -2640.955785774485}}