{"E(RIMP2 (OS))": {"E(RIMP2 (OS))": -1.455586367890836}, "E(RIMP2 (SS))": {"E(RIMP2 (SS))": -0.45166348943247414}, "E(RIMP2)": {"E(RIMP2)": -1.9072498573233103}, "E(RIMP2) SOS": {"E(RIMP2) SOS": -1.892262278258087}, "Final E(HF)": {"Final E(HF)": -547.639629341117}, "filename": "json_logs/74_2wcva1ll0k.json", "finish_time": {"time": "Mon Apr  3 12:37:51 2023\n", "total_time": 5.539614879}, "start_time": {"time": "Mon Apr  3 12:37:45 2023\n"}, "title": "/scratch/kx58/jm0124/tempJsons/74_2wcva1ll0k.json", "total_energy": {"total_energy": -549.5468791984404}}