{"E(RIMP2 (OS))": {"E(RIMP2 (OS))": -1.4555490861596123}, "E(RIMP2 (SS))": {"E(RIMP2 (SS))": -0.4516291643750071}, "E(RIMP2)": {"E(RIMP2)": -1.9071782505346193}, "E(RIMP2) SOS": {"E(RIMP2) SOS": -1.892213812007496}, "Final E(HF)": {"Final E(HF)": -547.6396764935685}, "filename": "json_logs/DS2TLJ6NY6_49tz47d53f.json", "finish_time": {"time": "Mon Apr  3 13:11:53 2023\n", "total_time": 5.719915477}, "start_time": {"time": "Mon Apr  3 13:11:47 2023\n"}, "title": "/scratch/kx58/jm0124/tempJsons/DS2TLJ6NY6_49tz47d53f.json", "total_energy": {"total_energy": -549.5468547441031}}