{"E(RIMP2 (OS))": {"E(RIMP2 (OS))": -1.4555414170893273}, "E(RIMP2 (SS))": {"E(RIMP2 (SS))": -0.45162182471540807}, "E(RIMP2)": {"E(RIMP2)": -1.9071632418047353}, "E(RIMP2) SOS": {"E(RIMP2) SOS": -1.8922038422161256}, "Final E(HF)": {"Final E(HF)": -547.6396566344831}, "filename": "json_logs/K49JZ3935G_foqqmlj5zf.json", "finish_time": {"time": "Mon Apr  3 12:37:50 2023\n", "total_time": 6.161889294}, "start_time": {"time": "Mon Apr  3 12:37:44 2023\n"}, "title": "/scratch/kx58/jm0124/tempJsons/K49JZ3935G_foqqmlj5zf.json", "total_energy": {"total_energy": -549.5468198762878}}