{"E(RIMP2 (OS))": {"E(RIMP2 (OS))": -1.4605419818053902}, "E(RIMP2 (SS))": {"E(RIMP2 (SS))": -0.4557388908484581}, "E(RIMP2)": {"E(RIMP2)": -1.9162808726538483}, "E(RIMP2) SOS": {"E(RIMP2) SOS": -1.8987045763470074}, "Final E(HF)": {"Final E(HF)": -547.6306769778721}, "filename": "json_logs/RXM841NL9P_wzg9glp1t7.json", "finish_time": {"time": "Mon Apr  3 13:43:33 2023\n", "total_time": 6.055444394}, "start_time": {"time": "Mon Apr  3 13:43:27 2023\n"}, "title": "/scratch/kx58/jm0124/tempJsons/RXM841NL9P_wzg9glp1t7.json", "total_energy": {"total_energy": -549.5469578505259}}