{"E(RIMP2 (OS))": {"E(RIMP2 (OS))": -1.4555059410968525}, "E(RIMP2 (SS))": {"E(RIMP2 (SS))": -0.4515904781622875}, "E(RIMP2)": {"E(RIMP2)": -1.90709641925914}, "E(RIMP2) SOS": {"E(RIMP2) SOS": -1.8921577234259084}, "Final E(HF)": {"Final E(HF)": -547.6396946707491}, "filename": "json_logs/UY7O292WYP_id6bgfjj8w.json", "finish_time": {"time": "Mon Apr  3 13:37:52 2023\n", "total_time": 5.622389152}, "start_time": {"time": "Mon Apr  3 13:37:47 2023\n"}, "title": "/scratch/kx58/jm0124/tempJsons/UY7O292WYP_id6bgfjj8w.json", "total_energy": {"total_energy": -549.5467910900082}}