{"E(RIMP2 (OS))": {"E(RIMP2 (OS))": -6.854121663988016}, "E(RIMP2 (SS))": {"E(RIMP2 (SS))": -2.627583604056222}, "E(RIMP2)": {"E(RIMP2)": -9.481705268044237}, "E(RIMP2) SOS": {"E(RIMP2) SOS": -8.910358163184421}, "Final E(HF)": {"Final E(HF)": -4222.233526106236}, "filename": "json_logs/10_50r60nz3h2.json", "finish_time": {"time": "Thu Mar  2 17:08:40 2023\n", "total_time": 73.89554059400001}, "start_time": {"time": "Thu Mar  2 17:07:27 2023\n"}, "title": "/scratch/kx58/jm0124/tempJsons/10_50r60nz3h2.json", "total_energy": {"total_energy": -4231.71523137428}}