{"E(RIMP2 (OS))": {"E(RIMP2 (OS))": -6.855343327274611}, "E(RIMP2 (SS))": {"E(RIMP2 (SS))": -2.6277617427111126}, "E(RIMP2)": {"E(RIMP2)": -9.483105069985724}, "E(RIMP2) SOS": {"E(RIMP2) SOS": -8.911946325456995}, "Final E(HF)": {"Final E(HF)": -4222.230213449211}, "filename": "json_logs/72_8wztcmanf9.json", "finish_time": {"time": "Sat Mar  4 04:28:58 2023\n", "total_time": 72.732427992}, "start_time": {"time": "Sat Mar  4 04:27:46 2023\n"}, "title": "/scratch/kx58/jm0124/tempJsons/72_8wztcmanf9.json", "total_energy": {"total_energy": -4231.713318519197}}