{"E(RIMP2 (OS))": {"E(RIMP2 (OS))": -6.850211381263971}, "E(RIMP2 (SS))": {"E(RIMP2 (SS))": -2.622243518435988}, "E(RIMP2)": {"E(RIMP2)": -9.47245489969996}, "E(RIMP2) SOS": {"E(RIMP2) SOS": -8.905274795643162}, "Final E(HF)": {"Final E(HF)": -4222.226759283247}, "filename": "json_logs/5_k2xj3qa7r5.json", "finish_time": {"time": "Thu Mar  2 15:58:16 2023\n", "total_time": 72.307634769}, "start_time": {"time": "Thu Mar  2 15:57:04 2023\n"}, "title": "/scratch/kx58/jm0124/tempJsons/5_k2xj3qa7r5.json", "total_energy": {"total_energy": -4231.699214182947}}