{"E(RIMP2 (OS))": {"E(RIMP2 (OS))": -6.859646315083661}, "E(RIMP2 (SS))": {"E(RIMP2 (SS))": -2.631080611329781}, "E(RIMP2)": {"E(RIMP2)": -9.490726926413442}, "E(RIMP2) SOS": {"E(RIMP2) SOS": -8.91754020960876}, "Final E(HF)": {"Final E(HF)": -4222.21264326942}, "filename": "json_logs/59_1tkoats77l.json", "finish_time": {"time": "Sat Mar  4 07:55:53 2023\n", "total_time": 75.166798503}, "start_time": {"time": "Sat Mar  4 07:54:38 2023\n"}, "title": "/scratch/kx58/jm0124/tempJsons/59_1tkoats77l.json", "total_energy": {"total_energy": -4231.7033701958335}}