{"E(RIMP2 (OS))": {"E(RIMP2 (OS))": -6.854584069413235}, "E(RIMP2 (SS))": {"E(RIMP2 (SS))": -2.6268997233405655}, "E(RIMP2)": {"E(RIMP2)": -9.481483792753801}, "E(RIMP2) SOS": {"E(RIMP2) SOS": -8.910959290237207}, "Final E(HF)": {"Final E(HF)": -4222.217141534344}, "filename": "json_logs/68_espryh2env.json", "finish_time": {"time": "Thu Mar  2 16:28:32 2023\n", "total_time": 75.25510191800001}, "start_time": {"time": "Thu Mar  2 16:27:17 2023\n"}, "title": "/scratch/kx58/jm0124/tempJsons/68_espryh2env.json", "total_energy": {"total_energy": -4231.698625327098}}