{"E(RIMP2 (OS))": {"E(RIMP2 (OS))": -6.859386572273223}, "E(RIMP2 (SS))": {"E(RIMP2 (SS))": -2.6289259227356228}, "E(RIMP2)": {"E(RIMP2)": -9.488312495008845}, "E(RIMP2) SOS": {"E(RIMP2) SOS": -8.91720254395519}, "Final E(HF)": {"Final E(HF)": -4222.215463402166}, "filename": "json_logs/16_c4l6nea8u1.json", "finish_time": {"time": "Sat Mar  4 05:15:29 2023\n", "total_time": 76.65783784700001}, "start_time": {"time": "Sat Mar  4 05:14:12 2023\n"}, "title": "/scratch/kx58/jm0124/tempJsons/16_c4l6nea8u1.json", "total_energy": {"total_energy": -4231.703775897176}}