{"E(RIMP2 (OS))": {"E(RIMP2 (OS))": -6.859612161357251}, "E(RIMP2 (SS))": {"E(RIMP2 (SS))": -2.6298630913821093}, "E(RIMP2)": {"E(RIMP2)": -9.48947525273936}, "E(RIMP2) SOS": {"E(RIMP2) SOS": -8.917495809764427}, "Final E(HF)": {"Final E(HF)": -4222.213754423761}, "filename": "json_logs/74_ngd9bx5swg.json", "finish_time": {"time": "Sat Mar  4 04:29:04 2023\n", "total_time": 78.29841987}, "start_time": {"time": "Sat Mar  4 04:27:46 2023\n"}, "title": "/scratch/kx58/jm0124/tempJsons/74_ngd9bx5swg.json", "total_energy": {"total_energy": -4231.703229676501}}