{"E(RIMP2 (OS))": {"E(RIMP2 (OS))": -6.861037975131282}, "E(RIMP2 (SS))": {"E(RIMP2 (SS))": -2.6323022652092396}, "E(RIMP2)": {"E(RIMP2)": -9.493340240340522}, "E(RIMP2) SOS": {"E(RIMP2) SOS": -8.919349367670668}, "Final E(HF)": {"Final E(HF)": -4222.204540626382}, "filename": "json_logs/24_6qdy50twgs.json", "finish_time": {"time": "Thu Mar  2 16:30:02 2023\n", "total_time": 80.770532039}, "start_time": {"time": "Thu Mar  2 16:28:41 2023\n"}, "title": "/scratch/kx58/jm0124/tempJsons/24_6qdy50twgs.json", "total_energy": {"total_energy": -4231.697880866724}}