{"E(RIMP2 (OS))": {"E(RIMP2 (OS))": -6.860768550647009}, "E(RIMP2 (SS))": {"E(RIMP2 (SS))": -2.6310170729422295}, "E(RIMP2)": {"E(RIMP2)": -9.491785623589239}, "E(RIMP2) SOS": {"E(RIMP2) SOS": -8.918999115841112}, "Final E(HF)": {"Final E(HF)": -4222.206179322504}, "filename": "json_logs/40_l3ku4iu0s5.json", "finish_time": {"time": "Thu Mar  2 16:16:15 2023\n", "total_time": 75.81711598}, "start_time": {"time": "Thu Mar  2 16:14:59 2023\n"}, "title": "/scratch/kx58/jm0124/tempJsons/40_l3ku4iu0s5.json", "total_energy": {"total_energy": -4231.697964946093}}