{"E(RIMP2 (OS))": {"E(RIMP2 (OS))": -6.852427577687507}, "E(RIMP2 (SS))": {"E(RIMP2 (SS))": -2.6250119277210917}, "E(RIMP2)": {"E(RIMP2)": -9.477439505408599}, "E(RIMP2) SOS": {"E(RIMP2) SOS": -8.90815585099376}, "Final E(HF)": {"Final E(HF)": -4222.224972529531}, "filename": "json_logs/3_i0p04qmzsz.json", "finish_time": {"time": "Sat Mar  4 08:13:26 2023\n", "total_time": 73.781475282}, "start_time": {"time": "Sat Mar  4 08:12:12 2023\n"}, "title": "/scratch/kx58/jm0124/tempJsons/3_i0p04qmzsz.json", "total_energy": {"total_energy": -4231.70241203494}}