{"E(RIMP2 (OS))": {"E(RIMP2 (OS))": -6.849287992819321}, "E(RIMP2 (SS))": {"E(RIMP2 (SS))": -2.6217688419265714}, "E(RIMP2)": {"E(RIMP2)": -9.471056834745893}, "E(RIMP2) SOS": {"E(RIMP2) SOS": -8.904074390665118}, "Final E(HF)": {"Final E(HF)": -4222.224101532298}, "filename": "json_logs/40_xe8arzmh9u.json", "finish_time": {"time": "Thu Mar  2 16:48:07 2023\n", "total_time": 73.00286865000001}, "start_time": {"time": "Thu Mar  2 16:46:54 2023\n"}, "title": "/scratch/kx58/jm0124/tempJsons/40_xe8arzmh9u.json", "total_energy": {"total_energy": -4231.695158367043}}