{"E(RIMP2 (OS))": {"E(RIMP2 (OS))": -6.8687260500932235}, "E(RIMP2 (SS))": {"E(RIMP2 (SS))": -2.6359312541324775}, "E(RIMP2)": {"E(RIMP2)": -9.5046573042257}, "E(RIMP2) SOS": {"E(RIMP2) SOS": -8.92934386512119}, "Final E(HF)": {"Final E(HF)": -4222.198426924328}, "filename": "json_logs/32_ht5mbpkh97.json", "finish_time": {"time": "Sat Mar  4 05:49:15 2023\n", "total_time": 77.623572569}, "start_time": {"time": "Sat Mar  4 05:47:58 2023\n"}, "title": "/scratch/kx58/jm0124/tempJsons/32_ht5mbpkh97.json", "total_energy": {"total_energy": -4231.703084228553}}