{"E(RIMP2 (OS))": {"E(RIMP2 (OS))": -6.852326972691485}, "E(RIMP2 (SS))": {"E(RIMP2 (SS))": -2.6238222238504085}, "E(RIMP2)": {"E(RIMP2)": -9.476149196541893}, "E(RIMP2) SOS": {"E(RIMP2) SOS": -8.908025064498931}, "Final E(HF)": {"Final E(HF)": -4222.217466790034}, "filename": "json_logs/40_x3pod7bbab.json", "finish_time": {"time": "Thu Mar  2 16:48:11 2023\n", "total_time": 77.384737363}, "start_time": {"time": "Thu Mar  2 16:46:54 2023\n"}, "title": "/scratch/kx58/jm0124/tempJsons/40_x3pod7bbab.json", "total_energy": {"total_energy": -4231.693615986576}}