{"E(RIMP2 (OS))": {"E(RIMP2 (OS))": -6.853388474347485}, "E(RIMP2 (SS))": {"E(RIMP2 (SS))": -2.626921821230205}, "E(RIMP2)": {"E(RIMP2)": -9.48031029557769}, "E(RIMP2) SOS": {"E(RIMP2) SOS": -8.90940501665173}, "Final E(HF)": {"Final E(HF)": -4222.219998304825}, "filename": "json_logs/35_363zg9smlr.json", "finish_time": {"time": "Sat Mar  4 05:30:47 2023\n", "total_time": 74.022180727}, "start_time": {"time": "Sat Mar  4 05:29:33 2023\n"}, "title": "/scratch/kx58/jm0124/tempJsons/35_363zg9smlr.json", "total_energy": {"total_energy": -4231.700308600402}}