{"E(RIMP2 (OS))": {"E(RIMP2 (OS))": -6.8550986306112085}, "E(RIMP2 (SS))": {"E(RIMP2 (SS))": -2.6272349896149203}, "E(RIMP2)": {"E(RIMP2)": -9.482333620226129}, "E(RIMP2) SOS": {"E(RIMP2) SOS": -8.911628219794572}, "Final E(HF)": {"Final E(HF)": -4222.217224794162}, "filename": "json_logs/59_x58ix5hefi.json", "finish_time": {"time": "Sat Mar  4 07:11:26 2023\n", "total_time": 68.693412073}, "start_time": {"time": "Sat Mar  4 07:10:17 2023\n"}, "title": "/scratch/kx58/jm0124/tempJsons/59_x58ix5hefi.json", "total_energy": {"total_energy": -4231.699558414388}}