{"E(RIMP2 (OS))": {"E(RIMP2 (OS))": -6.855776230204819}, "E(RIMP2 (SS))": {"E(RIMP2 (SS))": -2.6269126188015606}, "E(RIMP2)": {"E(RIMP2)": -9.48268884900638}, "E(RIMP2) SOS": {"E(RIMP2) SOS": -8.912509099266265}, "Final E(HF)": {"Final E(HF)": -4222.210843566911}, "filename": "json_logs/19_4ddh4l80kj.json", "finish_time": {"time": "Thu Mar  2 15:55:43 2023\n", "total_time": 77.256605644}, "start_time": {"time": "Thu Mar  2 15:54:26 2023\n"}, "title": "/scratch/kx58/jm0124/tempJsons/19_4ddh4l80kj.json", "total_energy": {"total_energy": -4231.693532415918}}