{"E(RIMP2 (OS))": {"E(RIMP2 (OS))": -6.853041660587119}, "E(RIMP2 (SS))": {"E(RIMP2 (SS))": -2.6254524111258912}, "E(RIMP2)": {"E(RIMP2)": -9.47849407171301}, "E(RIMP2) SOS": {"E(RIMP2) SOS": -8.908954158763256}, "Final E(HF)": {"Final E(HF)": -4222.221028642754}, "filename": "json_logs/35_tlgsxqte6r.json", "finish_time": {"time": "Sat Mar  4 06:14:22 2023\n", "total_time": 74.959713104}, "start_time": {"time": "Sat Mar  4 06:13:07 2023\n"}, "title": "/scratch/kx58/jm0124/tempJsons/35_tlgsxqte6r.json", "total_energy": {"total_energy": -4231.699522714467}}