{"E(RIMP2 (OS))": {"E(RIMP2 (OS))": -6.861769690642925}, "E(RIMP2 (SS))": {"E(RIMP2 (SS))": -2.630988015335537}, "E(RIMP2)": {"E(RIMP2)": -9.492757705978462}, "E(RIMP2) SOS": {"E(RIMP2) SOS": -8.920300597835803}, "Final E(HF)": {"Final E(HF)": -4222.200021462408}, "filename": "json_logs/9_dqx58yhwg6.json", "finish_time": {"time": "Thu Mar  2 16:33:39 2023\n", "total_time": 74.459639113}, "start_time": {"time": "Thu Mar  2 16:32:24 2023\n"}, "title": "/scratch/kx58/jm0124/tempJsons/9_dqx58yhwg6.json", "total_energy": {"total_energy": -4231.692779168387}}