{"E(RIMP2 (OS))": {"E(RIMP2 (OS))": -6.851149696021132}, "E(RIMP2 (SS))": {"E(RIMP2 (SS))": -2.622752569457606}, "E(RIMP2)": {"E(RIMP2)": -9.473902265478738}, "E(RIMP2) SOS": {"E(RIMP2) SOS": -8.906494604827472}, "Final E(HF)": {"Final E(HF)": -4222.225804720909}, "filename": "json_logs/3_f0d3w66n7m.json", "finish_time": {"time": "Sat Mar  4 07:49:32 2023\n", "total_time": 70.269725878}, "start_time": {"time": "Sat Mar  4 07:48:22 2023\n"}, "title": "/scratch/kx58/jm0124/tempJsons/3_f0d3w66n7m.json", "total_energy": {"total_energy": -4231.699706986387}}