{"E(RIMP2 (OS))": {"E(RIMP2 (OS))": -6.853412858907491}, "E(RIMP2 (SS))": {"E(RIMP2 (SS))": -2.6246147314204955}, "E(RIMP2)": {"E(RIMP2)": -9.478027590327986}, "E(RIMP2) SOS": {"E(RIMP2) SOS": -8.909436716579739}, "Final E(HF)": {"Final E(HF)": -4222.2141947208165}, "filename": "json_logs/35_c4czz15sp3.json", "finish_time": {"time": "Thu Mar  2 16:35:47 2023\n", "total_time": 75.277069369}, "start_time": {"time": "Thu Mar  2 16:34:32 2023\n"}, "title": "/scratch/kx58/jm0124/tempJsons/35_c4czz15sp3.json", "total_energy": {"total_energy": -4231.692222311144}}