{"E(RIMP2 (OS))": {"E(RIMP2 (OS))": -6.8497982019015655}, "E(RIMP2 (SS))": {"E(RIMP2 (SS))": -2.6236564031308096}, "E(RIMP2)": {"E(RIMP2)": -9.473454605032375}, "E(RIMP2) SOS": {"E(RIMP2) SOS": -8.904737662472035}, "Final E(HF)": {"Final E(HF)": -4222.216357270208}, "filename": "json_logs/2_sx6fcyz94l.json", "finish_time": {"time": "Thu Mar  2 16:16:34 2023\n", "total_time": 72.185280688}, "start_time": {"time": "Thu Mar  2 16:15:22 2023\n"}, "title": "/scratch/kx58/jm0124/tempJsons/2_sx6fcyz94l.json", "total_energy": {"total_energy": -4231.689811875241}}