{"E(RIMP2 (OS))": {"E(RIMP2 (OS))": -6.853531271453388}, "E(RIMP2 (SS))": {"E(RIMP2 (SS))": -2.6264143564792035}, "E(RIMP2)": {"E(RIMP2)": -9.479945627932592}, "E(RIMP2) SOS": {"E(RIMP2) SOS": -8.909590652889404}, "Final E(HF)": {"Final E(HF)": -4222.21868429401}, "filename": "json_logs/3_xfcwmq5otm.json", "finish_time": {"time": "Sat Mar  4 09:23:30 2023\n", "total_time": 72.595936798}, "start_time": {"time": "Sat Mar  4 09:22:18 2023\n"}, "title": "/scratch/kx58/jm0124/tempJsons/3_xfcwmq5otm.json", "total_energy": {"total_energy": -4231.6986299219425}}