{"E(RIMP2 (OS))": {"E(RIMP2 (OS))": -6.855343327276359}, "E(RIMP2 (SS))": {"E(RIMP2 (SS))": -2.6277617427118742}, "E(RIMP2)": {"E(RIMP2)": -9.483105069988234}, "E(RIMP2) SOS": {"E(RIMP2) SOS": -8.911946325459267}, "Final E(HF)": {"Final E(HF)": -4222.230213449204}, "filename": "json_logs/72_0dlfq9knmc.json", "finish_time": {"time": "Thu Mar  2 15:50:23 2023\n", "total_time": 74.42042709500001}, "start_time": {"time": "Thu Mar  2 15:49:08 2023\n"}, "title": "/scratch/kx58/jm0124/tempJsons/72_0dlfq9knmc.json", "total_energy": {"total_energy": -4231.713318519192}}