{"E(RIMP2 (OS))": {"E(RIMP2 (OS))": -6.851592412574352}, "E(RIMP2 (SS))": {"E(RIMP2 (SS))": -2.6244171206340052}, "E(RIMP2)": {"E(RIMP2)": -9.476009533208357}, "E(RIMP2) SOS": {"E(RIMP2) SOS": -8.907070136346658}, "Final E(HF)": {"Final E(HF)": -4222.234503309875}, "filename": "json_logs/2_aygfjpr607.json", "finish_time": {"time": "Sat Mar  4 04:49:48 2023\n", "total_time": 75.129671028}, "start_time": {"time": "Sat Mar  4 04:48:33 2023\n"}, "title": "/scratch/kx58/jm0124/tempJsons/2_aygfjpr607.json", "total_energy": {"total_energy": -4231.710512843083}}