{"E(RIMP2 (OS))": {"E(RIMP2 (OS))": -6.851592412580579}, "E(RIMP2 (SS))": {"E(RIMP2 (SS))": -2.6244171206387206}, "E(RIMP2)": {"E(RIMP2)": -9.4760095332193}, "E(RIMP2) SOS": {"E(RIMP2) SOS": -8.907070136354752}, "Final E(HF)": {"Final E(HF)": -4222.234503309639}, "filename": "json_logs/2_2biwbyovhh.json", "finish_time": {"time": "Thu Mar  2 16:11:15 2023\n", "total_time": 75.956576332}, "start_time": {"time": "Thu Mar  2 16:09:59 2023\n"}, "title": "/scratch/kx58/jm0124/tempJsons/2_2biwbyovhh.json", "total_energy": {"total_energy": -4231.710512842858}}