{"E(RIMP2 (OS))": {"E(RIMP2 (OS))": -6.877091645301726}, "E(RIMP2 (SS))": {"E(RIMP2 (SS))": -2.6448834659347225}, "E(RIMP2)": {"E(RIMP2)": -9.521975111236449}, "E(RIMP2) SOS": {"E(RIMP2) SOS": -8.940219138892244}, "Final E(HF)": {"Final E(HF)": -4222.189052379703}, "filename": "json_logs/30_szzwxf2r83.json", "finish_time": {"time": "Sat Mar  4 06:30:42 2023\n", "total_time": 82.050390683}, "start_time": {"time": "Sat Mar  4 06:29:20 2023\n"}, "title": "/scratch/kx58/jm0124/tempJsons/30_szzwxf2r83.json", "total_energy": {"total_energy": -4231.711027490939}}