{"E(RIMP2 (OS))": {"E(RIMP2 (OS))": -6.866308346340262}, "E(RIMP2 (SS))": {"E(RIMP2 (SS))": -2.6371518814265804}, "E(RIMP2)": {"E(RIMP2)": -9.503460227766842}, "E(RIMP2) SOS": {"E(RIMP2) SOS": -8.926200850242342}, "Final E(HF)": {"Final E(HF)": -4222.20557764695}, "filename": "json_logs/32_m2qxwujfxj.json", "finish_time": {"time": "Sat Mar  4 05:12:20 2023\n", "total_time": 74.46220213000001}, "start_time": {"time": "Sat Mar  4 05:11:06 2023\n"}, "title": "/scratch/kx58/jm0124/tempJsons/32_m2qxwujfxj.json", "total_energy": {"total_energy": -4231.709037874717}}