{"E(RIMP2 (OS))": {"E(RIMP2 (OS))": -6.855102294104998}, "E(RIMP2 (SS))": {"E(RIMP2 (SS))": -2.6267473044562433}, "E(RIMP2)": {"E(RIMP2)": -9.48184959856124}, "E(RIMP2) SOS": {"E(RIMP2) SOS": -8.911632982336497}, "Final E(HF)": {"Final E(HF)": -4222.225095084728}, "filename": "json_logs/16_xfnekwnsgg.json", "finish_time": {"time": "Thu Mar  2 16:28:31 2023\n", "total_time": 74.738727449}, "start_time": {"time": "Thu Mar  2 16:27:17 2023\n"}, "title": "/scratch/kx58/jm0124/tempJsons/16_xfnekwnsgg.json", "total_energy": {"total_energy": -4231.706944683289}}