{"E(RIMP2 (OS))": {"E(RIMP2 (OS))": -6.85369808298057}, "E(RIMP2 (SS))": {"E(RIMP2 (SS))": -2.62552694735845}, "E(RIMP2)": {"E(RIMP2)": -9.47922503033902}, "E(RIMP2) SOS": {"E(RIMP2) SOS": -8.90980750787474}, "Final E(HF)": {"Final E(HF)": -4222.227694412315}, "filename": "json_logs/68_d51hmnk30g.json", "finish_time": {"time": "Thu Mar  2 16:48:03 2023\n", "total_time": 69.194304194}, "start_time": {"time": "Thu Mar  2 16:46:54 2023\n"}, "title": "/scratch/kx58/jm0124/tempJsons/68_d51hmnk30g.json", "total_energy": {"total_energy": -4231.706919442654}}