{"E(RIMP2 (OS))": {"E(RIMP2 (OS))": -6.851408105234708}, "E(RIMP2 (SS))": {"E(RIMP2 (SS))": -2.624596997449236}, "E(RIMP2)": {"E(RIMP2)": -9.476005102683944}, "E(RIMP2) SOS": {"E(RIMP2) SOS": -8.90683053680512}, "Final E(HF)": {"Final E(HF)": -4222.231138812425}, "filename": "json_logs/3_1kqx8xlicc.json", "finish_time": {"time": "Sat Mar  4 07:13:34 2023\n", "total_time": 74.115948926}, "start_time": {"time": "Sat Mar  4 07:12:20 2023\n"}, "title": "/scratch/kx58/jm0124/tempJsons/3_1kqx8xlicc.json", "total_energy": {"total_energy": -4231.707143915109}}