{"E(RIMP2 (OS))": {"E(RIMP2 (OS))": -6.851615139584059}, "E(RIMP2 (SS))": {"E(RIMP2 (SS))": -2.6234281032279547}, "E(RIMP2)": {"E(RIMP2)": -9.475043242812013}, "E(RIMP2) SOS": {"E(RIMP2) SOS": -8.907099681459277}, "Final E(HF)": {"Final E(HF)": -4222.231514663299}, "filename": "json_logs/9_e12nkass2x.json", "finish_time": {"time": "Sat Mar  4 05:28:13 2023\n", "total_time": 69.20461812}, "start_time": {"time": "Sat Mar  4 05:27:04 2023\n"}, "title": "/scratch/kx58/jm0124/tempJsons/9_e12nkass2x.json", "total_energy": {"total_energy": -4231.706557906111}}