{"E(RIMP2 (OS))": {"E(RIMP2 (OS))": -6.861363557593471}, "E(RIMP2 (SS))": {"E(RIMP2 (SS))": -2.6316136612626844}, "E(RIMP2)": {"E(RIMP2)": -9.492977218856154}, "E(RIMP2) SOS": {"E(RIMP2) SOS": -8.919772624871513}, "Final E(HF)": {"Final E(HF)": -4222.211887413732}, "filename": "json_logs/35_u88almuwif.json", "finish_time": {"time": "Thu Mar  2 16:13:55 2023\n", "total_time": 79.917337382}, "start_time": {"time": "Thu Mar  2 16:12:35 2023\n"}, "title": "/scratch/kx58/jm0124/tempJsons/35_u88almuwif.json", "total_energy": {"total_energy": -4231.704864632588}}