{"E(RIMP2 (OS))": {"E(RIMP2 (OS))": -6.859381206171404}, "E(RIMP2 (SS))": {"E(RIMP2 (SS))": -2.628921242298038}, "E(RIMP2)": {"E(RIMP2)": -9.488302448469442}, "E(RIMP2) SOS": {"E(RIMP2) SOS": -8.917195568022827}, "Final E(HF)": {"Final E(HF)": -4222.2154667657705}, "filename": "json_logs/16_vuj57c7uzc.json", "finish_time": {"time": "Thu Mar  2 16:11:18 2023\n", "total_time": 78.881417695}, "start_time": {"time": "Thu Mar  2 16:09:59 2023\n"}, "title": "/scratch/kx58/jm0124/tempJsons/16_vuj57c7uzc.json", "total_energy": {"total_energy": -4231.70376921424}}