{"E(RIMP2 (OS))": {"E(RIMP2 (OS))": -6.854531571901095}, "E(RIMP2 (SS))": {"E(RIMP2 (SS))": -2.6265263644928574}, "E(RIMP2)": {"E(RIMP2)": -9.481057936393952}, "E(RIMP2) SOS": {"E(RIMP2) SOS": -8.910891043471423}, "Final E(HF)": {"Final E(HF)": -4222.224430894035}, "filename": "json_logs/59_781jjvyz9r.json", "finish_time": {"time": "Sat Mar  4 07:13:33 2023\n", "total_time": 72.174379822}, "start_time": {"time": "Sat Mar  4 07:12:21 2023\n"}, "title": "/scratch/kx58/jm0124/tempJsons/59_781jjvyz9r.json", "total_energy": {"total_energy": -4231.705488830429}}