{"E(RIMP2 (OS))": {"E(RIMP2 (OS))": -6.869376292384902}, "E(RIMP2 (SS))": {"E(RIMP2 (SS))": -2.638379360134987}, "E(RIMP2)": {"E(RIMP2)": -9.50775565251989}, "E(RIMP2) SOS": {"E(RIMP2) SOS": -8.930189180100372}, "Final E(HF)": {"Final E(HF)": -4222.197941543229}, "filename": "json_logs/35_h736075bte.json", "finish_time": {"time": "Sat Mar  4 05:15:17 2023\n", "total_time": 83.452386413}, "start_time": {"time": "Sat Mar  4 05:13:54 2023\n"}, "title": "/scratch/kx58/jm0124/tempJsons/35_h736075bte.json", "total_energy": {"total_energy": -4231.705697195749}}