{"E(RIMP2 (OS))": {"E(RIMP2 (OS))": -6.859612161358439}, "E(RIMP2 (SS))": {"E(RIMP2 (SS))": -2.629863091382534}, "E(RIMP2)": {"E(RIMP2)": -9.489475252740974}, "E(RIMP2) SOS": {"E(RIMP2) SOS": -8.91749580976597}, "Final E(HF)": {"Final E(HF)": -4222.2137544237685}, "filename": "json_logs/74_2j4msazdog.json", "finish_time": {"time": "Thu Mar  2 15:50:27 2023\n", "total_time": 78.95802090400001}, "start_time": {"time": "Thu Mar  2 15:49:09 2023\n"}, "title": "/scratch/kx58/jm0124/tempJsons/74_2j4msazdog.json", "total_energy": {"total_energy": -4231.703229676509}}