{"E(RIMP2 (OS))": {"E(RIMP2 (OS))": -6.851658318591022}, "E(RIMP2 (SS))": {"E(RIMP2 (SS))": -2.6244687958559494}, "E(RIMP2)": {"E(RIMP2)": -9.476127114446971}, "E(RIMP2) SOS": {"E(RIMP2) SOS": -8.907155814168329}, "Final E(HF)": {"Final E(HF)": -4222.228134806839}, "filename": "json_logs/59_919wawr8su.json", "finish_time": {"time": "Sat Mar  4 07:52:04 2023\n", "total_time": 71.945608148}, "start_time": {"time": "Sat Mar  4 07:50:53 2023\n"}, "title": "/scratch/kx58/jm0124/tempJsons/59_919wawr8su.json", "total_energy": {"total_energy": -4231.704261921286}}