{"E(RIMP2 (OS))": {"E(RIMP2 (OS))": -6.855567003714692}, "E(RIMP2 (SS))": {"E(RIMP2 (SS))": -2.6265676114267746}, "E(RIMP2)": {"E(RIMP2)": -9.482134615141467}, "E(RIMP2) SOS": {"E(RIMP2) SOS": -8.912237104829101}, "Final E(HF)": {"Final E(HF)": -4222.219138938819}, "filename": "json_logs/26_jujl7joo0e.json", "finish_time": {"time": "Thu Mar  2 16:49:25 2023\n", "total_time": 73.37972057799999}, "start_time": {"time": "Thu Mar  2 16:48:12 2023\n"}, "title": "/scratch/kx58/jm0124/tempJsons/26_jujl7joo0e.json", "total_energy": {"total_energy": -4231.701273553961}}