{"E(RIMP2 (OS))": {"E(RIMP2 (OS))": -6.861363557596389}, "E(RIMP2 (SS))": {"E(RIMP2 (SS))": -2.6316136612651047}, "E(RIMP2)": {"E(RIMP2)": -9.492977218861494}, "E(RIMP2) SOS": {"E(RIMP2) SOS": -8.919772624875307}, "Final E(HF)": {"Final E(HF)": -4222.211887414016}, "filename": "json_logs/35_glldrabtbz.json", "finish_time": {"time": "Sat Mar  4 04:52:25 2023\n", "total_time": 79.266014286}, "start_time": {"time": "Sat Mar  4 04:51:06 2023\n"}, "title": "/scratch/kx58/jm0124/tempJsons/35_glldrabtbz.json", "total_energy": {"total_energy": -4231.704864632878}}