{"E(RIMP2 (OS))": {"E(RIMP2 (OS))": -6.850014742909482}, "E(RIMP2 (SS))": {"E(RIMP2 (SS))": -2.623365460993312}, "E(RIMP2)": {"E(RIMP2)": -9.473380203902794}, "E(RIMP2) SOS": {"E(RIMP2) SOS": -8.905019165782328}, "Final E(HF)": {"Final E(HF)": -4222.225459100717}, "filename": "json_logs/40_qiyzc7rf7z.json", "finish_time": {"time": "Thu Mar  2 17:08:42 2023\n", "total_time": 78.698017251}, "start_time": {"time": "Thu Mar  2 17:07:24 2023\n"}, "title": "/scratch/kx58/jm0124/tempJsons/40_qiyzc7rf7z.json", "total_energy": {"total_energy": -4231.6988393046195}}