{"E(RIMP2 (OS))": {"E(RIMP2 (OS))": -7.190737163459378}, "E(RIMP2 (SS))": {"E(RIMP2 (SS))": -2.765547122830932}, "E(RIMP2)": {"E(RIMP2)": -9.956284286290309}, "E(RIMP2) SOS": {"E(RIMP2) SOS": -9.347958312497191}, "Final E(HF)": {"Final E(HF)": -4370.676728486122}, "filename": "json_logs/0_0lgtioelsu.json", "finish_time": {"time": "Thu Mar  2 18:33:07 2023\n", "total_time": 96.098369933}, "start_time": {"time": "Thu Mar  2 18:31:31 2023\n"}, "title": "/scratch/kx58/jm0124/tempJsons/0_0lgtioelsu.json", "total_energy": {"total_energy": -4380.633012772412}}