{"E(RIMP2 (OS))": {"E(RIMP2 (OS))": -7.188908075204548}, "E(RIMP2 (SS))": {"E(RIMP2 (SS))": -2.7624368166502946}, "E(RIMP2)": {"E(RIMP2)": -9.951344891854843}, "E(RIMP2) SOS": {"E(RIMP2) SOS": -9.345580497765912}, "Final E(HF)": {"Final E(HF)": -4370.686093708417}, "filename": "json_logs/0_bc1msqrlyg.json", "finish_time": {"time": "Sat Mar  4 09:29:52 2023\n", "total_time": 96.646965605}, "start_time": {"time": "Sat Mar  4 09:28:15 2023\n"}, "title": "/scratch/kx58/jm0124/tempJsons/0_bc1msqrlyg.json", "total_energy": {"total_energy": -4380.637438600272}}