{"E(RIMP2 (OS))": {"E(RIMP2 (OS))": -7.1902693820146695}, "E(RIMP2 (SS))": {"E(RIMP2 (SS))": -2.763578016938396}, "E(RIMP2)": {"E(RIMP2)": -9.953847398953066}, "E(RIMP2) SOS": {"E(RIMP2) SOS": -9.34735019661907}, "Final E(HF)": {"Final E(HF)": -4370.658620906646}, "filename": "json_logs/37_44ya351u7e.json", "finish_time": {"time": "Thu Mar  2 18:35:18 2023\n", "total_time": 89.018261063}, "start_time": {"time": "Thu Mar  2 18:33:50 2023\n"}, "title": "/scratch/kx58/jm0124/tempJsons/37_44ya351u7e.json", "total_energy": {"total_energy": -4380.6124683056}}