{"E(RIMP2 (OS))": {"E(RIMP2 (OS))": -7.188315943819176}, "E(RIMP2 (SS))": {"E(RIMP2 (SS))": -2.7605777007902006}, "E(RIMP2)": {"E(RIMP2)": -9.948893644609377}, "E(RIMP2) SOS": {"E(RIMP2) SOS": -9.34481072696493}, "Final E(HF)": {"Final E(HF)": -4370.670961752106}, "filename": "json_logs/32_2q7ic8fcg9.json", "finish_time": {"time": "Sat Mar  4 07:18:32 2023\n", "total_time": 91.245713387}, "start_time": {"time": "Sat Mar  4 07:17:01 2023\n"}, "title": "/scratch/kx58/jm0124/tempJsons/32_2q7ic8fcg9.json", "total_energy": {"total_energy": -4380.619855396716}}