{"E(RIMP2 (OS))": {"E(RIMP2 (OS))": -7.174655125913485}, "E(RIMP2 (SS))": {"E(RIMP2 (SS))": -2.749839483903754}, "E(RIMP2)": {"E(RIMP2)": -9.92449460981724}, "E(RIMP2) SOS": {"E(RIMP2) SOS": -9.32705166368753}, "Final E(HF)": {"Final E(HF)": -4370.694039727317}, "filename": "json_logs/63_e7xn5mg8ax.json", "finish_time": {"time": "Sat Mar  4 09:35:08 2023\n", "total_time": 92.1766899}, "start_time": {"time": "Sat Mar  4 09:33:36 2023\n"}, "title": "/scratch/kx58/jm0124/tempJsons/63_e7xn5mg8ax.json", "total_energy": {"total_energy": -4380.618534337135}}