{"E(RIMP2 (OS))": {"E(RIMP2 (OS))": -7.173517609913462}, "E(RIMP2 (SS))": {"E(RIMP2 (SS))": -2.749206775920389}, "E(RIMP2)": {"E(RIMP2)": -9.92272438583385}, "E(RIMP2) SOS": {"E(RIMP2) SOS": -9.325572892887502}, "Final E(HF)": {"Final E(HF)": -4370.689491242672}, "filename": "json_logs/63_edqtu2t81s.json", "finish_time": {"time": "Thu Mar  2 18:06:07 2023\n", "total_time": 89.28599482199999}, "start_time": {"time": "Thu Mar  2 18:04:38 2023\n"}, "title": "/scratch/kx58/jm0124/tempJsons/63_edqtu2t81s.json", "total_energy": {"total_energy": -4380.612215628506}}