{"E(RIMP2 (OS))": {"E(RIMP2 (OS))": -7.185003298669642}, "E(RIMP2 (SS))": {"E(RIMP2 (SS))": -2.759526817510609}, "E(RIMP2)": {"E(RIMP2)": -9.944530116180252}, "E(RIMP2) SOS": {"E(RIMP2) SOS": -9.340504288270536}, "Final E(HF)": {"Final E(HF)": -4370.673144787195}, "filename": "json_logs/46_ywzmvq8yti.json", "finish_time": {"time": "Sat Mar  4 06:01:24 2023\n", "total_time": 95.601820044}, "start_time": {"time": "Sat Mar  4 05:59:49 2023\n"}, "title": "/scratch/kx58/jm0124/tempJsons/46_ywzmvq8yti.json", "total_energy": {"total_energy": -4380.617674903376}}