{"E(RIMP2 (OS))": {"E(RIMP2 (OS))": -7.175408585041214}, "E(RIMP2 (SS))": {"E(RIMP2 (SS))": -2.750839549221289}, "E(RIMP2)": {"E(RIMP2)": -9.926248134262503}, "E(RIMP2) SOS": {"E(RIMP2) SOS": -9.328031160553579}, "Final E(HF)": {"Final E(HF)": -4370.6858637981}, "filename": "json_logs/32_ohuyvsg7lp.json", "finish_time": {"time": "Thu Mar  2 17:08:01 2023\n", "total_time": 93.83520832200001}, "start_time": {"time": "Thu Mar  2 17:06:27 2023\n"}, "title": "/scratch/kx58/jm0124/tempJsons/32_ohuyvsg7lp.json", "total_energy": {"total_energy": -4380.612111932363}}