{"E(RIMP2 (OS))": {"E(RIMP2 (OS))": -7.186289122561751}, "E(RIMP2 (SS))": {"E(RIMP2 (SS))": -2.759757271842219}, "E(RIMP2)": {"E(RIMP2)": -9.94604639440397}, "E(RIMP2) SOS": {"E(RIMP2) SOS": -9.342175859330277}, "Final E(HF)": {"Final E(HF)": -4370.671137549107}, "filename": "json_logs/5_mz2f6xasmf.json", "finish_time": {"time": "Sat Mar  4 05:57:47 2023\n", "total_time": 95.16372666800001}, "start_time": {"time": "Sat Mar  4 05:56:12 2023\n"}, "title": "/scratch/kx58/jm0124/tempJsons/5_mz2f6xasmf.json", "total_energy": {"total_energy": -4380.617183943511}}