{"E(RIMP2 (OS))": {"E(RIMP2 (OS))": -7.175408291619644}, "E(RIMP2 (SS))": {"E(RIMP2 (SS))": -2.7513246157781777}, "E(RIMP2)": {"E(RIMP2)": -9.926732907397822}, "E(RIMP2) SOS": {"E(RIMP2) SOS": -9.328030779105537}, "Final E(HF)": {"Final E(HF)": -4370.68403266964}, "filename": "json_logs/36_9espryh2en.json", "finish_time": {"time": "Thu Mar  2 17:37:33 2023\n", "total_time": 91.713359995}, "start_time": {"time": "Thu Mar  2 17:36:02 2023\n"}, "title": "/scratch/kx58/jm0124/tempJsons/36_9espryh2en.json", "total_energy": {"total_energy": -4380.6107655770375}}