{"E(RIMP2 (OS))": {"E(RIMP2 (OS))": -7.187018172172821}, "E(RIMP2 (SS))": {"E(RIMP2 (SS))": -2.760817562904937}, "E(RIMP2)": {"E(RIMP2)": -9.947835735077758}, "E(RIMP2) SOS": {"E(RIMP2) SOS": -9.343123623824667}, "Final E(HF)": {"Final E(HF)": -4370.668675156401}, "filename": "json_logs/0_89tsccj37j.json", "finish_time": {"time": "Sat Mar  4 09:33:48 2023\n", "total_time": 99.74636865800001}, "start_time": {"time": "Sat Mar  4 09:32:08 2023\n"}, "title": "/scratch/kx58/jm0124/tempJsons/0_89tsccj37j.json", "total_energy": {"total_energy": -4380.616510891478}}