{"E(RIMP2 (OS))": {"E(RIMP2 (OS))": -7.179786497257232}, "E(RIMP2 (SS))": {"E(RIMP2 (SS))": -2.7526334526884506}, "E(RIMP2)": {"E(RIMP2)": -9.932419949945682}, "E(RIMP2) SOS": {"E(RIMP2) SOS": -9.333722446434402}, "Final E(HF)": {"Final E(HF)": -4370.679540715977}, "filename": "json_logs/36_0l9iewckfk.json", "finish_time": {"time": "Thu Mar  2 18:07:46 2023\n", "total_time": 97.11701158599999}, "start_time": {"time": "Thu Mar  2 18:06:09 2023\n"}, "title": "/scratch/kx58/jm0124/tempJsons/36_0l9iewckfk.json", "total_energy": {"total_energy": -4380.611960665922}}