{"E(RIMP2 (OS))": {"E(RIMP2 (OS))": -7.17750253668544}, "E(RIMP2 (SS))": {"E(RIMP2 (SS))": -2.752615231908344}, "E(RIMP2)": {"E(RIMP2)": -9.930117768593783}, "E(RIMP2) SOS": {"E(RIMP2) SOS": -9.330753297691071}, "Final E(HF)": {"Final E(HF)": -4370.6794526822305}, "filename": "json_logs/36_jvi0lobc1v.json", "finish_time": {"time": "Thu Mar  2 18:11:36 2023\n", "total_time": 93.60297677199999}, "start_time": {"time": "Thu Mar  2 18:10:03 2023\n"}, "title": "/scratch/kx58/jm0124/tempJsons/36_jvi0lobc1v.json", "total_energy": {"total_energy": -4380.609570450824}}