{"E(RIMP2 (OS))": {"E(RIMP2 (OS))": -7.186555368864252}, "E(RIMP2 (SS))": {"E(RIMP2 (SS))": -2.7591415304757185}, "E(RIMP2)": {"E(RIMP2)": -9.945696899339971}, "E(RIMP2) SOS": {"E(RIMP2) SOS": -9.342521979523529}, "Final E(HF)": {"Final E(HF)": -4370.671215652255}, "filename": "json_logs/0_truyzhuoqv.json", "finish_time": {"time": "Sat Mar  4 10:12:10 2023\n", "total_time": 92.85925199200001}, "start_time": {"time": "Sat Mar  4 10:10:37 2023\n"}, "title": "/scratch/kx58/jm0124/tempJsons/0_truyzhuoqv.json", "total_energy": {"total_energy": -4380.616912551595}}