{"E(RIMP2 (OS))": {"E(RIMP2 (OS))": -7.193216735290215}, "E(RIMP2 (SS))": {"E(RIMP2 (SS))": -2.764441375593962}, "E(RIMP2)": {"E(RIMP2)": -9.957658110884177}, "E(RIMP2) SOS": {"E(RIMP2) SOS": -9.35118175587728}, "Final E(HF)": {"Final E(HF)": -4370.651463908587}, "filename": "json_logs/45_x1ha3ckvbu.json", "finish_time": {"time": "Thu Mar  2 17:40:47 2023\n", "total_time": 103.143896215}, "start_time": {"time": "Thu Mar  2 17:39:04 2023\n"}, "title": "/scratch/kx58/jm0124/tempJsons/45_x1ha3ckvbu.json", "total_energy": {"total_energy": -4380.609122019472}}