{"E(RIMP2 (OS))": {"E(RIMP2 (OS))": -7.164509067970957}, "E(RIMP2 (SS))": {"E(RIMP2 (SS))": -2.741837025910971}, "E(RIMP2)": {"E(RIMP2)": -9.906346093881927}, "E(RIMP2) SOS": {"E(RIMP2) SOS": -9.313861788362244}, "Final E(HF)": {"Final E(HF)": -4370.708886027553}, "filename": "json_logs/7_vcpdkfcgrn.json", "finish_time": {"time": "Sat Mar  4 05:12:50 2023\n", "total_time": 84.67376545900001}, "start_time": {"time": "Sat Mar  4 05:11:25 2023\n"}, "title": "/scratch/kx58/jm0124/tempJsons/7_vcpdkfcgrn.json", "total_energy": {"total_energy": -4380.615232121435}}