{"E(RIMP2 (OS))": {"E(RIMP2 (OS))": -7.175059787169927}, "E(RIMP2 (SS))": {"E(RIMP2 (SS))": -2.7492225450654995}, "E(RIMP2)": {"E(RIMP2)": -9.924282332235427}, "E(RIMP2) SOS": {"E(RIMP2) SOS": -9.327577723320905}, "Final E(HF)": {"Final E(HF)": -4370.68402737697}, "filename": "json_logs/0_7e2pivtaxk.json", "finish_time": {"time": "Thu Mar  2 17:11:00 2023\n", "total_time": 89.922004539}, "start_time": {"time": "Thu Mar  2 17:09:30 2023\n"}, "title": "/scratch/kx58/jm0124/tempJsons/0_7e2pivtaxk.json", "total_energy": {"total_energy": -4380.608309709205}}