{"E(RIMP2 (OS))": {"E(RIMP2 (OS))": -7.183727296932554}, "E(RIMP2 (SS))": {"E(RIMP2 (SS))": -2.758509668058273}, "E(RIMP2)": {"E(RIMP2)": -9.942236964990826}, "E(RIMP2) SOS": {"E(RIMP2) SOS": -9.338845486012321}, "Final E(HF)": {"Final E(HF)": -4370.672978834686}, "filename": "json_logs/75_mhxhiirph1.json", "finish_time": {"time": "Sat Mar  4 05:34:30 2023\n", "total_time": 95.780464444}, "start_time": {"time": "Sat Mar  4 05:32:55 2023\n"}, "title": "/scratch/kx58/jm0124/tempJsons/75_mhxhiirph1.json", "total_energy": {"total_energy": -4380.615215799677}}