{"E(RIMP2 (OS))": {"E(RIMP2 (OS))": -7.179917678507089}, "E(RIMP2 (SS))": {"E(RIMP2 (SS))": -2.7543101847767257}, "E(RIMP2)": {"E(RIMP2)": -9.934227863283816}, "E(RIMP2) SOS": {"E(RIMP2) SOS": -9.333892982059217}, "Final E(HF)": {"Final E(HF)": -4370.672849658202}, "filename": "json_logs/5_l0kphyvnkx.json", "finish_time": {"time": "Thu Mar  2 17:16:17 2023\n", "total_time": 92.240299128}, "start_time": {"time": "Thu Mar  2 17:14:45 2023\n"}, "title": "/scratch/kx58/jm0124/tempJsons/5_l0kphyvnkx.json", "total_energy": {"total_energy": -4380.607077521486}}