{"E(RIMP2 (OS))": {"E(RIMP2 (OS))": -7.171160957722845}, "E(RIMP2 (SS))": {"E(RIMP2 (SS))": -2.74716127964621}, "E(RIMP2)": {"E(RIMP2)": -9.918322237369054}, "E(RIMP2) SOS": {"E(RIMP2) SOS": -9.322509245039699}, "Final E(HF)": {"Final E(HF)": -4370.696129488926}, "filename": "json_logs/8_ti2hw8usb4.json", "finish_time": {"time": "Sat Mar  4 06:02:46 2023\n", "total_time": 79.077652109}, "start_time": {"time": "Sat Mar  4 06:01:27 2023\n"}, "title": "/scratch/kx58/jm0124/tempJsons/8_ti2hw8usb4.json", "total_energy": {"total_energy": -4380.614451726296}}