{"E(RIMP2 (OS))": {"E(RIMP2 (OS))": -7.1801835514582875}, "E(RIMP2 (SS))": {"E(RIMP2 (SS))": -2.754530980921423}, "E(RIMP2)": {"E(RIMP2)": -9.934714532379711}, "E(RIMP2) SOS": {"E(RIMP2) SOS": -9.334238616895774}, "Final E(HF)": {"Final E(HF)": -4370.679577090676}, "filename": "json_logs/15_yfr3hqd788.json", "finish_time": {"time": "Sat Mar  4 07:20:04 2023\n", "total_time": 89.709041798}, "start_time": {"time": "Sat Mar  4 07:18:35 2023\n"}, "title": "/scratch/kx58/jm0124/tempJsons/15_yfr3hqd788.json", "total_energy": {"total_energy": -4380.614291623055}}