{"E(RIMP2 (OS))": {"E(RIMP2 (OS))": -7.1636734802146425}, "E(RIMP2 (SS))": {"E(RIMP2 (SS))": -2.740402848739943}, "E(RIMP2)": {"E(RIMP2)": -9.904076328954586}, "E(RIMP2) SOS": {"E(RIMP2) SOS": -9.312775524279035}, "Final E(HF)": {"Final E(HF)": -4370.701806736843}, "filename": "json_logs/63_j8yywbfvgt.json", "finish_time": {"time": "Thu Mar  2 16:46:45 2023\n", "total_time": 89.32663684799999}, "start_time": {"time": "Thu Mar  2 16:45:15 2023\n"}, "title": "/scratch/kx58/jm0124/tempJsons/63_j8yywbfvgt.json", "total_energy": {"total_energy": -4380.605883065798}}