{"E(RIMP2 (OS))": {"E(RIMP2 (OS))": -7.19185569473495}, "E(RIMP2 (SS))": {"E(RIMP2 (SS))": -2.7640288139400404}, "E(RIMP2)": {"E(RIMP2)": -9.955884508674991}, "E(RIMP2) SOS": {"E(RIMP2) SOS": -9.349412403155435}, "Final E(HF)": {"Final E(HF)": -4370.676234294566}, "filename": "json_logs/49_tg2m13q0gs.json", "finish_time": {"time": "Thu Mar  2 17:14:04 2023\n", "total_time": 97.732670178}, "start_time": {"time": "Thu Mar  2 17:12:27 2023\n"}, "title": "/scratch/kx58/jm0124/tempJsons/49_tg2m13q0gs.json", "total_energy": {"total_energy": -4380.632118803241}}