{"E(RIMP2 (OS))": {"E(RIMP2 (OS))": -7.174620662279057}, "E(RIMP2 (SS))": {"E(RIMP2 (SS))": -2.750547539854445}, "E(RIMP2)": {"E(RIMP2)": -9.925168202133502}, "E(RIMP2) SOS": {"E(RIMP2) SOS": -9.327006860962776}, "Final E(HF)": {"Final E(HF)": -4370.707954642039}, "filename": "json_logs/63_5q730ul7zi.json", "finish_time": {"time": "Sat Mar  4 06:21:31 2023\n", "total_time": 86.648768258}, "start_time": {"time": "Sat Mar  4 06:20:05 2023\n"}, "title": "/scratch/kx58/jm0124/tempJsons/63_5q730ul7zi.json", "total_energy": {"total_energy": -4380.633122844173}}