{"E(RIMP2 (OS))": {"E(RIMP2 (OS))": -7.186511740065744}, "E(RIMP2 (SS))": {"E(RIMP2 (SS))": -2.7598044345927475}, "E(RIMP2)": {"E(RIMP2)": -9.946316174658492}, "E(RIMP2) SOS": {"E(RIMP2) SOS": -9.342465262085467}, "Final E(HF)": {"Final E(HF)": -4370.681225137552}, "filename": "json_logs/0_7y5hvdn4cp.json", "finish_time": {"time": "Thu Mar  2 18:28:24 2023\n", "total_time": 86.615533822}, "start_time": {"time": "Thu Mar  2 18:26:58 2023\n"}, "title": "/scratch/kx58/jm0124/tempJsons/0_7y5hvdn4cp.json", "total_energy": {"total_energy": -4380.62754131221}}