{"E(RIMP2 (OS))": {"E(RIMP2 (OS))": -7.190082767045563}, "E(RIMP2 (SS))": {"E(RIMP2 (SS))": -2.7659531464772535}, "E(RIMP2)": {"E(RIMP2)": -9.956035913522816}, "E(RIMP2) SOS": {"E(RIMP2) SOS": -9.347107597159233}, "Final E(HF)": {"Final E(HF)": -4370.675665555122}, "filename": "json_logs/5_so4fbt1rw1.json", "finish_time": {"time": "Sat Mar  4 06:20:02 2023\n", "total_time": 94.807069276}, "start_time": {"time": "Sat Mar  4 06:18:27 2023\n"}, "title": "/scratch/kx58/jm0124/tempJsons/5_so4fbt1rw1.json", "total_energy": {"total_energy": -4380.631701468644}}