{"E(RIMP2 (OS))": {"E(RIMP2 (OS))": -7.1847748081407214}, "E(RIMP2 (SS))": {"E(RIMP2 (SS))": -2.758206325451082}, "E(RIMP2)": {"E(RIMP2)": -9.942981133591804}, "E(RIMP2) SOS": {"E(RIMP2) SOS": -9.340207250582939}, "Final E(HF)": {"Final E(HF)": -4370.6898998907745}, "filename": "json_logs/28_wp280t3kvg.json", "finish_time": {"time": "Sat Mar  4 05:59:07 2023\n", "total_time": 84.59993746800001}, "start_time": {"time": "Sat Mar  4 05:57:43 2023\n"}, "title": "/scratch/kx58/jm0124/tempJsons/28_wp280t3kvg.json", "total_energy": {"total_energy": -4380.632881024367}}