{"E(RIMP2 (OS))": {"E(RIMP2 (OS))": -7.178680350270467}, "E(RIMP2 (SS))": {"E(RIMP2 (SS))": -2.751909864128699}, "E(RIMP2)": {"E(RIMP2)": -9.930590214399166}, "E(RIMP2) SOS": {"E(RIMP2) SOS": -9.332284455351607}, "Final E(HF)": {"Final E(HF)": -4370.696867351684}, "filename": "json_logs/63_rusehxvba7.json", "finish_time": {"time": "Thu Mar  2 17:39:10 2023\n", "total_time": 93.76392001}, "start_time": {"time": "Thu Mar  2 17:37:37 2023\n"}, "title": "/scratch/kx58/jm0124/tempJsons/63_rusehxvba7.json", "total_energy": {"total_energy": -4380.627457566083}}