{"E(RIMP2 (OS))": {"E(RIMP2 (OS))": -7.178608436359757}, "E(RIMP2 (SS))": {"E(RIMP2 (SS))": -2.7551653969827017}, "E(RIMP2)": {"E(RIMP2)": -9.933773833342459}, "E(RIMP2) SOS": {"E(RIMP2) SOS": -9.332190967267683}, "Final E(HF)": {"Final E(HF)": -4370.688953122244}, "filename": "json_logs/63_j92cdpi5aq.json", "finish_time": {"time": "Thu Mar  2 17:42:23 2023\n", "total_time": 94.426256202}, "start_time": {"time": "Thu Mar  2 17:40:49 2023\n"}, "title": "/scratch/kx58/jm0124/tempJsons/63_j92cdpi5aq.json", "total_energy": {"total_energy": -4380.622726955587}}