{"E(RIMP2 (OS))": {"E(RIMP2 (OS))": -7.191855694735102}, "E(RIMP2 (SS))": {"E(RIMP2 (SS))": -2.7640288139399636}, "E(RIMP2)": {"E(RIMP2)": -9.955884508675066}, "E(RIMP2) SOS": {"E(RIMP2) SOS": -9.349412403155632}, "Final E(HF)": {"Final E(HF)": -4370.676234294711}, "filename": "json_logs/49_ohy87xxenl.json", "finish_time": {"time": "Sat Mar  4 05:32:52 2023\n", "total_time": 97.74996661200001}, "start_time": {"time": "Sat Mar  4 05:31:15 2023\n"}, "title": "/scratch/kx58/jm0124/tempJsons/49_ohy87xxenl.json", "total_energy": {"total_energy": -4380.632118803386}}