{"E(RIMP2 (OS))": {"E(RIMP2 (OS))": -7.168767008332034}, "E(RIMP2 (SS))": {"E(RIMP2 (SS))": -2.745863822712331}, "E(RIMP2)": {"E(RIMP2)": -9.914630831044365}, "E(RIMP2) SOS": {"E(RIMP2) SOS": -9.319397110831645}, "Final E(HF)": {"Final E(HF)": -4370.704811356656}, "filename": "json_logs/43_rncdukqhgk.json", "finish_time": {"time": "Thu Mar  2 16:49:47 2023\n", "total_time": 88.328443287}, "start_time": {"time": "Thu Mar  2 16:48:19 2023\n"}, "title": "/scratch/kx58/jm0124/tempJsons/43_rncdukqhgk.json", "total_energy": {"total_energy": -4380.619442187701}}