{"E(RIMP2 (OS))": {"E(RIMP2 (OS))": -7.1879581070798135}, "E(RIMP2 (SS))": {"E(RIMP2 (SS))": -2.7624337546208473}, "E(RIMP2)": {"E(RIMP2)": -9.95039186170066}, "E(RIMP2) SOS": {"E(RIMP2) SOS": -9.344345539203758}, "Final E(HF)": {"Final E(HF)": -4370.679235910502}, "filename": "json_logs/5_c7ui6452id.json", "finish_time": {"time": "Sat Mar  4 06:46:26 2023\n", "total_time": 100.383194014}, "start_time": {"time": "Sat Mar  4 06:44:45 2023\n"}, "title": "/scratch/kx58/jm0124/tempJsons/5_c7ui6452id.json", "total_energy": {"total_energy": -4380.629627772203}}