{"E(RIMP2 (OS))": {"E(RIMP2 (OS))": -7.164509067959686}, "E(RIMP2 (SS))": {"E(RIMP2 (SS))": -2.7418370259042932}, "E(RIMP2)": {"E(RIMP2)": -9.906346093863979}, "E(RIMP2) SOS": {"E(RIMP2) SOS": -9.313861788347591}, "Final E(HF)": {"Final E(HF)": -4370.708886027574}, "filename": "json_logs/7_eygnllhhbo.json", "finish_time": {"time": "Thu Mar  2 16:54:04 2023\n", "total_time": 83.80308240699999}, "start_time": {"time": "Thu Mar  2 16:52:41 2023\n"}, "title": "/scratch/kx58/jm0124/tempJsons/7_eygnllhhbo.json", "total_energy": {"total_energy": -4380.615232121439}}