{"E(RIMP2 (OS))": {"E(RIMP2 (OS))": -7.195391136310614}, "E(RIMP2 (SS))": {"E(RIMP2 (SS))": -2.7663475512671587}, "E(RIMP2)": {"E(RIMP2)": -9.961738687577773}, "E(RIMP2) SOS": {"E(RIMP2) SOS": -9.354008477203799}, "Final E(HF)": {"Final E(HF)": -4370.663483507142}, "filename": "json_logs/28_kt0p3frb25.json", "finish_time": {"time": "Sat Mar  4 09:30:25 2023\n", "total_time": 98.391477938}, "start_time": {"time": "Sat Mar  4 09:28:47 2023\n"}, "title": "/scratch/kx58/jm0124/tempJsons/28_kt0p3frb25.json", "total_energy": {"total_energy": -4380.62522219472}}