{"E(RIMP2 (OS))": {"E(RIMP2 (OS))": -7.183727296934847}, "E(RIMP2 (SS))": {"E(RIMP2 (SS))": -2.7585096680604293}, "E(RIMP2)": {"E(RIMP2)": -9.942236964995276}, "E(RIMP2) SOS": {"E(RIMP2) SOS": -9.338845486015302}, "Final E(HF)": {"Final E(HF)": -4370.672978835224}, "filename": "json_logs/75_ml3ku4iu0s.json", "finish_time": {"time": "Thu Mar  2 17:15:43 2023\n", "total_time": 96.217326665}, "start_time": {"time": "Thu Mar  2 17:14:07 2023\n"}, "title": "/scratch/kx58/jm0124/tempJsons/75_ml3ku4iu0s.json", "total_energy": {"total_energy": -4380.61521580022}}