{"E(RIMP2 (OS))": {"E(RIMP2 (OS))": -7.183487284259418}, "E(RIMP2 (SS))": {"E(RIMP2 (SS))": -2.758792848374312}, "E(RIMP2)": {"E(RIMP2)": -9.94228013263373}, "E(RIMP2) SOS": {"E(RIMP2) SOS": -9.338533469537245}, "Final E(HF)": {"Final E(HF)": -4370.680570458519}, "filename": "json_logs/5_u497khifte.json", "finish_time": {"time": "Sat Mar  4 06:44:43 2023\n", "total_time": 92.51158773}, "start_time": {"time": "Sat Mar  4 06:43:11 2023\n"}, "title": "/scratch/kx58/jm0124/tempJsons/5_u497khifte.json", "total_energy": {"total_energy": -4380.622850591152}}