{"E(RIMP2 (OS))": {"E(RIMP2 (OS))": -7.177260703473861}, "E(RIMP2 (SS))": {"E(RIMP2 (SS))": -2.751650409766923}, "E(RIMP2)": {"E(RIMP2)": -9.928911113240783}, "E(RIMP2) SOS": {"E(RIMP2) SOS": -9.33043891451602}, "Final E(HF)": {"Final E(HF)": -4370.686706157681}, "filename": "json_logs/0_c574l1a9ve.json", "finish_time": {"time": "Thu Mar  2 18:09:04 2023\n", "total_time": 90.968699619}, "start_time": {"time": "Thu Mar  2 18:07:33 2023\n"}, "title": "/scratch/kx58/jm0124/tempJsons/0_c574l1a9ve.json", "total_energy": {"total_energy": -4380.615617270922}}