{"E(RIMP2 (OS))": {"E(RIMP2 (OS))": -7.172464546110466}, "E(RIMP2 (SS))": {"E(RIMP2 (SS))": -2.7494022593450156}, "E(RIMP2)": {"E(RIMP2)": -9.921866805455481}, "E(RIMP2) SOS": {"E(RIMP2) SOS": -9.324203909943606}, "Final E(HF)": {"Final E(HF)": -4370.698762400843}, "filename": "json_logs/63_cz4ojhcj73.json", "finish_time": {"time": "Sat Mar  4 06:00:39 2023\n", "total_time": 89.44261438299999}, "start_time": {"time": "Sat Mar  4 05:59:10 2023\n"}, "title": "/scratch/kx58/jm0124/tempJsons/63_cz4ojhcj73.json", "total_energy": {"total_energy": -4380.620629206299}}