{"E(RIMP2 (OS))": {"E(RIMP2 (OS))": -7.168767008335401}, "E(RIMP2 (SS))": {"E(RIMP2 (SS))": -2.7458638227144614}, "E(RIMP2)": {"E(RIMP2)": -9.914630831049863}, "E(RIMP2) SOS": {"E(RIMP2) SOS": -9.319397110836022}, "Final E(HF)": {"Final E(HF)": -4370.704811356703}, "filename": "json_logs/43_8db0ywtwh6.json", "finish_time": {"time": "Sat Mar  4 05:08:32 2023\n", "total_time": 88.208905244}, "start_time": {"time": "Sat Mar  4 05:07:03 2023\n"}, "title": "/scratch/kx58/jm0124/tempJsons/43_8db0ywtwh6.json", "total_energy": {"total_energy": -4380.6194421877535}}