{"E(RIMP2 (OS))": {"E(RIMP2 (OS))": -7.171707305067185}, "E(RIMP2 (SS))": {"E(RIMP2 (SS))": -2.7460628637433477}, "E(RIMP2)": {"E(RIMP2)": -9.917770168810533}, "E(RIMP2) SOS": {"E(RIMP2) SOS": -9.323219496587342}, "Final E(HF)": {"Final E(HF)": -4370.695854401087}, "filename": "json_logs/46_21ix3oq5e5.json", "finish_time": {"time": "Thu Mar  2 17:12:34 2023\n", "total_time": 88.430132575}, "start_time": {"time": "Thu Mar  2 17:11:05 2023\n"}, "title": "/scratch/kx58/jm0124/tempJsons/46_21ix3oq5e5.json", "total_energy": {"total_energy": -4380.613624569897}}