{"E(RIMP2 (OS))": {"E(RIMP2 (OS))": -7.398506021103999}, "E(RIMP2 (SS))": {"E(RIMP2 (SS))": -2.8595355828144258}, "E(RIMP2)": {"E(RIMP2)": -10.258041603918425}, "E(RIMP2) SOS": {"E(RIMP2) SOS": -9.618057827435198}, "Final E(HF)": {"Final E(HF)": -4421.030761315218}, "filename": "json_logs/GAC-ngpus4-0-180.0_nfrasutdku.json", "finish_time": {"time": "Sat Mar  4 03:31:41 2023\n", "total_time": 99.386308884}, "start_time": {"time": "Sat Mar  4 03:30:02 2023\n"}, "title": "/scratch/kx58/jm0124/tempJsons/GAC-ngpus4-0-180.0_nfrasutdku.json", "total_energy": {"total_energy": -4431.288802919137}}