{"E(RIMP2 (OS))": {"E(RIMP2 (OS))": -7.398506021100225}, "E(RIMP2 (SS))": {"E(RIMP2 (SS))": -2.85953558281189}, "E(RIMP2)": {"E(RIMP2)": -10.258041603912115}, "E(RIMP2) SOS": {"E(RIMP2) SOS": -9.618057827430293}, "Final E(HF)": {"Final E(HF)": -4421.030761315189}, "filename": "json_logs/GAC-ngpus4-0-180.0_nfrasutdku.json", "finish_time": {"time": "Sat Mar  4 03:59:14 2023\n", "total_time": 99.53518525199999}, "start_time": {"time": "Sat Mar  4 03:57:34 2023\n"}, "title": "/scratch/kx58/jm0124/tempJsons/GAC-ngpus4-0-180.0_nfrasutdku.json", "total_energy": {"total_energy": -4431.288802919101}}