{"E(RIMP2 (OS))": {"E(RIMP2 (OS))": -7.383537582269275}, "E(RIMP2 (SS))": {"E(RIMP2 (SS))": -2.848903568087782}, "E(RIMP2)": {"E(RIMP2)": -10.232441150357058}, "E(RIMP2) SOS": {"E(RIMP2) SOS": -9.598598856950058}, "Final E(HF)": {"Final E(HF)": -4421.056652539182}, "filename": "json_logs/8_guatjhbzdc.json", "finish_time": {"time": "Thu Mar  2 16:38:38 2023\n", "total_time": 94.748018}, "start_time": {"time": "Thu Mar  2 16:37:03 2023\n"}, "title": "/scratch/kx58/jm0124/tempJsons/8_guatjhbzdc.json", "total_energy": {"total_energy": -4431.289093689539}}