{"E(RIMP2 (OS))": {"E(RIMP2 (OS))": -7.385697043177862}, "E(RIMP2 (SS))": {"E(RIMP2 (SS))": -2.847377380314951}, "E(RIMP2)": {"E(RIMP2)": -10.233074423492813}, "E(RIMP2) SOS": {"E(RIMP2) SOS": -9.60140615613122}, "Final E(HF)": {"Final E(HF)": -4421.016019338127}, "filename": "json_logs/34_2rntjqjf0x.json", "finish_time": {"time": "Sat Mar  4 04:05:50 2023\n", "total_time": 98.07045766499999}, "start_time": {"time": "Sat Mar  4 04:04:12 2023\n"}, "title": "/scratch/kx58/jm0124/tempJsons/34_2rntjqjf0x.json", "total_energy": {"total_energy": -4431.24909376162}}