{"E(RIMP2 (OS))": {"E(RIMP2 (OS))": -7.385697043182663}, "E(RIMP2 (SS))": {"E(RIMP2 (SS))": -2.847377380317712}, "E(RIMP2)": {"E(RIMP2)": -10.233074423500375}, "E(RIMP2) SOS": {"E(RIMP2) SOS": -9.601406156137463}, "Final E(HF)": {"Final E(HF)": -4421.016019338087}, "filename": "json_logs/34_2rntjqjf0x.json", "finish_time": {"time": "Sat Mar  4 03:38:28 2023\n", "total_time": 99.753124423}, "start_time": {"time": "Sat Mar  4 03:36:49 2023\n"}, "title": "/scratch/kx58/jm0124/tempJsons/34_2rntjqjf0x.json", "total_energy": {"total_energy": -4431.249093761588}}