{"E(RIMP2 (OS))": {"E(RIMP2 (OS))": -7.386667687349195}, "E(RIMP2 (SS))": {"E(RIMP2 (SS))": -2.850309174798115}, "E(RIMP2)": {"E(RIMP2)": -10.23697686214731}, "E(RIMP2) SOS": {"E(RIMP2) SOS": -9.602667993553954}, "Final E(HF)": {"Final E(HF)": -4421.039352248388}, "filename": "json_logs/8_cyap736clq.json", "finish_time": {"time": "Thu Mar  2 17:22:46 2023\n", "total_time": 98.42507639200001}, "start_time": {"time": "Thu Mar  2 17:21:08 2023\n"}, "title": "/scratch/kx58/jm0124/tempJsons/8_cyap736clq.json", "total_energy": {"total_energy": -4431.276329110536}}