{"E(RIMP2 (OS))": {"E(RIMP2 (OS))": -7.371847625777516}, "E(RIMP2 (SS))": {"E(RIMP2 (SS))": -2.838977347678855}, "E(RIMP2)": {"E(RIMP2)": -10.21082497345637}, "E(RIMP2) SOS": {"E(RIMP2) SOS": -9.583401913510771}, "Final E(HF)": {"Final E(HF)": -4421.063610568401}, "filename": "json_logs/8_vemkry9fcj.json", "finish_time": {"time": "Thu Mar  2 17:43:57 2023\n", "total_time": 85.98263075}, "start_time": {"time": "Thu Mar  2 17:42:31 2023\n"}, "title": "/scratch/kx58/jm0124/tempJsons/8_vemkry9fcj.json", "total_energy": {"total_energy": -4431.274435541857}}