{"E(RIMP2 (OS))": {"E(RIMP2 (OS))": -7.373194346997995}, "E(RIMP2 (SS))": {"E(RIMP2 (SS))": -2.8388168395035085}, "E(RIMP2)": {"E(RIMP2)": -10.212011186501503}, "E(RIMP2) SOS": {"E(RIMP2) SOS": -9.585152651097394}, "Final E(HF)": {"Final E(HF)": -4421.033271437433}, "filename": "json_logs/39_fuf7ngniww.json", "finish_time": {"time": "Sat Mar  4 04:05:27 2023\n", "total_time": 86.89822162700001}, "start_time": {"time": "Sat Mar  4 04:04:01 2023\n"}, "title": "/scratch/kx58/jm0124/tempJsons/39_fuf7ngniww.json", "total_energy": {"total_energy": -4431.245282623934}}