{"E(RIMP2 (OS))": {"E(RIMP2 (OS))": -7.373194346998443}, "E(RIMP2 (SS))": {"E(RIMP2 (SS))": -2.8388168395037576}, "E(RIMP2)": {"E(RIMP2)": -10.2120111865022}, "E(RIMP2) SOS": {"E(RIMP2) SOS": -9.585152651097976}, "Final E(HF)": {"Final E(HF)": -4421.033271437367}, "filename": "json_logs/39_fuf7ngniww.json", "finish_time": {"time": "Sat Mar  4 03:38:01 2023\n", "total_time": 87.96032153}, "start_time": {"time": "Sat Mar  4 03:36:33 2023\n"}, "title": "/scratch/kx58/jm0124/tempJsons/39_fuf7ngniww.json", "total_energy": {"total_energy": -4431.24528262387}}