{"E(RIMP2 (OS))": {"E(RIMP2 (OS))": -7.378175451338405}, "E(RIMP2 (SS))": {"E(RIMP2 (SS))": -2.8438643382500577}, "E(RIMP2)": {"E(RIMP2)": -10.222039789588463}, "E(RIMP2) SOS": {"E(RIMP2) SOS": -9.591628086739926}, "Final E(HF)": {"Final E(HF)": -4421.019487756335}, "filename": "json_logs/51_t8lmaujfn6.json", "finish_time": {"time": "Sat Mar  4 03:36:47 2023\n", "total_time": 91.900103691}, "start_time": {"time": "Sat Mar  4 03:35:16 2023\n"}, "title": "/scratch/kx58/jm0124/tempJsons/51_t8lmaujfn6.json", "total_energy": {"total_energy": -4431.241527545923}}