{"E(RIMP2 (OS))": {"E(RIMP2 (OS))": -7.378175451343571}, "E(RIMP2 (SS))": {"E(RIMP2 (SS))": -2.843864338253377}, "E(RIMP2)": {"E(RIMP2)": -10.222039789596948}, "E(RIMP2) SOS": {"E(RIMP2) SOS": -9.591628086746642}, "Final E(HF)": {"Final E(HF)": -4421.019487756335}, "filename": "json_logs/51_t8lmaujfn6.json", "finish_time": {"time": "Sat Mar  4 04:04:16 2023\n", "total_time": 91.184220255}, "start_time": {"time": "Sat Mar  4 04:02:45 2023\n"}, "title": "/scratch/kx58/jm0124/tempJsons/51_t8lmaujfn6.json", "total_energy": {"total_energy": -4431.2415275459325}}