{"E(RIMP2 (OS))": {"E(RIMP2 (OS))": -7.394327544064946}, "E(RIMP2 (SS))": {"E(RIMP2 (SS))": -2.854112797012915}, "E(RIMP2)": {"E(RIMP2)": -10.24844034107786}, "E(RIMP2) SOS": {"E(RIMP2) SOS": -9.612625807284429}, "Final E(HF)": {"Final E(HF)": -4421.027848028845}, "filename": "json_logs/74_64trr3gcfd.json", "finish_time": {"time": "Thu Mar  2 16:39:40 2023\n", "total_time": 94.026860021}, "start_time": {"time": "Thu Mar  2 16:38:06 2023\n"}, "title": "/scratch/kx58/jm0124/tempJsons/74_64trr3gcfd.json", "total_energy": {"total_energy": -4431.276288369923}}