{"E(RIMP2 (OS))": {"E(RIMP2 (OS))": -7.375752294911718}, "E(RIMP2 (SS))": {"E(RIMP2 (SS))": -2.84188798399268}, "E(RIMP2)": {"E(RIMP2)": -10.217640278904398}, "E(RIMP2) SOS": {"E(RIMP2) SOS": -9.588477983385234}, "Final E(HF)": {"Final E(HF)": -4421.0551909637925}, "filename": "json_logs/74_q7hdnp571k.json", "finish_time": {"time": "Thu Mar  2 17:00:12 2023\n", "total_time": 93.865267616}, "start_time": {"time": "Thu Mar  2 16:58:38 2023\n"}, "title": "/scratch/kx58/jm0124/tempJsons/74_q7hdnp571k.json", "total_energy": {"total_energy": -4431.272831242697}}