{"E(RIMP2 (OS))": {"E(RIMP2 (OS))": -7.393484454092244}, "E(RIMP2 (SS))": {"E(RIMP2 (SS))": -2.855027905295978}, "E(RIMP2)": {"E(RIMP2)": -10.248512359388222}, "E(RIMP2) SOS": {"E(RIMP2) SOS": -9.611529790319917}, "Final E(HF)": {"Final E(HF)": -4420.9940209845245}, "filename": "json_logs/4_64knvopfh3.json", "finish_time": {"time": "Sat Mar  4 04:09:04 2023\n", "total_time": 96.231123046}, "start_time": {"time": "Sat Mar  4 04:07:28 2023\n"}, "title": "/scratch/kx58/jm0124/tempJsons/4_64knvopfh3.json", "total_energy": {"total_energy": -4431.242533343913}}