{"E(RIMP2 (OS))": {"E(RIMP2 (OS))": -7.393484454088292}, "E(RIMP2 (SS))": {"E(RIMP2 (SS))": -2.8550279052936576}, "E(RIMP2)": {"E(RIMP2)": -10.24851235938195}, "E(RIMP2) SOS": {"E(RIMP2) SOS": -9.61152979031478}, "Final E(HF)": {"Final E(HF)": -4420.99402098451}, "filename": "json_logs/4_64knvopfh3.json", "finish_time": {"time": "Sat Mar  4 03:41:42 2023\n", "total_time": 97.69467046300001}, "start_time": {"time": "Sat Mar  4 03:40:04 2023\n"}, "title": "/scratch/kx58/jm0124/tempJsons/4_64knvopfh3.json", "total_energy": {"total_energy": -4431.242533343891}}