{"E(RIMP2 (OS))": {"E(RIMP2 (OS))": -7.382215855128179}, "E(RIMP2 (SS))": {"E(RIMP2 (SS))": -2.846811527492366}, "E(RIMP2)": {"E(RIMP2)": -10.229027382620545}, "E(RIMP2) SOS": {"E(RIMP2) SOS": -9.596880611666634}, "Final E(HF)": {"Final E(HF)": -4421.043850077254}, "filename": "json_logs/0_qgdqsuvnyx.json", "finish_time": {"time": "Thu Mar  2 16:21:30 2023\n", "total_time": 92.06380845900001}, "start_time": {"time": "Thu Mar  2 16:19:58 2023\n"}, "title": "/scratch/kx58/jm0124/tempJsons/0_qgdqsuvnyx.json", "total_energy": {"total_energy": -4431.272877459875}}