{"E(RIMP2 (OS))": {"E(RIMP2 (OS))": -7.366984987207498}, "E(RIMP2 (SS))": {"E(RIMP2 (SS))": -2.8337037952873496}, "E(RIMP2)": {"E(RIMP2)": -10.200688782494847}, "E(RIMP2) SOS": {"E(RIMP2) SOS": -9.577080483369748}, "Final E(HF)": {"Final E(HF)": -4421.036662087887}, "filename": "json_logs/1_kmzuzdrjai.json", "finish_time": {"time": "Sat Mar  4 04:10:07 2023\n", "total_time": 86.660913386}, "start_time": {"time": "Sat Mar  4 04:08:41 2023\n"}, "title": "/scratch/kx58/jm0124/tempJsons/1_kmzuzdrjai.json", "total_energy": {"total_energy": -4431.237350870381}}