{"E(RIMP2 (OS))": {"E(RIMP2 (OS))": -7.366984987210059}, "E(RIMP2 (SS))": {"E(RIMP2 (SS))": -2.8337037952900577}, "E(RIMP2)": {"E(RIMP2)": -10.200688782500116}, "E(RIMP2) SOS": {"E(RIMP2) SOS": -9.577080483373077}, "Final E(HF)": {"Final E(HF)": -4421.036662088034}, "filename": "json_logs/1_kmzuzdrjai.json", "finish_time": {"time": "Sat Mar  4 03:42:44 2023\n", "total_time": 88.88802278899999}, "start_time": {"time": "Sat Mar  4 03:41:15 2023\n"}, "title": "/scratch/kx58/jm0124/tempJsons/1_kmzuzdrjai.json", "total_energy": {"total_energy": -4431.237350870534}}