{"E(RIMP2 (OS))": {"E(RIMP2 (OS))": -7.392985857202825}, "E(RIMP2 (SS))": {"E(RIMP2 (SS))": -2.8550328333890924}, "E(RIMP2)": {"E(RIMP2)": -10.248018690591916}, "E(RIMP2) SOS": {"E(RIMP2) SOS": -9.610881614363672}, "Final E(HF)": {"Final E(HF)": -4421.025107953072}, "filename": "json_logs/GAC-ngpus4-0-180.0_q25fr8b2tu.json", "finish_time": {"time": "Thu Mar  2 16:37:00 2023\n", "total_time": 103.065526406}, "start_time": {"time": "Thu Mar  2 16:35:17 2023\n"}, "title": "/scratch/kx58/jm0124/tempJsons/GAC-ngpus4-0-180.0_q25fr8b2tu.json", "total_energy": {"total_energy": -4431.273126643664}}