{"E(RIMP2 (OS))": {"E(RIMP2 (OS))": -7.385473820708509}, "E(RIMP2 (SS))": {"E(RIMP2 (SS))": -2.8479692583582774}, "E(RIMP2)": {"E(RIMP2)": -10.233443079066786}, "E(RIMP2) SOS": {"E(RIMP2) SOS": -9.601115966921062}, "Final E(HF)": {"Final E(HF)": -4421.003510429462}, "filename": "json_logs/2_qctqzlskhe.json", "finish_time": {"time": "Sat Mar  4 03:42:45 2023\n", "total_time": 94.546450308}, "start_time": {"time": "Sat Mar  4 03:41:11 2023\n"}, "title": "/scratch/kx58/jm0124/tempJsons/2_qctqzlskhe.json", "total_energy": {"total_energy": -4431.236953508529}}