{"E(RIMP2 (OS))": {"E(RIMP2 (OS))": -7.385473820703613}, "E(RIMP2 (SS))": {"E(RIMP2 (SS))": -2.847969258355177}, "E(RIMP2)": {"E(RIMP2)": -10.23344307905879}, "E(RIMP2) SOS": {"E(RIMP2) SOS": -9.601115966914698}, "Final E(HF)": {"Final E(HF)": -4421.003510429411}, "filename": "json_logs/2_qctqzlskhe.json", "finish_time": {"time": "Sat Mar  4 04:10:14 2023\n", "total_time": 95.228502058}, "start_time": {"time": "Sat Mar  4 04:08:39 2023\n"}, "title": "/scratch/kx58/jm0124/tempJsons/2_qctqzlskhe.json", "total_energy": {"total_energy": -4431.23695350847}}