{"E(RIMP2 (OS))": {"E(RIMP2 (OS))": -7.378589899327489}, "E(RIMP2 (SS))": {"E(RIMP2 (SS))": -2.8438164460231325}, "E(RIMP2)": {"E(RIMP2)": -10.22240634535062}, "E(RIMP2) SOS": {"E(RIMP2) SOS": -9.592166869125736}, "Final E(HF)": {"Final E(HF)": -4421.010288683585}, "filename": "json_logs/17_niihwlvt17.json", "finish_time": {"time": "Sat Mar  4 04:07:25 2023\n", "total_time": 93.07335501899999}, "start_time": {"time": "Sat Mar  4 04:05:53 2023\n"}, "title": "/scratch/kx58/jm0124/tempJsons/17_niihwlvt17.json", "total_energy": {"total_energy": -4431.232695028935}}