{"E(RIMP2 (OS))": {"E(RIMP2 (OS))": -7.378589899324783}, "E(RIMP2 (SS))": {"E(RIMP2 (SS))": -2.843816446020197}, "E(RIMP2)": {"E(RIMP2)": -10.22240634534498}, "E(RIMP2) SOS": {"E(RIMP2) SOS": -9.592166869122218}, "Final E(HF)": {"Final E(HF)": -4421.010288683716}, "filename": "json_logs/17_niihwlvt17.json", "finish_time": {"time": "Sat Mar  4 03:40:02 2023\n", "total_time": 94.61180312500001}, "start_time": {"time": "Sat Mar  4 03:38:27 2023\n"}, "title": "/scratch/kx58/jm0124/tempJsons/17_niihwlvt17.json", "total_energy": {"total_energy": -4431.232695029061}}