{"E(RIMP2 (OS))": {"E(RIMP2 (OS))": -7.392372456116491}, "E(RIMP2 (SS))": {"E(RIMP2 (SS))": -2.8543433817556463}, "E(RIMP2)": {"E(RIMP2)": -10.246715837872138}, "E(RIMP2) SOS": {"E(RIMP2) SOS": -9.610084192951438}, "Final E(HF)": {"Final E(HF)": -4421.02605622868}, "filename": "json_logs/74_8hgcgz1q6a.json", "finish_time": {"time": "Thu Mar  2 17:19:20 2023\n", "total_time": 100.79115117100001}, "start_time": {"time": "Thu Mar  2 17:17:40 2023\n"}, "title": "/scratch/kx58/jm0124/tempJsons/74_8hgcgz1q6a.json", "total_energy": {"total_energy": -4431.2727720665525}}