{"E(RIMP2 (OS))": {"E(RIMP2 (OS))": -7.386748454037517}, "E(RIMP2 (SS))": {"E(RIMP2 (SS))": -2.848825378820865}, "E(RIMP2)": {"E(RIMP2)": -10.235573832858382}, "E(RIMP2) SOS": {"E(RIMP2) SOS": -9.602772990248772}, "Final E(HF)": {"Final E(HF)": -4420.99428522911}, "filename": "json_logs/58_ilk5cscfyg.json", "finish_time": {"time": "Sat Mar  4 03:36:38 2023\n", "total_time": 92.68464167500001}, "start_time": {"time": "Sat Mar  4 03:35:06 2023\n"}, "title": "/scratch/kx58/jm0124/tempJsons/58_ilk5cscfyg.json", "total_energy": {"total_energy": -4431.229859061968}}