{"E(RIMP2 (OS))": {"E(RIMP2 (OS))": -7.399620293659144}, "E(RIMP2 (SS))": {"E(RIMP2 (SS))": -2.859383558074997}, "E(RIMP2)": {"E(RIMP2)": -10.25900385173414}, "E(RIMP2) SOS": {"E(RIMP2) SOS": -9.619506381756887}, "Final E(HF)": {"Final E(HF)": -4421.012776499985}, "filename": "json_logs/63_jkeqze88q2.json", "finish_time": {"time": "Thu Mar  2 16:13:36 2023\n", "total_time": 103.787348118}, "start_time": {"time": "Thu Mar  2 16:11:52 2023\n"}, "title": "/scratch/kx58/jm0124/tempJsons/63_jkeqze88q2.json", "total_energy": {"total_energy": -4431.271780351719}}