{"E(RIMP2 (OS))": {"E(RIMP2 (OS))": -7.386748454047408}, "E(RIMP2 (SS))": {"E(RIMP2 (SS))": -2.8488253788268945}, "E(RIMP2)": {"E(RIMP2)": -10.235573832874303}, "E(RIMP2) SOS": {"E(RIMP2) SOS": -9.60277299026163}, "Final E(HF)": {"Final E(HF)": -4420.994285229182}, "filename": "json_logs/58_ilk5cscfyg.json", "finish_time": {"time": "Sat Mar  4 04:04:09 2023\n", "total_time": 92.621573153}, "start_time": {"time": "Sat Mar  4 04:02:36 2023\n"}, "title": "/scratch/kx58/jm0124/tempJsons/58_ilk5cscfyg.json", "total_energy": {"total_energy": -4431.229859062058}}