{"E(RIMP2 (OS))": {"E(RIMP2 (OS))": -7.392989175436728}, "E(RIMP2 (SS))": {"E(RIMP2 (SS))": -2.854590168516276}, "E(RIMP2)": {"E(RIMP2)": -10.247579343953005}, "E(RIMP2) SOS": {"E(RIMP2) SOS": -9.610885928067747}, "Final E(HF)": {"Final E(HF)": -4421.023542139492}, "filename": "json_logs/65_7pwtytwbor.json", "finish_time": {"time": "Thu Mar  2 17:43:57 2023\n", "total_time": 97.878046756}, "start_time": {"time": "Thu Mar  2 17:42:20 2023\n"}, "title": "/scratch/kx58/jm0124/tempJsons/65_7pwtytwbor.json", "total_energy": {"total_energy": -4431.271121483445}}