{"E(RIMP2 (OS))": {"E(RIMP2 (OS))": -7.383311662772902}, "E(RIMP2 (SS))": {"E(RIMP2 (SS))": -2.845393732690265}, "E(RIMP2)": {"E(RIMP2)": -10.228705395463168}, "E(RIMP2) SOS": {"E(RIMP2) SOS": -9.598305161604774}, "Final E(HF)": {"Final E(HF)": -4420.997851613458}, "filename": "json_logs/77_up2vnxh38c.json", "finish_time": {"time": "Sat Mar  4 03:33:32 2023\n", "total_time": 98.539146638}, "start_time": {"time": "Sat Mar  4 03:31:53 2023\n"}, "title": "/scratch/kx58/jm0124/tempJsons/77_up2vnxh38c.json", "total_energy": {"total_energy": -4431.226557008921}}