{"E(RIMP2 (OS))": {"E(RIMP2 (OS))": -7.383311662762275}, "E(RIMP2 (SS))": {"E(RIMP2 (SS))": -2.845393732684142}, "E(RIMP2)": {"E(RIMP2)": -10.228705395446417}, "E(RIMP2) SOS": {"E(RIMP2) SOS": -9.598305161590957}, "Final E(HF)": {"Final E(HF)": -4420.997851613165}, "filename": "json_logs/77_up2vnxh38c.json", "finish_time": {"time": "Sat Mar  4 04:01:00 2023\n", "total_time": 96.512762462}, "start_time": {"time": "Sat Mar  4 03:59:23 2023\n"}, "title": "/scratch/kx58/jm0124/tempJsons/77_up2vnxh38c.json", "total_energy": {"total_energy": -4431.226557008611}}