{"E(RIMP2 (OS))": {"E(RIMP2 (OS))": -7.392092050400548}, "E(RIMP2 (SS))": {"E(RIMP2 (SS))": -2.854696099665812}, "E(RIMP2)": {"E(RIMP2)": -10.24678815006636}, "E(RIMP2) SOS": {"E(RIMP2) SOS": -9.609719665520712}, "Final E(HF)": {"Final E(HF)": -4421.023769365509}, "filename": "json_logs/12_sagd8gqd6a.json", "finish_time": {"time": "Thu Mar  2 16:56:57 2023\n", "total_time": 100.596036552}, "start_time": {"time": "Thu Mar  2 16:55:17 2023\n"}, "title": "/scratch/kx58/jm0124/tempJsons/12_sagd8gqd6a.json", "total_energy": {"total_energy": -4431.270557515575}}