{"E(RIMP2 (OS))": {"E(RIMP2 (OS))": -7.369243583077864}, "E(RIMP2 (SS))": {"E(RIMP2 (SS))": -2.83534290622205}, "E(RIMP2)": {"E(RIMP2)": -10.204586489299913}, "E(RIMP2) SOS": {"E(RIMP2) SOS": -9.580016658001224}, "Final E(HF)": {"Final E(HF)": -4421.019525738417}, "filename": "json_logs/13_zuevbi2ugw.json", "finish_time": {"time": "Sat Mar  4 04:07:23 2023\n", "total_time": 87.711683453}, "start_time": {"time": "Sat Mar  4 04:05:55 2023\n"}, "title": "/scratch/kx58/jm0124/tempJsons/13_zuevbi2ugw.json", "total_energy": {"total_energy": -4431.224112227716}}