{"E(RIMP2 (OS))": {"E(RIMP2 (OS))": -7.369243583074414}, "E(RIMP2 (SS))": {"E(RIMP2 (SS))": -2.8353429062196907}, "E(RIMP2)": {"E(RIMP2)": -10.204586489294105}, "E(RIMP2) SOS": {"E(RIMP2) SOS": -9.580016657996739}, "Final E(HF)": {"Final E(HF)": -4421.019525738422}, "filename": "json_logs/13_zuevbi2ugw.json", "finish_time": {"time": "Sat Mar  4 03:40:00 2023\n", "total_time": 89.29468028299999}, "start_time": {"time": "Sat Mar  4 03:38:31 2023\n"}, "title": "/scratch/kx58/jm0124/tempJsons/13_zuevbi2ugw.json", "total_energy": {"total_energy": -4431.224112227716}}