{"E(RIMP2 (OS))": {"E(RIMP2 (OS))": -7.3822158551213155}, "E(RIMP2 (SS))": {"E(RIMP2 (SS))": -2.846811527489005}, "E(RIMP2)": {"E(RIMP2)": -10.22902738261032}, "E(RIMP2) SOS": {"E(RIMP2) SOS": -9.59688061165771}, "Final E(HF)": {"Final E(HF)": -4421.043850076967}, "filename": "json_logs/0_qgdqsuvnyx.json", "finish_time": {"time": "Sat Mar  4 03:43:14 2023\n", "total_time": 93.244490391}, "start_time": {"time": "Sat Mar  4 03:41:41 2023\n"}, "title": "/scratch/kx58/jm0124/tempJsons/0_qgdqsuvnyx.json", "total_energy": {"total_energy": -4431.272877459577}}