{"E(RIMP2 (OS))": {"E(RIMP2 (OS))": -7.392290120504329}, "E(RIMP2 (SS))": {"E(RIMP2 (SS))": -2.8532675266744865}, "E(RIMP2)": {"E(RIMP2)": -10.245557647178815}, "E(RIMP2) SOS": {"E(RIMP2) SOS": -9.609977156655628}, "Final E(HF)": {"Final E(HF)": -4421.045161934278}, "filename": "json_logs/GAC-ngpus4-0-0.0_gdy79ogpc0.json", "finish_time": {"time": "Thu Mar  2 16:41:02 2023\n", "total_time": 80.01641619200001}, "start_time": {"time": "Thu Mar  2 16:39:42 2023\n"}, "title": "/scratch/kx58/jm0124/tempJsons/GAC-ngpus4-0-0.0_gdy79ogpc0.json", "total_energy": {"total_energy": -4431.290719581457}}