{"E(RIMP2 (OS))": {"E(RIMP2 (OS))": -7.382215855123446}, "E(RIMP2 (SS))": {"E(RIMP2 (SS))": -2.846811527491044}, "E(RIMP2)": {"E(RIMP2)": -10.22902738261449}, "E(RIMP2) SOS": {"E(RIMP2) SOS": -9.596880611660481}, "Final E(HF)": {"Final E(HF)": -4421.043850077083}, "filename": "json_logs/0_qgdqsuvnyx.json", "finish_time": {"time": "Sat Mar  4 04:10:33 2023\n", "total_time": 91.812858631}, "start_time": {"time": "Sat Mar  4 04:09:02 2023\n"}, "title": "/scratch/kx58/jm0124/tempJsons/0_qgdqsuvnyx.json", "total_energy": {"total_energy": -4431.272877459698}}