{"E(RIMP2 (OS))": {"E(RIMP2 (OS))": -7.386361728651915}, "E(RIMP2 (SS))": {"E(RIMP2 (SS))": -2.851257485469194}, "E(RIMP2)": {"E(RIMP2)": -10.237619214121109}, "E(RIMP2) SOS": {"E(RIMP2) SOS": -9.602270247247489}, "Final E(HF)": {"Final E(HF)": -4421.051262174073}, "filename": "json_logs/12_gv2tm4vpoy.json", "finish_time": {"time": "Thu Mar  2 16:40:09 2023\n", "total_time": 97.648863347}, "start_time": {"time": "Thu Mar  2 16:38:32 2023\n"}, "title": "/scratch/kx58/jm0124/tempJsons/12_gv2tm4vpoy.json", "total_energy": {"total_energy": -4431.288881388194}}