{"E(RIMP2 (OS))": {"E(RIMP2 (OS))": -7.399620293664339}, "E(RIMP2 (SS))": {"E(RIMP2 (SS))": -2.8593835580783917}, "E(RIMP2)": {"E(RIMP2)": -10.25900385174273}, "E(RIMP2) SOS": {"E(RIMP2) SOS": -9.61950638176364}, "Final E(HF)": {"Final E(HF)": -4421.012776499891}, "filename": "json_logs/63_xhvzluscyh.json", "finish_time": {"time": "Sat Mar  4 04:02:43 2023\n", "total_time": 104.31725643700001}, "start_time": {"time": "Sat Mar  4 04:00:59 2023\n"}, "title": "/scratch/kx58/jm0124/tempJsons/63_xhvzluscyh.json", "total_energy": {"total_energy": -4431.271780351633}}