{"E(RIMP2 (OS))": {"E(RIMP2 (OS))": -7.399620293660487}, "E(RIMP2 (SS))": {"E(RIMP2 (SS))": -2.8593835580757663}, "E(RIMP2)": {"E(RIMP2)": -10.259003851736253}, "E(RIMP2) SOS": {"E(RIMP2) SOS": -9.619506381758633}, "Final E(HF)": {"Final E(HF)": -4421.012776500502}, "filename": "json_logs/63_xhvzluscyh.json", "finish_time": {"time": "Sat Mar  4 03:35:13 2023\n", "total_time": 104.97569023700001}, "start_time": {"time": "Sat Mar  4 03:33:28 2023\n"}, "title": "/scratch/kx58/jm0124/tempJsons/63_xhvzluscyh.json", "total_energy": {"total_energy": -4431.271780352238}}