{"E(RIMP2 (OS))": {"E(RIMP2 (OS))": -7.381371151760793}, "E(RIMP2 (SS))": {"E(RIMP2 (SS))": -2.846834080073061}, "E(RIMP2)": {"E(RIMP2)": -10.228205231833854}, "E(RIMP2) SOS": {"E(RIMP2) SOS": -9.595782497289031}, "Final E(HF)": {"Final E(HF)": -4421.04059633691}, "filename": "json_logs/12_81nuc3oa0k.json", "finish_time": {"time": "Sat Mar  4 03:41:08 2023\n", "total_time": 97.05968218000001}, "start_time": {"time": "Sat Mar  4 03:39:31 2023\n"}, "title": "/scratch/kx58/jm0124/tempJsons/12_81nuc3oa0k.json", "total_energy": {"total_energy": -4431.268801568744}}