{"E(RIMP2 (OS))": {"E(RIMP2 (OS))": -7.381371151752969}, "E(RIMP2 (SS))": {"E(RIMP2 (SS))": -2.8468340800686494}, "E(RIMP2)": {"E(RIMP2)": -10.228205231821619}, "E(RIMP2) SOS": {"E(RIMP2) SOS": -9.59578249727886}, "Final E(HF)": {"Final E(HF)": -4421.040596336896}, "filename": "json_logs/12_81nuc3oa0k.json", "finish_time": {"time": "Sat Mar  4 04:08:38 2023\n", "total_time": 96.568184865}, "start_time": {"time": "Sat Mar  4 04:07:02 2023\n"}, "title": "/scratch/kx58/jm0124/tempJsons/12_81nuc3oa0k.json", "total_energy": {"total_energy": -4431.268801568717}}