{"E(RIMP2 (OS))": {"E(RIMP2 (OS))": -7.39850602109933}, "E(RIMP2 (SS))": {"E(RIMP2 (SS))": -2.8595355828115308}, "E(RIMP2)": {"E(RIMP2)": -10.258041603910861}, "E(RIMP2) SOS": {"E(RIMP2) SOS": -9.618057827429128}, "Final E(HF)": {"Final E(HF)": -4421.030761315233}, "filename": "json_logs/GAC-ngpus4-0-180.0_7blc5qmwf7.json", "finish_time": {"time": "Thu Mar  2 16:10:06 2023\n", "total_time": 99.76203364199999}, "start_time": {"time": "Thu Mar  2 16:08:27 2023\n"}, "title": "/scratch/kx58/jm0124/tempJsons/GAC-ngpus4-0-180.0_7blc5qmwf7.json", "total_energy": {"total_energy": -4431.288802919143}}