{"E(RIMP2 (OS))": {"E(RIMP2 (OS))": -7.372960634109921}, "E(RIMP2 (SS))": {"E(RIMP2 (SS))": -2.839344433607998}, "E(RIMP2)": {"E(RIMP2)": -10.212305067717919}, "E(RIMP2) SOS": {"E(RIMP2) SOS": -9.584848824342897}, "Final E(HF)": {"Final E(HF)": -4421.055916832513}, "filename": "json_logs/30_bc97lwn62g.json", "finish_time": {"time": "Sat Mar  4 04:07:00 2023\n", "total_time": 90.670581322}, "start_time": {"time": "Sat Mar  4 04:05:30 2023\n"}, "title": "/scratch/kx58/jm0124/tempJsons/30_bc97lwn62g.json", "total_energy": {"total_energy": -4431.268221900231}}