{"E(RIMP2 (OS))": {"E(RIMP2 (OS))": -7.384401841196301}, "E(RIMP2 (SS))": {"E(RIMP2 (SS))": -2.8484346458322825}, "E(RIMP2)": {"E(RIMP2)": -10.232836487028584}, "E(RIMP2) SOS": {"E(RIMP2) SOS": -9.599722393555192}, "Final E(HF)": {"Final E(HF)": -4421.051322402514}, "filename": "json_logs/GAC-ngpus4-0-0.0_r3kfmft9d8.json", "finish_time": {"time": "Thu Mar  2 17:23:09 2023\n", "total_time": 94.233471052}, "start_time": {"time": "Thu Mar  2 17:21:35 2023\n"}, "title": "/scratch/kx58/jm0124/tempJsons/GAC-ngpus4-0-0.0_r3kfmft9d8.json", "total_energy": {"total_energy": -4431.2841588895435}}