{"E(RIMP2 (OS))": {"E(RIMP2 (OS))": -7.372960634118124}, "E(RIMP2 (SS))": {"E(RIMP2 (SS))": -2.839344433613014}, "E(RIMP2)": {"E(RIMP2)": -10.212305067731139}, "E(RIMP2) SOS": {"E(RIMP2) SOS": -9.584848824353562}, "Final E(HF)": {"Final E(HF)": -4421.055916832647}, "filename": "json_logs/30_bc97lwn62g.json", "finish_time": {"time": "Sat Mar  4 03:39:35 2023\n", "total_time": 91.31616276000001}, "start_time": {"time": "Sat Mar  4 03:38:04 2023\n"}, "title": "/scratch/kx58/jm0124/tempJsons/30_bc97lwn62g.json", "total_energy": {"total_energy": -4431.268221900379}}