{"E(RIMP2 (OS))": {"E(RIMP2 (OS))": -7.396420416392574}, "E(RIMP2 (SS))": {"E(RIMP2 (SS))": -2.85646651304938}, "E(RIMP2)": {"E(RIMP2)": -10.252886929441953}, "E(RIMP2) SOS": {"E(RIMP2) SOS": -9.615346541310346}, "Final E(HF)": {"Final E(HF)": -4421.029889863379}, "filename": "json_logs/65_7hra5319bg.json", "finish_time": {"time": "Thu Mar  2 17:37:40 2023\n", "total_time": 106.875320129}, "start_time": {"time": "Thu Mar  2 17:35:53 2023\n"}, "title": "/scratch/kx58/jm0124/tempJsons/65_7hra5319bg.json", "total_energy": {"total_energy": -4431.282776792821}}