{"E(RIMP2 (OS))": {"E(RIMP2 (OS))": -7.377464022442325}, "E(RIMP2 (SS))": {"E(RIMP2 (SS))": -2.8416237874528285}, "E(RIMP2)": {"E(RIMP2)": -10.219087809895154}, "E(RIMP2) SOS": {"E(RIMP2) SOS": -9.590703229175023}, "Final E(HF)": {"Final E(HF)": -4421.047179986204}, "filename": "json_logs/62_8n8kez409g.json", "finish_time": {"time": "Sat Mar  4 03:35:12 2023\n", "total_time": 97.305171434}, "start_time": {"time": "Sat Mar  4 03:33:35 2023\n"}, "title": "/scratch/kx58/jm0124/tempJsons/62_8n8kez409g.json", "total_energy": {"total_energy": -4431.266267796099}}