{"E(RIMP2 (OS))": {"E(RIMP2 (OS))": -7.377464022442923}, "E(RIMP2 (SS))": {"E(RIMP2 (SS))": -2.8416237874533}, "E(RIMP2)": {"E(RIMP2)": -10.219087809896223}, "E(RIMP2) SOS": {"E(RIMP2) SOS": -9.5907032291758}, "Final E(HF)": {"Final E(HF)": -4421.047179986219}, "filename": "json_logs/62_8n8kez409g.json", "finish_time": {"time": "Sat Mar  4 04:02:37 2023\n", "total_time": 95.13362192999999}, "start_time": {"time": "Sat Mar  4 04:01:02 2023\n"}, "title": "/scratch/kx58/jm0124/tempJsons/62_8n8kez409g.json", "total_energy": {"total_energy": -4431.266267796115}}