{"E(RIMP2 (OS))": {"E(RIMP2 (OS))": -7.384573069720509}, "E(RIMP2 (SS))": {"E(RIMP2 (SS))": -2.847504011435312}, "E(RIMP2)": {"E(RIMP2)": -10.232077081155822}, "E(RIMP2) SOS": {"E(RIMP2) SOS": -9.599944990636661}, "Final E(HF)": {"Final E(HF)": -4421.029661827684}, "filename": "json_logs/65_dd4cm1j9yd.json", "finish_time": {"time": "Sat Mar  4 04:02:34 2023\n", "total_time": 97.70536572099999}, "start_time": {"time": "Sat Mar  4 04:00:56 2023\n"}, "title": "/scratch/kx58/jm0124/tempJsons/65_dd4cm1j9yd.json", "total_energy": {"total_energy": -4431.26173890884}}