{"E(RIMP2 (OS))": {"E(RIMP2 (OS))": -7.384573069719391}, "E(RIMP2 (SS))": {"E(RIMP2 (SS))": -2.847504011434673}, "E(RIMP2)": {"E(RIMP2)": -10.232077081154063}, "E(RIMP2) SOS": {"E(RIMP2) SOS": -9.599944990635208}, "Final E(HF)": {"Final E(HF)": -4421.029661827479}, "filename": "json_logs/65_dd4cm1j9yd.json", "finish_time": {"time": "Sat Mar  4 03:35:03 2023\n", "total_time": 97.43733992499999}, "start_time": {"time": "Sat Mar  4 03:33:26 2023\n"}, "title": "/scratch/kx58/jm0124/tempJsons/65_dd4cm1j9yd.json", "total_energy": {"total_energy": -4431.261738908633}}