{"E(RIMP2 (OS))": {"E(RIMP2 (OS))": -7.381220617253036}, "E(RIMP2 (SS))": {"E(RIMP2 (SS))": -2.8456445747644894}, "E(RIMP2)": {"E(RIMP2)": -10.226865192017526}, "E(RIMP2) SOS": {"E(RIMP2) SOS": -9.595586802428947}, "Final E(HF)": {"Final E(HF)": -4421.0516045227505}, "filename": "json_logs/65_ytjugd7rfl.json", "finish_time": {"time": "Thu Mar  2 17:45:28 2023\n", "total_time": 97.04882017999999}, "start_time": {"time": "Thu Mar  2 17:43:51 2023\n"}, "title": "/scratch/kx58/jm0124/tempJsons/65_ytjugd7rfl.json", "total_energy": {"total_energy": -4431.278469714768}}