{"E(RIMP2 (OS))": {"E(RIMP2 (OS))": -7.389035528926801}, "E(RIMP2 (SS))": {"E(RIMP2 (SS))": -2.8505525172511765}, "E(RIMP2)": {"E(RIMP2)": -10.239588046177978}, "E(RIMP2) SOS": {"E(RIMP2) SOS": -9.605746187604842}, "Final E(HF)": {"Final E(HF)": -4421.038669171994}, "filename": "json_logs/30_qwya8mkoa4.json", "finish_time": {"time": "Thu Mar  2 17:00:14 2023\n", "total_time": 96.635821107}, "start_time": {"time": "Thu Mar  2 16:58:38 2023\n"}, "title": "/scratch/kx58/jm0124/tempJsons/30_qwya8mkoa4.json", "total_energy": {"total_energy": -4431.278257218172}}