{"E(RIMP2 (OS))": {"E(RIMP2 (OS))": -7.372462579363225}, "E(RIMP2 (SS))": {"E(RIMP2 (SS))": -2.839829844813376}, "E(RIMP2)": {"E(RIMP2)": -10.212292424176601}, "E(RIMP2) SOS": {"E(RIMP2) SOS": -9.584201353172192}, "Final E(HF)": {"Final E(HF)": -4421.043338376157}, "filename": "json_logs/74_ki1cmei20a.json", "finish_time": {"time": "Sat Mar  4 03:34:53 2023\n", "total_time": 91.47037062}, "start_time": {"time": "Sat Mar  4 03:33:22 2023\n"}, "title": "/scratch/kx58/jm0124/tempJsons/74_ki1cmei20a.json", "total_energy": {"total_energy": -4431.255630800334}}