{"E(RIMP2 (OS))": {"E(RIMP2 (OS))": -7.372462579371522}, "E(RIMP2 (SS))": {"E(RIMP2 (SS))": -2.8398298448185577}, "E(RIMP2)": {"E(RIMP2)": -10.21229242419008}, "E(RIMP2) SOS": {"E(RIMP2) SOS": -9.584201353182978}, "Final E(HF)": {"Final E(HF)": -4421.043338376165}, "filename": "json_logs/74_ki1cmei20a.json", "finish_time": {"time": "Sat Mar  4 04:02:22 2023\n", "total_time": 90.48124997800001}, "start_time": {"time": "Sat Mar  4 04:00:52 2023\n"}, "title": "/scratch/kx58/jm0124/tempJsons/74_ki1cmei20a.json", "total_energy": {"total_energy": -4431.255630800354}}