{"E(RIMP2 (OS))": {"E(RIMP2 (OS))": -7.382410110054391}, "E(RIMP2 (SS))": {"E(RIMP2 (SS))": -2.8456671689509814}, "E(RIMP2)": {"E(RIMP2)": -10.228077279005372}, "E(RIMP2) SOS": {"E(RIMP2) SOS": -9.597133143070709}, "Final E(HF)": {"Final E(HF)": -4421.027874486841}, "filename": "json_logs/8_cf2kas737s.json", "finish_time": {"time": "Sat Mar  4 04:08:37 2023\n", "total_time": 94.029531357}, "start_time": {"time": "Sat Mar  4 04:07:03 2023\n"}, "title": "/scratch/kx58/jm0124/tempJsons/8_cf2kas737s.json", "total_energy": {"total_energy": -4431.2559517658465}}