{"E(RIMP2 (OS))": {"E(RIMP2 (OS))": -7.3824101100614}, "E(RIMP2 (SS))": {"E(RIMP2 (SS))": -2.845667168955078}, "E(RIMP2)": {"E(RIMP2)": -10.228077279016478}, "E(RIMP2) SOS": {"E(RIMP2) SOS": -9.597133143079821}, "Final E(HF)": {"Final E(HF)": -4421.027874486881}, "filename": "json_logs/8_cf2kas737s.json", "finish_time": {"time": "Sat Mar  4 03:41:12 2023\n", "total_time": 95.00309569000001}, "start_time": {"time": "Sat Mar  4 03:39:38 2023\n"}, "title": "/scratch/kx58/jm0124/tempJsons/8_cf2kas737s.json", "total_energy": {"total_energy": -4431.255951765898}}