{"E(RIMP2 (OS))": {"E(RIMP2 (OS))": -7.383933022630093}, "E(RIMP2 (SS))": {"E(RIMP2 (SS))": -2.8483744242479667}, "E(RIMP2)": {"E(RIMP2)": -10.23230744687806}, "E(RIMP2) SOS": {"E(RIMP2) SOS": -9.599112929419121}, "Final E(HF)": {"Final E(HF)": -4421.04447411581}, "filename": "json_logs/30_pinetpe5no.json", "finish_time": {"time": "Thu Mar  2 17:03:18 2023\n", "total_time": 99.194378313}, "start_time": {"time": "Thu Mar  2 17:01:39 2023\n"}, "title": "/scratch/kx58/jm0124/tempJsons/30_pinetpe5no.json", "total_energy": {"total_energy": -4431.276781562688}}