{"E(RIMP2 (OS))": {"E(RIMP2 (OS))": -7.38312498729415}, "E(RIMP2 (SS))": {"E(RIMP2 (SS))": -2.84592608971764}, "E(RIMP2)": {"E(RIMP2)": -10.229051077011789}, "E(RIMP2) SOS": {"E(RIMP2) SOS": -9.598062483482396}, "Final E(HF)": {"Final E(HF)": -4421.022336112443}, "filename": "json_logs/95_xvezsucb7x.json", "finish_time": {"time": "Sat Mar  4 03:33:19 2023\n", "total_time": 92.058617514}, "start_time": {"time": "Sat Mar  4 03:31:47 2023\n"}, "title": "/scratch/kx58/jm0124/tempJsons/95_xvezsucb7x.json", "total_energy": {"total_energy": -4431.251387189454}}