{"E(RIMP2 (OS))": {"E(RIMP2 (OS))": -7.376476537667142}, "E(RIMP2 (SS))": {"E(RIMP2 (SS))": -2.8409473472403444}, "E(RIMP2)": {"E(RIMP2)": -10.217423884907486}, "E(RIMP2) SOS": {"E(RIMP2) SOS": -9.589419498967285}, "Final E(HF)": {"Final E(HF)": -4421.059465725804}, "filename": "json_logs/34_netpcgxv3r.json", "finish_time": {"time": "Thu Mar  2 16:35:10 2023\n", "total_time": 94.4916926}, "start_time": {"time": "Thu Mar  2 16:33:35 2023\n"}, "title": "/scratch/kx58/jm0124/tempJsons/34_netpcgxv3r.json", "total_energy": {"total_energy": -4431.276889610712}}