{"E(RIMP2 (OS))": {"E(RIMP2 (OS))": -7.383124987287198}, "E(RIMP2 (SS))": {"E(RIMP2 (SS))": -2.845926089713746}, "E(RIMP2)": {"E(RIMP2)": -10.229051077000944}, "E(RIMP2) SOS": {"E(RIMP2) SOS": -9.598062483473358}, "Final E(HF)": {"Final E(HF)": -4421.022336112435}, "filename": "json_logs/95_xvezsucb7x.json", "finish_time": {"time": "Sat Mar  4 04:00:49 2023\n", "total_time": 91.113479511}, "start_time": {"time": "Sat Mar  4 03:59:18 2023\n"}, "title": "/scratch/kx58/jm0124/tempJsons/95_xvezsucb7x.json", "total_energy": {"total_energy": -4431.251387189436}}