{"E(RIMP2 (OS))": {"E(RIMP2 (OS))": -1.6138700435552658}, "E(RIMP2 (SS))": {"E(RIMP2 (SS))": -0.48509924132593063}, "E(RIMP2)": {"E(RIMP2)": -2.0989692848811963}, "E(RIMP2) SOS": {"E(RIMP2) SOS": -2.0980310566218456}, "Final E(HF)": {"Final E(HF)": -547.6836215613439}, "filename": "json_logs/F14f_0.json", "finish_time": {"time": "Mon Feb  6 12:38:46 2023\n", "total_time": 14.024796732999999}, "start_time": {"time": "Mon Feb  6 12:38:32 2023\n"}, "title": "/scratch/kx58/jm0124/tempJsons/F14f_0.json", "total_energy": {"total_energy": -549.782590846225}}