{"E(RIMP2 (OS))": {"E(RIMP2 (OS))": -1.6145264150814846}, "E(RIMP2 (SS))": {"E(RIMP2 (SS))": -0.48558793677799306}, "E(RIMP2)": {"E(RIMP2)": -2.1001143518594776}, "E(RIMP2) SOS": {"E(RIMP2) SOS": -2.09888433960593}, "Final E(HF)": {"Final E(HF)": -547.6817634136216}, "filename": "json_logs/F14f_10.json", "finish_time": {"time": "Mon Feb  6 12:38:11 2023\n", "total_time": 13.831404152}, "start_time": {"time": "Mon Feb  6 12:37:58 2023\n"}, "title": "/scratch/kx58/jm0124/tempJsons/F14f_10.json", "total_energy": {"total_energy": -549.7818777654811}}