{"E(RIMP2 (OS))": {"E(RIMP2 (OS))": -1.6145315423469533}, "E(RIMP2 (SS))": {"E(RIMP2 (SS))": -0.4855943948856001}, "E(RIMP2)": {"E(RIMP2)": -2.100125937232553}, "E(RIMP2) SOS": {"E(RIMP2) SOS": -2.098891005051039}, "Final E(HF)": {"Final E(HF)": -547.6817579338082}, "filename": "json_logs/F14f_11.json", "finish_time": {"time": "Mon Feb  6 12:38:06 2023\n", "total_time": 13.993967093}, "start_time": {"time": "Mon Feb  6 12:37:52 2023\n"}, "title": "/scratch/kx58/jm0124/tempJsons/F14f_11.json", "total_energy": {"total_energy": -549.7818838710408}}