{"E(RIMP2 (OS))": {"E(RIMP2 (OS))": -1.6144331338405529}, "E(RIMP2 (SS))": {"E(RIMP2 (SS))": -0.48552014826875484}, "E(RIMP2)": {"E(RIMP2)": -2.0999532821093077}, "E(RIMP2) SOS": {"E(RIMP2) SOS": -2.098763073992719}, "Final E(HF)": {"Final E(HF)": -547.6817939662877}, "filename": "json_logs/F14f_12.json", "finish_time": {"time": "Mon Feb  6 12:38:00 2023\n", "total_time": 14.289794176}, "start_time": {"time": "Mon Feb  6 12:37:45 2023\n"}, "title": "/scratch/kx58/jm0124/tempJsons/F14f_12.json", "total_energy": {"total_energy": -549.781747248397}}