{"E(RIMP2 (OS))": {"E(RIMP2 (OS))": -1.6144386584577535}, "E(RIMP2 (SS))": {"E(RIMP2 (SS))": -0.4855273585944944}, "E(RIMP2)": {"E(RIMP2)": -2.099966017052248}, "E(RIMP2) SOS": {"E(RIMP2) SOS": -2.0987702559950794}, "Final E(HF)": {"Final E(HF)": -547.6817601165016}, "filename": "json_logs/F14f_13.json", "finish_time": {"time": "Mon Feb  6 12:37:57 2023\n", "total_time": 13.087270097000001}, "start_time": {"time": "Mon Feb  6 12:37:44 2023\n"}, "title": "/scratch/kx58/jm0124/tempJsons/F14f_13.json", "total_energy": {"total_energy": -549.7817261335538}}