{"E(RIMP2 (OS))": {"E(RIMP2 (OS))": -1.6152833771736907}, "E(RIMP2 (SS))": {"E(RIMP2 (SS))": -0.4861509772603453}, "E(RIMP2)": {"E(RIMP2)": -2.101434354434036}, "E(RIMP2) SOS": {"E(RIMP2) SOS": -2.099868390325798}, "Final E(HF)": {"Final E(HF)": -547.6799591274412}, "filename": "json_logs/F14f_14.json", "finish_time": {"time": "Mon Feb  6 12:37:56 2023\n", "total_time": 13.292867793}, "start_time": {"time": "Mon Feb  6 12:37:43 2023\n"}, "title": "/scratch/kx58/jm0124/tempJsons/F14f_14.json", "total_energy": {"total_energy": -549.7813934818752}}