{"E(RIMP2 (OS))": {"E(RIMP2 (OS))": -1.615336838543956}, "E(RIMP2 (SS))": {"E(RIMP2 (SS))": -0.4861893194377129}, "E(RIMP2)": {"E(RIMP2)": -2.101526157981669}, "E(RIMP2) SOS": {"E(RIMP2) SOS": -2.099937890107143}, "Final E(HF)": {"Final E(HF)": -547.6799301645444}, "filename": "json_logs/F14f_15.json", "finish_time": {"time": "Mon Feb  6 12:37:50 2023\n", "total_time": 15.053192044}, "start_time": {"time": "Mon Feb  6 12:37:36 2023\n"}, "title": "/scratch/kx58/jm0124/tempJsons/F14f_15.json", "total_energy": {"total_energy": -549.7814563225261}}