{"E(RIMP2 (OS))": {"E(RIMP2 (OS))": -1.6153341489289497}, "E(RIMP2 (SS))": {"E(RIMP2 (SS))": -0.48618760652344206}, "E(RIMP2)": {"E(RIMP2)": -2.1015217554523917}, "E(RIMP2) SOS": {"E(RIMP2) SOS": -2.0999343936076347}, "Final E(HF)": {"Final E(HF)": -547.6799209711577}, "filename": "json_logs/F14f_16.json", "finish_time": {"time": "Mon Feb  6 12:37:44 2023\n", "total_time": 15.252232413}, "start_time": {"time": "Mon Feb  6 12:37:29 2023\n"}, "title": "/scratch/kx58/jm0124/tempJsons/F14f_16.json", "total_energy": {"total_energy": -549.7814427266101}}