{"E(RIMP2 (OS))": {"E(RIMP2 (OS))": -1.6153492951846002}, "E(RIMP2 (SS))": {"E(RIMP2 (SS))": -0.48620438112393544}, "E(RIMP2)": {"E(RIMP2)": -2.101553676308536}, "E(RIMP2) SOS": {"E(RIMP2) SOS": -2.0999540837399806}, "Final E(HF)": {"Final E(HF)": -547.6799092623475}, "filename": "json_logs/F14f_17.json", "finish_time": {"time": "Mon Feb  6 12:37:42 2023\n", "total_time": 15.069057594}, "start_time": {"time": "Mon Feb  6 12:37:27 2023\n"}, "title": "/scratch/kx58/jm0124/tempJsons/F14f_17.json", "total_energy": {"total_energy": -549.781462938656}}