{"E(RIMP2 (OS))": {"E(RIMP2 (OS))": -1.6153678214026965}, "E(RIMP2 (SS))": {"E(RIMP2 (SS))": -0.48620522974381014}, "E(RIMP2)": {"E(RIMP2)": -2.1015730511465067}, "E(RIMP2) SOS": {"E(RIMP2) SOS": -2.0999781678235054}, "Final E(HF)": {"Final E(HF)": -547.6798892218692}, "filename": "json_logs/F14f_18.json", "finish_time": {"time": "Mon Feb  6 12:37:42 2023\n", "total_time": 14.982878507}, "start_time": {"time": "Mon Feb  6 12:37:27 2023\n"}, "title": "/scratch/kx58/jm0124/tempJsons/F14f_18.json", "total_energy": {"total_energy": -549.7814622730158}}