{"E(RIMP2 (OS))": {"E(RIMP2 (OS))": -1.6155204546665658}, "E(RIMP2 (SS))": {"E(RIMP2 (SS))": -0.48639736253740234}, "E(RIMP2)": {"E(RIMP2)": -2.1019178172039683}, "E(RIMP2) SOS": {"E(RIMP2) SOS": -2.1001765910665355}, "Final E(HF)": {"Final E(HF)": -547.6801187466584}, "filename": "json_logs/F14f_19.json", "finish_time": {"time": "Mon Feb  6 12:37:34 2023\n", "total_time": 15.173644285}, "start_time": {"time": "Mon Feb  6 12:37:19 2023\n"}, "title": "/scratch/kx58/jm0124/tempJsons/F14f_19.json", "total_energy": {"total_energy": -549.7820365638624}}