{"E(RIMP2 (OS))": {"E(RIMP2 (OS))": -1.6138641713603068}, "E(RIMP2 (SS))": {"E(RIMP2 (SS))": -0.48510386280926954}, "E(RIMP2)": {"E(RIMP2)": -2.0989680341695762}, "E(RIMP2) SOS": {"E(RIMP2) SOS": -2.098023422768399}, "Final E(HF)": {"Final E(HF)": -547.6835332950512}, "filename": "json_logs/F14f_1.json", "finish_time": {"time": "Mon Feb  6 12:38:44 2023\n", "total_time": 13.951256184}, "start_time": {"time": "Mon Feb  6 12:38:31 2023\n"}, "title": "/scratch/kx58/jm0124/tempJsons/F14f_1.json", "total_energy": {"total_energy": -549.7825013292208}}