{"E(RIMP2 (OS))": {"E(RIMP2 (OS))": -1.615436653860097}, "E(RIMP2 (SS))": {"E(RIMP2 (SS))": -0.48632039244537395}, "E(RIMP2)": {"E(RIMP2)": -2.101757046305471}, "E(RIMP2) SOS": {"E(RIMP2) SOS": -2.100067650018126}, "Final E(HF)": {"Final E(HF)": -547.6801137621751}, "filename": "json_logs/F14f_20.json", "finish_time": {"time": "Mon Feb  6 12:37:27 2023\n", "total_time": 15.482890423}, "start_time": {"time": "Mon Feb  6 12:37:12 2023\n"}, "title": "/scratch/kx58/jm0124/tempJsons/F14f_20.json", "total_energy": {"total_energy": -549.7818708084806}}