{"E(RIMP2 (OS))": {"E(RIMP2 (OS))": -1.6152823991949306}, "E(RIMP2 (SS))": {"E(RIMP2 (SS))": -0.48613306948176904}, "E(RIMP2)": {"E(RIMP2)": -2.1014154686766995}, "E(RIMP2) SOS": {"E(RIMP2) SOS": -2.09986711895341}, "Final E(HF)": {"Final E(HF)": -547.6799334688945}, "filename": "json_logs/F14f_21.json", "finish_time": {"time": "Mon Feb  6 12:37:26 2023\n", "total_time": 15.104617069}, "start_time": {"time": "Mon Feb  6 12:37:11 2023\n"}, "title": "/scratch/kx58/jm0124/tempJsons/F14f_21.json", "total_energy": {"total_energy": -549.7813489375712}}