{"E(RIMP2 (OS))": {"E(RIMP2 (OS))": -1.6154781442230923}, "E(RIMP2 (SS))": {"E(RIMP2 (SS))": -0.4863661366339601}, "E(RIMP2)": {"E(RIMP2)": -2.1018442808570525}, "E(RIMP2) SOS": {"E(RIMP2) SOS": -2.1001215874900203}, "Final E(HF)": {"Final E(HF)": -547.6801111400356}, "filename": "json_logs/F14f_22.json", "finish_time": {"time": "Mon Feb  6 12:37:25 2023\n", "total_time": 15.056143856999999}, "start_time": {"time": "Mon Feb  6 12:37:10 2023\n"}, "title": "/scratch/kx58/jm0124/tempJsons/F14f_22.json", "total_energy": {"total_energy": -549.7819554208926}}