{"E(RIMP2 (OS))": {"E(RIMP2 (OS))": -1.6154787118612421}, "E(RIMP2 (SS))": {"E(RIMP2 (SS))": -0.4863714927336103}, "E(RIMP2)": {"E(RIMP2)": -2.1018502045948524}, "E(RIMP2) SOS": {"E(RIMP2) SOS": -2.100122325419615}, "Final E(HF)": {"Final E(HF)": -547.6801138441876}, "filename": "json_logs/F14f_23.json", "finish_time": {"time": "Mon Feb  6 12:37:18 2023\n", "total_time": 15.259755692999999}, "start_time": {"time": "Mon Feb  6 12:37:02 2023\n"}, "title": "/scratch/kx58/jm0124/tempJsons/F14f_23.json", "total_energy": {"total_energy": -549.7819640487825}}