{"E(RIMP2 (OS))": {"E(RIMP2 (OS))": -1.6154099099007184}, "E(RIMP2 (SS))": {"E(RIMP2 (SS))": -0.4862923525893584}, "E(RIMP2)": {"E(RIMP2)": -2.1017022624900767}, "E(RIMP2) SOS": {"E(RIMP2) SOS": -2.100032882870934}, "Final E(HF)": {"Final E(HF)": -547.6800957989318}, "filename": "json_logs/F14f_24.json", "finish_time": {"time": "Mon Feb  6 12:37:10 2023\n", "total_time": 15.279753536000001}, "start_time": {"time": "Mon Feb  6 12:36:55 2023\n"}, "title": "/scratch/kx58/jm0124/tempJsons/F14f_24.json", "total_energy": {"total_energy": -549.7817980614218}}