{"E(RIMP2 (OS))": {"E(RIMP2 (OS))": -1.6152831222271384}, "E(RIMP2 (SS))": {"E(RIMP2 (SS))": -0.48614210999053137}, "E(RIMP2)": {"E(RIMP2)": -2.10142523221767}, "E(RIMP2) SOS": {"E(RIMP2) SOS": -2.09986805889528}, "Final E(HF)": {"Final E(HF)": -547.6798963713554}, "filename": "json_logs/F14f_25.json", "finish_time": {"time": "Mon Feb  6 12:37:09 2023\n", "total_time": 14.998820576}, "start_time": {"time": "Mon Feb  6 12:36:55 2023\n"}, "title": "/scratch/kx58/jm0124/tempJsons/F14f_25.json", "total_energy": {"total_energy": -549.781321603573}}