{"E(RIMP2 (OS))": {"E(RIMP2 (OS))": -1.6154879833255416}, "E(RIMP2 (SS))": {"E(RIMP2 (SS))": -0.48638270223987956}, "E(RIMP2)": {"E(RIMP2)": -2.1018706855654212}, "E(RIMP2) SOS": {"E(RIMP2) SOS": -2.100134378323204}, "Final E(HF)": {"Final E(HF)": -547.6801025249858}, "filename": "json_logs/F14f_26.json", "finish_time": {"time": "Mon Feb  6 12:37:09 2023\n", "total_time": 15.084497077}, "start_time": {"time": "Mon Feb  6 12:36:54 2023\n"}, "title": "/scratch/kx58/jm0124/tempJsons/F14f_26.json", "total_energy": {"total_energy": -549.7819732105513}}