{"E(RIMP2 (OS))": {"E(RIMP2 (OS))": -1.6152740756448654}, "E(RIMP2 (SS))": {"E(RIMP2 (SS))": -0.486153476020016}, "E(RIMP2)": {"E(RIMP2)": -2.1014275516648815}, "E(RIMP2) SOS": {"E(RIMP2) SOS": -2.099856298338325}, "Final E(HF)": {"Final E(HF)": -547.6799479299742}, "filename": "json_logs/F14f_27.json", "finish_time": {"time": "Mon Feb  6 12:37:01 2023\n", "total_time": 14.184708742000002}, "start_time": {"time": "Mon Feb  6 12:36:47 2023\n"}, "title": "/scratch/kx58/jm0124/tempJsons/F14f_27.json", "total_energy": {"total_energy": -549.7813754816391}}