{"E(RIMP2 (OS))": {"E(RIMP2 (OS))": -1.6152796771857092}, "E(RIMP2 (SS))": {"E(RIMP2 (SS))": -0.48614382406721035}, "E(RIMP2)": {"E(RIMP2)": -2.1014235012529197}, "E(RIMP2) SOS": {"E(RIMP2) SOS": -2.099863580341422}, "Final E(HF)": {"Final E(HF)": -547.6799156889917}, "filename": "json_logs/F14f_28.json", "finish_time": {"time": "Mon Feb  6 12:36:54 2023\n", "total_time": 14.977820713}, "start_time": {"time": "Mon Feb  6 12:36:39 2023\n"}, "title": "/scratch/kx58/jm0124/tempJsons/F14f_28.json", "total_energy": {"total_energy": -549.7813391902447}}