{"E(RIMP2 (OS))": {"E(RIMP2 (OS))": -1.615297651641327}, "E(RIMP2 (SS))": {"E(RIMP2 (SS))": -0.4861630542823733}, "E(RIMP2)": {"E(RIMP2)": -2.1014607059237003}, "E(RIMP2) SOS": {"E(RIMP2) SOS": -2.0998869471337254}, "Final E(HF)": {"Final E(HF)": -547.6799132597014}, "filename": "json_logs/F14f_29.json", "finish_time": {"time": "Mon Feb  6 12:36:53 2023\n", "total_time": 14.925192845}, "start_time": {"time": "Mon Feb  6 12:36:38 2023\n"}, "title": "/scratch/kx58/jm0124/tempJsons/F14f_29.json", "total_energy": {"total_energy": -549.7813739656251}}