{"E(RIMP2 (OS))": {"E(RIMP2 (OS))": -1.614612066093731}, "E(RIMP2 (SS))": {"E(RIMP2 (SS))": -0.4856470131614252}, "E(RIMP2)": {"E(RIMP2)": -2.1002590792551565}, "E(RIMP2) SOS": {"E(RIMP2) SOS": -2.0989956859218504}, "Final E(HF)": {"Final E(HF)": -547.6817849230152}, "filename": "json_logs/F14f_2.json", "finish_time": {"time": "Mon Feb  6 12:38:41 2023\n", "total_time": 12.363001370000001}, "start_time": {"time": "Mon Feb  6 12:38:29 2023\n"}, "title": "/scratch/kx58/jm0124/tempJsons/F14f_2.json", "total_energy": {"total_energy": -549.7820440022704}}