{"E(RIMP2 (OS))": {"E(RIMP2 (OS))": -1.6154178066280311}, "E(RIMP2 (SS))": {"E(RIMP2 (SS))": -0.48632012963726534}, "E(RIMP2)": {"E(RIMP2)": -2.1017379362652964}, "E(RIMP2) SOS": {"E(RIMP2) SOS": -2.1000431486164404}, "Final E(HF)": {"Final E(HF)": -547.6801222220804}, "filename": "json_logs/F14f_30.json", "finish_time": {"time": "Mon Feb  6 12:36:52 2023\n", "total_time": 16.086402885}, "start_time": {"time": "Mon Feb  6 12:36:37 2023\n"}, "title": "/scratch/kx58/jm0124/tempJsons/F14f_30.json", "total_energy": {"total_energy": -549.7818601583457}}