{"E(RIMP2 (OS))": {"E(RIMP2 (OS))": -1.615273022314411}, "E(RIMP2 (SS))": {"E(RIMP2 (SS))": -0.48614487212297497}, "E(RIMP2)": {"E(RIMP2)": -2.101417894437386}, "E(RIMP2) SOS": {"E(RIMP2) SOS": -2.0998549290087345}, "Final E(HF)": {"Final E(HF)": -547.6799299492427}, "filename": "json_logs/F14f_31.json", "finish_time": {"time": "Mon Feb  6 12:36:45 2023\n", "total_time": 14.97481245}, "start_time": {"time": "Mon Feb  6 12:36:31 2023\n"}, "title": "/scratch/kx58/jm0124/tempJsons/F14f_31.json", "total_energy": {"total_energy": -549.7813478436801}}