{"E(RIMP2 (OS))": {"E(RIMP2 (OS))": -1.615334645836639}, "E(RIMP2 (SS))": {"E(RIMP2 (SS))": -0.48618524122855356}, "E(RIMP2)": {"E(RIMP2)": -2.1015198870651925}, "E(RIMP2) SOS": {"E(RIMP2) SOS": -2.099935039587631}, "Final E(HF)": {"Final E(HF)": -547.6799288304533}, "filename": "json_logs/F14f_32.json", "finish_time": {"time": "Mon Feb  6 12:36:37 2023\n", "total_time": 15.143843838}, "start_time": {"time": "Mon Feb  6 12:36:22 2023\n"}, "title": "/scratch/kx58/jm0124/tempJsons/F14f_32.json", "total_energy": {"total_energy": -549.7814487175184}}