{"E(RIMP2 (OS))": {"E(RIMP2 (OS))": -1.6152789845504012}, "E(RIMP2 (SS))": {"E(RIMP2 (SS))": -0.4861381507263406}, "E(RIMP2)": {"E(RIMP2)": -2.101417135276742}, "E(RIMP2) SOS": {"E(RIMP2) SOS": -2.0998626799155216}, "Final E(HF)": {"Final E(HF)": -547.6799354767458}, "filename": "json_logs/F14f_33.json", "finish_time": {"time": "Mon Feb  6 12:36:37 2023\n", "total_time": 14.994544906}, "start_time": {"time": "Mon Feb  6 12:36:22 2023\n"}, "title": "/scratch/kx58/jm0124/tempJsons/F14f_33.json", "total_energy": {"total_energy": -549.7813526120225}}