{"E(RIMP2 (OS))": {"E(RIMP2 (OS))": -1.615286304875243}, "E(RIMP2 (SS))": {"E(RIMP2 (SS))": -0.4861424977560753}, "E(RIMP2)": {"E(RIMP2)": -2.101428802631318}, "E(RIMP2) SOS": {"E(RIMP2) SOS": -2.099872196337816}, "Final E(HF)": {"Final E(HF)": -547.6799151209074}, "filename": "json_logs/F14f_34.json", "finish_time": {"time": "Mon Feb  6 12:36:35 2023\n", "total_time": 14.908788280000001}, "start_time": {"time": "Mon Feb  6 12:36:20 2023\n"}, "title": "/scratch/kx58/jm0124/tempJsons/F14f_34.json", "total_energy": {"total_energy": -549.7813439235387}}