{"E(RIMP2 (OS))": {"E(RIMP2 (OS))": -1.6152738678421525}, "E(RIMP2 (SS))": {"E(RIMP2 (SS))": -0.48614437183109055}, "E(RIMP2)": {"E(RIMP2)": -2.1014182396732433}, "E(RIMP2) SOS": {"E(RIMP2) SOS": -2.0998560281947984}, "Final E(HF)": {"Final E(HF)": -547.6799285303979}, "filename": "json_logs/F14f_35.json", "finish_time": {"time": "Mon Feb  6 12:36:29 2023\n", "total_time": 15.013346928}, "start_time": {"time": "Mon Feb  6 12:36:14 2023\n"}, "title": "/scratch/kx58/jm0124/tempJsons/F14f_35.json", "total_energy": {"total_energy": -549.7813467700711}}