{"E(RIMP2 (OS))": {"E(RIMP2 (OS))": -1.615337449604685}, "E(RIMP2 (SS))": {"E(RIMP2 (SS))": -0.4861915351880954}, "E(RIMP2)": {"E(RIMP2)": -2.1015289847927803}, "E(RIMP2) SOS": {"E(RIMP2) SOS": -2.099938684486091}, "Final E(HF)": {"Final E(HF)": -547.6799228860821}, "filename": "json_logs/F14f_36.json", "finish_time": {"time": "Mon Feb  6 12:36:21 2023\n", "total_time": 15.168384899000001}, "start_time": {"time": "Mon Feb  6 12:36:06 2023\n"}, "title": "/scratch/kx58/jm0124/tempJsons/F14f_36.json", "total_energy": {"total_energy": -549.7814518708749}}