{"E(RIMP2 (OS))": {"E(RIMP2 (OS))": -1.6152550864430006}, "E(RIMP2 (SS))": {"E(RIMP2 (SS))": -0.4861302299556739}, "E(RIMP2)": {"E(RIMP2)": -2.1013853163986744}, "E(RIMP2) SOS": {"E(RIMP2) SOS": -2.099831612375901}, "Final E(HF)": {"Final E(HF)": -547.6799451170102}, "filename": "json_logs/F14f_37.json", "finish_time": {"time": "Mon Feb  6 12:36:20 2023\n", "total_time": 15.918127035}, "start_time": {"time": "Mon Feb  6 12:36:04 2023\n"}, "title": "/scratch/kx58/jm0124/tempJsons/F14f_37.json", "total_energy": {"total_energy": -549.7813304334088}}