{"E(RIMP2 (OS))": {"E(RIMP2 (OS))": -1.6153052897808908}, "E(RIMP2 (SS))": {"E(RIMP2 (SS))": -0.4861544836191878}, "E(RIMP2)": {"E(RIMP2)": -2.1014597734000784}, "E(RIMP2) SOS": {"E(RIMP2) SOS": -2.099896876715158}, "Final E(HF)": {"Final E(HF)": -547.6799193214222}, "filename": "json_logs/F14f_38.json", "finish_time": {"time": "Mon Feb  6 12:36:19 2023\n", "total_time": 14.993838948}, "start_time": {"time": "Mon Feb  6 12:36:04 2023\n"}, "title": "/scratch/kx58/jm0124/tempJsons/F14f_38.json", "total_energy": {"total_energy": -549.7813790948222}}