{"E(RIMP2 (OS))": {"E(RIMP2 (OS))": -1.61532630064312}, "E(RIMP2 (SS))": {"E(RIMP2 (SS))": -0.48623844667196925}, "E(RIMP2)": {"E(RIMP2)": -2.101564747315089}, "E(RIMP2) SOS": {"E(RIMP2) SOS": -2.099924190836056}, "Final E(HF)": {"Final E(HF)": -547.6801125999035}, "filename": "json_logs/F14f_39.json", "finish_time": {"time": "Mon Feb  6 12:36:13 2023\n", "total_time": 14.959247098}, "start_time": {"time": "Mon Feb  6 12:35:58 2023\n"}, "title": "/scratch/kx58/jm0124/tempJsons/F14f_39.json", "total_energy": {"total_energy": -549.7816773472186}}