{"E(RIMP2 (OS))": {"E(RIMP2 (OS))": -1.6146128942573694}, "E(RIMP2 (SS))": {"E(RIMP2 (SS))": -0.48564413644231325}, "E(RIMP2)": {"E(RIMP2)": -2.100257030699683}, "E(RIMP2) SOS": {"E(RIMP2) SOS": -2.0989967625345805}, "Final E(HF)": {"Final E(HF)": -547.6817787969379}, "filename": "json_logs/F14f_3.json", "finish_time": {"time": "Mon Feb  6 12:38:39 2023\n", "total_time": 15.741715509}, "start_time": {"time": "Mon Feb  6 12:38:23 2023\n"}, "title": "/scratch/kx58/jm0124/tempJsons/F14f_3.json", "total_energy": {"total_energy": -549.7820358276375}}