{"E(RIMP2 (OS))": {"E(RIMP2 (OS))": -1.6153646450323724}, "E(RIMP2 (SS))": {"E(RIMP2 (SS))": -0.4861967665353346}, "E(RIMP2)": {"E(RIMP2)": -2.1015614115677073}, "E(RIMP2) SOS": {"E(RIMP2) SOS": -2.099974038542084}, "Final E(HF)": {"Final E(HF)": -547.6798681496227}, "filename": "json_logs/F14f_40.json", "finish_time": {"time": "Mon Feb  6 12:36:04 2023\n", "total_time": 14.465200875}, "start_time": {"time": "Mon Feb  6 12:35:50 2023\n"}, "title": "/scratch/kx58/jm0124/tempJsons/F14f_40.json", "total_energy": {"total_energy": -549.7814295611905}}