{"E(RIMP2 (OS))": {"E(RIMP2 (OS))": -1.6152541371724454}, "E(RIMP2 (SS))": {"E(RIMP2 (SS))": -0.4861278348628155}, "E(RIMP2)": {"E(RIMP2)": -2.101381972035261}, "E(RIMP2) SOS": {"E(RIMP2) SOS": -2.099830378324179}, "Final E(HF)": {"Final E(HF)": -547.6799349035792}, "filename": "json_logs/F14f_41.json", "finish_time": {"time": "Mon Feb  6 12:36:02 2023\n", "total_time": 15.006733189}, "start_time": {"time": "Mon Feb  6 12:35:48 2023\n"}, "title": "/scratch/kx58/jm0124/tempJsons/F14f_41.json", "total_energy": {"total_energy": -549.7813168756145}}