{"E(RIMP2 (OS))": {"E(RIMP2 (OS))": -1.615327208217182}, "E(RIMP2 (SS))": {"E(RIMP2 (SS))": -0.48616480827998937}, "E(RIMP2)": {"E(RIMP2)": -2.101492016497171}, "E(RIMP2) SOS": {"E(RIMP2) SOS": -2.0999253706823366}, "Final E(HF)": {"Final E(HF)": -547.6798996680034}, "filename": "json_logs/F14f_42.json", "finish_time": {"time": "Mon Feb  6 12:36:03 2023\n", "total_time": 16.063786164}, "start_time": {"time": "Mon Feb  6 12:35:47 2023\n"}, "title": "/scratch/kx58/jm0124/tempJsons/F14f_42.json", "total_energy": {"total_energy": -549.7813916845006}}