{"E(RIMP2 (OS))": {"E(RIMP2 (OS))": -1.6151641688785152}, "E(RIMP2 (SS))": {"E(RIMP2 (SS))": -0.48606474610949285}, "E(RIMP2)": {"E(RIMP2)": -2.101228914988008}, "E(RIMP2) SOS": {"E(RIMP2) SOS": -2.09971341954207}, "Final E(HF)": {"Final E(HF)": -547.6799572047513}, "filename": "json_logs/F14f_43.json", "finish_time": {"time": "Mon Feb  6 12:35:57 2023\n", "total_time": 14.202692543}, "start_time": {"time": "Mon Feb  6 12:35:43 2023\n"}, "title": "/scratch/kx58/jm0124/tempJsons/F14f_43.json", "total_energy": {"total_energy": -549.7811861197393}}