{"E(RIMP2 (OS))": {"E(RIMP2 (OS))": -1.6154645848173512}, "E(RIMP2 (SS))": {"E(RIMP2 (SS))": -0.4863457842965574}, "E(RIMP2)": {"E(RIMP2)": -2.1018103691139087}, "E(RIMP2) SOS": {"E(RIMP2) SOS": -2.100103960262557}, "Final E(HF)": {"Final E(HF)": -547.6801257117489}, "filename": "json_logs/F14f_44.json", "finish_time": {"time": "Mon Feb  6 12:35:49 2023\n", "total_time": 15.514013473}, "start_time": {"time": "Mon Feb  6 12:35:33 2023\n"}, "title": "/scratch/kx58/jm0124/tempJsons/F14f_44.json", "total_energy": {"total_energy": -549.7819360808628}}