{"E(RIMP2 (OS))": {"E(RIMP2 (OS))": -1.6151952878896876}, "E(RIMP2 (SS))": {"E(RIMP2 (SS))": -0.4860847689958487}, "E(RIMP2)": {"E(RIMP2)": -2.1012800568855363}, "E(RIMP2) SOS": {"E(RIMP2) SOS": -2.099753874256594}, "Final E(HF)": {"Final E(HF)": -547.6799362736724}, "filename": "json_logs/F14f_45.json", "finish_time": {"time": "Mon Feb  6 12:35:46 2023\n", "total_time": 14.881325047}, "start_time": {"time": "Mon Feb  6 12:35:31 2023\n"}, "title": "/scratch/kx58/jm0124/tempJsons/F14f_45.json", "total_energy": {"total_energy": -549.781216330558}}