{"E(RIMP2 (OS))": {"E(RIMP2 (OS))": -1.6153601078969462}, "E(RIMP2 (SS))": {"E(RIMP2 (SS))": -0.4861922115236488}, "E(RIMP2)": {"E(RIMP2)": -2.1015523194205947}, "E(RIMP2) SOS": {"E(RIMP2) SOS": -2.09996814026603}, "Final E(HF)": {"Final E(HF)": -547.6798622127517}, "filename": "json_logs/F14f_46.json", "finish_time": {"time": "Mon Feb  6 12:35:45 2023\n", "total_time": 15.106923210000001}, "start_time": {"time": "Mon Feb  6 12:35:30 2023\n"}, "title": "/scratch/kx58/jm0124/tempJsons/F14f_46.json", "total_energy": {"total_energy": -549.7814145321722}}