{"E(RIMP2 (OS))": {"E(RIMP2 (OS))": -1.6153171607890393}, "E(RIMP2 (SS))": {"E(RIMP2 (SS))": -0.48616546355442875}, "E(RIMP2)": {"E(RIMP2)": -2.101482624343468}, "E(RIMP2) SOS": {"E(RIMP2) SOS": -2.099912309025751}, "Final E(HF)": {"Final E(HF)": -547.6799094111691}, "filename": "json_logs/F14f_47.json", "finish_time": {"time": "Mon Feb  6 12:35:41 2023\n", "total_time": 14.949465973}, "start_time": {"time": "Mon Feb  6 12:35:26 2023\n"}, "title": "/scratch/kx58/jm0124/tempJsons/F14f_47.json", "total_energy": {"total_energy": -549.7813920355126}}