{"E(RIMP2 (OS))": {"E(RIMP2 (OS))": -1.6153371838070336}, "E(RIMP2 (SS))": {"E(RIMP2 (SS))": -0.48618495759558406}, "E(RIMP2)": {"E(RIMP2)": -2.1015221414026177}, "E(RIMP2) SOS": {"E(RIMP2) SOS": -2.0999383389491437}, "Final E(HF)": {"Final E(HF)": -547.6799024095749}, "filename": "json_logs/F14f_48.json", "finish_time": {"time": "Mon Feb  6 12:35:32 2023\n", "total_time": 14.517479043}, "start_time": {"time": "Mon Feb  6 12:35:17 2023\n"}, "title": "/scratch/kx58/jm0124/tempJsons/F14f_48.json", "total_energy": {"total_energy": -549.7814245509775}}