{"E(RIMP2 (OS))": {"E(RIMP2 (OS))": -1.615179259375409}, "E(RIMP2 (SS))": {"E(RIMP2 (SS))": -0.4860711820695076}, "E(RIMP2)": {"E(RIMP2)": -2.1012504414449165}, "E(RIMP2) SOS": {"E(RIMP2) SOS": -2.099733037188032}, "Final E(HF)": {"Final E(HF)": -547.6799432947996}, "filename": "json_logs/F14f_49.json", "finish_time": {"time": "Mon Feb  6 12:35:30 2023\n", "total_time": 14.03727561}, "start_time": {"time": "Mon Feb  6 12:35:16 2023\n"}, "title": "/scratch/kx58/jm0124/tempJsons/F14f_49.json", "total_energy": {"total_energy": -549.7811937362445}}