{"E(RIMP2 (OS))": {"E(RIMP2 (OS))": -1.614607817951927}, "E(RIMP2 (SS))": {"E(RIMP2 (SS))": -0.4856432069387156}, "E(RIMP2)": {"E(RIMP2)": -2.1002510248906425}, "E(RIMP2) SOS": {"E(RIMP2) SOS": -2.098990163337505}, "Final E(HF)": {"Final E(HF)": -547.681763223325}, "filename": "json_logs/F14f_4.json", "finish_time": {"time": "Mon Feb  6 12:38:31 2023\n", "total_time": 14.451783137000001}, "start_time": {"time": "Mon Feb  6 12:38:17 2023\n"}, "title": "/scratch/kx58/jm0124/tempJsons/F14f_4.json", "total_energy": {"total_energy": -549.7820142482155}}