{"E(RIMP2 (OS))": {"E(RIMP2 (OS))": -1.6151929114743726}, "E(RIMP2 (SS))": {"E(RIMP2 (SS))": -0.48608354029471507}, "E(RIMP2)": {"E(RIMP2)": -2.101276451769088}, "E(RIMP2) SOS": {"E(RIMP2) SOS": -2.0997507849166843}, "Final E(HF)": {"Final E(HF)": -547.6799382659989}, "filename": "json_logs/F14f_50.json", "finish_time": {"time": "Mon Feb  6 12:35:29 2023\n", "total_time": 15.083897405}, "start_time": {"time": "Mon Feb  6 12:35:14 2023\n"}, "title": "/scratch/kx58/jm0124/tempJsons/F14f_50.json", "total_energy": {"total_energy": -549.7812147177681}}