{"E(RIMP2 (OS))": {"E(RIMP2 (OS))": -1.6151849591322909}, "E(RIMP2 (SS))": {"E(RIMP2 (SS))": -0.48606365461079376}, "E(RIMP2)": {"E(RIMP2)": -2.101248613743085}, "E(RIMP2) SOS": {"E(RIMP2) SOS": -2.0997404468719782}, "Final E(HF)": {"Final E(HF)": -547.6799573695719}, "filename": "json_logs/F14f_51.json", "finish_time": {"time": "Mon Feb  6 12:35:25 2023\n", "total_time": 14.040863141}, "start_time": {"time": "Mon Feb  6 12:35:11 2023\n"}, "title": "/scratch/kx58/jm0124/tempJsons/F14f_51.json", "total_energy": {"total_energy": -549.781205983315}}