{"E(RIMP2 (OS))": {"E(RIMP2 (OS))": -1.6153675804360785}, "E(RIMP2 (SS))": {"E(RIMP2 (SS))": -0.4862114895590597}, "E(RIMP2)": {"E(RIMP2)": -2.101579069995138}, "E(RIMP2) SOS": {"E(RIMP2) SOS": -2.099977854566902}, "Final E(HF)": {"Final E(HF)": -547.6799003636637}, "filename": "json_logs/F14f_52.json", "finish_time": {"time": "Mon Feb  6 12:35:16 2023\n", "total_time": 15.380694314000001}, "start_time": {"time": "Mon Feb  6 12:35:01 2023\n"}, "title": "/scratch/kx58/jm0124/tempJsons/F14f_52.json", "total_energy": {"total_energy": -549.7814794336589}}