{"E(RIMP2 (OS))": {"E(RIMP2 (OS))": -1.6153168499121553}, "E(RIMP2 (SS))": {"E(RIMP2 (SS))": -0.4861764369984912}, "E(RIMP2)": {"E(RIMP2)": -2.1014932869106464}, "E(RIMP2) SOS": {"E(RIMP2) SOS": -2.099911904885802}, "Final E(HF)": {"Final E(HF)": -547.6799204740378}, "filename": "json_logs/F14f_53.json", "finish_time": {"time": "Mon Feb  6 12:35:14 2023\n", "total_time": 15.260439694}, "start_time": {"time": "Mon Feb  6 12:34:59 2023\n"}, "title": "/scratch/kx58/jm0124/tempJsons/F14f_53.json", "total_energy": {"total_energy": -549.7814137609483}}