{"E(RIMP2 (OS))": {"E(RIMP2 (OS))": -1.6153863745082044}, "E(RIMP2 (SS))": {"E(RIMP2 (SS))": -0.4862144504858559}, "E(RIMP2)": {"E(RIMP2)": -2.10160082499406}, "E(RIMP2) SOS": {"E(RIMP2) SOS": -2.100002286860666}, "Final E(HF)": {"Final E(HF)": -547.6798901033063}, "filename": "json_logs/F14f_54.json", "finish_time": {"time": "Mon Feb  6 12:35:12 2023\n", "total_time": 13.404513418}, "start_time": {"time": "Mon Feb  6 12:34:59 2023\n"}, "title": "/scratch/kx58/jm0124/tempJsons/F14f_54.json", "total_energy": {"total_energy": -549.7814909283003}}