{"E(RIMP2 (OS))": {"E(RIMP2 (OS))": -1.6151829800035338}, "E(RIMP2 (SS))": {"E(RIMP2 (SS))": -0.48606747611936024}, "E(RIMP2)": {"E(RIMP2)": -2.101250456122894}, "E(RIMP2) SOS": {"E(RIMP2) SOS": -2.0997378740045938}, "Final E(HF)": {"Final E(HF)": -547.6799250497892}, "filename": "json_logs/F14f_55.json", "finish_time": {"time": "Mon Feb  6 12:35:09 2023\n", "total_time": 14.168545547}, "start_time": {"time": "Mon Feb  6 12:34:55 2023\n"}, "title": "/scratch/kx58/jm0124/tempJsons/F14f_55.json", "total_energy": {"total_energy": -549.7811755059121}}