{"E(RIMP2 (OS))": {"E(RIMP2 (OS))": -1.615172796897142}, "E(RIMP2 (SS))": {"E(RIMP2 (SS))": -0.48606443713054454}, "E(RIMP2)": {"E(RIMP2)": -2.101237234027687}, "E(RIMP2) SOS": {"E(RIMP2) SOS": -2.0997246359662847}, "Final E(HF)": {"Final E(HF)": -547.6799340910915}, "filename": "json_logs/F14f_56.json", "finish_time": {"time": "Mon Feb  6 12:34:59 2023\n", "total_time": 13.635328994}, "start_time": {"time": "Mon Feb  6 12:34:46 2023\n"}, "title": "/scratch/kx58/jm0124/tempJsons/F14f_56.json", "total_energy": {"total_energy": -549.7811713251191}}