{"E(RIMP2 (OS))": {"E(RIMP2 (OS))": -1.6151835698020323}, "E(RIMP2 (SS))": {"E(RIMP2 (SS))": -0.4860694207161576}, "E(RIMP2)": {"E(RIMP2)": -2.10125299051819}, "E(RIMP2) SOS": {"E(RIMP2) SOS": -2.099738640742642}, "Final E(HF)": {"Final E(HF)": -547.67994102017}, "filename": "json_logs/F14f_57.json", "finish_time": {"time": "Mon Feb  6 12:34:58 2023\n", "total_time": 13.326552265}, "start_time": {"time": "Mon Feb  6 12:34:45 2023\n"}, "title": "/scratch/kx58/jm0124/tempJsons/F14f_57.json", "total_energy": {"total_energy": -549.7811940106882}}