{"E(RIMP2 (OS))": {"E(RIMP2 (OS))": -1.6153347395247926}, "E(RIMP2 (SS))": {"E(RIMP2 (SS))": -0.48618520416332456}, "E(RIMP2)": {"E(RIMP2)": -2.101519943688117}, "E(RIMP2) SOS": {"E(RIMP2) SOS": -2.0999351613822306}, "Final E(HF)": {"Final E(HF)": -547.6798687489892}, "filename": "json_logs/F14f_58.json", "finish_time": {"time": "Mon Feb  6 12:34:57 2023\n", "total_time": 15.474629868000001}, "start_time": {"time": "Mon Feb  6 12:34:42 2023\n"}, "title": "/scratch/kx58/jm0124/tempJsons/F14f_58.json", "total_energy": {"total_energy": -549.7813886926773}}