{"E(RIMP2 (OS))": {"E(RIMP2 (OS))": -1.6154848552604362}, "E(RIMP2 (SS))": {"E(RIMP2 (SS))": -0.4863645659969682}, "E(RIMP2)": {"E(RIMP2)": -2.1018494212574046}, "E(RIMP2) SOS": {"E(RIMP2) SOS": -2.100130311838567}, "Final E(HF)": {"Final E(HF)": -547.6801140880876}, "filename": "json_logs/F14f_59.json", "finish_time": {"time": "Mon Feb  6 12:34:53 2023\n", "total_time": 15.173514762000002}, "start_time": {"time": "Mon Feb  6 12:34:38 2023\n"}, "title": "/scratch/kx58/jm0124/tempJsons/F14f_59.json", "total_energy": {"total_energy": -549.781963509345}}