{"E(RIMP2 (OS))": {"E(RIMP2 (OS))": -1.6146043300716721}, "E(RIMP2 (SS))": {"E(RIMP2 (SS))": -0.48564472168393297}, "E(RIMP2)": {"E(RIMP2)": -2.100249051755605}, "E(RIMP2) SOS": {"E(RIMP2) SOS": -2.098985629093174}, "Final E(HF)": {"Final E(HF)": -547.6817776658584}, "filename": "json_logs/F14f_5.json", "finish_time": {"time": "Mon Feb  6 12:38:29 2023\n", "total_time": 14.121867109000002}, "start_time": {"time": "Mon Feb  6 12:38:15 2023\n"}, "title": "/scratch/kx58/jm0124/tempJsons/F14f_5.json", "total_energy": {"total_energy": -549.7820267176139}}