{"E(RIMP2 (OS))": {"E(RIMP2 (OS))": -1.6153765517526726}, "E(RIMP2 (SS))": {"E(RIMP2 (SS))": -0.486275006514098}, "E(RIMP2)": {"E(RIMP2)": -2.1016515582667705}, "E(RIMP2) SOS": {"E(RIMP2) SOS": -2.0999895172784746}, "Final E(HF)": {"Final E(HF)": -547.6800659680853}, "filename": "json_logs/F14f_60.json", "finish_time": {"time": "Mon Feb  6 12:34:44 2023\n", "total_time": 16.146247822}, "start_time": {"time": "Mon Feb  6 12:34:28 2023\n"}, "title": "/scratch/kx58/jm0124/tempJsons/F14f_60.json", "total_energy": {"total_energy": -549.781717526352}}