{"E(RIMP2 (OS))": {"E(RIMP2 (OS))": -1.6152903967281231}, "E(RIMP2 (SS))": {"E(RIMP2 (SS))": -0.48614310100914565}, "E(RIMP2)": {"E(RIMP2)": -2.101433497737269}, "E(RIMP2) SOS": {"E(RIMP2) SOS": -2.0998775157465603}, "Final E(HF)": {"Final E(HF)": -547.6798931882396}, "filename": "json_logs/F14f_61.json", "finish_time": {"time": "Mon Feb  6 12:34:43 2023\n", "total_time": 15.845017831}, "start_time": {"time": "Mon Feb  6 12:34:27 2023\n"}, "title": "/scratch/kx58/jm0124/tempJsons/F14f_61.json", "total_energy": {"total_energy": -549.7813266859769}}