{"E(RIMP2 (OS))": {"E(RIMP2 (OS))": -1.615101581281722}, "E(RIMP2 (SS))": {"E(RIMP2 (SS))": -0.4860200445200313}, "E(RIMP2)": {"E(RIMP2)": -2.101121625801753}, "E(RIMP2) SOS": {"E(RIMP2) SOS": -2.0996320556662385}, "Final E(HF)": {"Final E(HF)": -547.6799347752666}, "filename": "json_logs/F14f_62.json", "finish_time": {"time": "Mon Feb  6 12:34:41 2023\n", "total_time": 14.01768475}, "start_time": {"time": "Mon Feb  6 12:34:27 2023\n"}, "title": "/scratch/kx58/jm0124/tempJsons/F14f_62.json", "total_energy": {"total_energy": -549.7810564010683}}