{"E(RIMP2 (OS))": {"E(RIMP2 (OS))": -1.6151079838164621}, "E(RIMP2 (SS))": {"E(RIMP2 (SS))": -0.4860165966094762}, "E(RIMP2)": {"E(RIMP2)": -2.1011245804259384}, "E(RIMP2) SOS": {"E(RIMP2) SOS": -2.099640378961401}, "Final E(HF)": {"Final E(HF)": -547.679940753179}, "filename": "json_logs/F14f_63.json", "finish_time": {"time": "Mon Feb  6 12:34:37 2023\n", "total_time": 13.238532456000002}, "start_time": {"time": "Mon Feb  6 12:34:24 2023\n"}, "title": "/scratch/kx58/jm0124/tempJsons/F14f_63.json", "total_energy": {"total_energy": -549.7810653336049}}