{"E(RIMP2 (OS))": {"E(RIMP2 (OS))": -1.615173542925369}, "E(RIMP2 (SS))": {"E(RIMP2 (SS))": -0.486060542264914}, "E(RIMP2)": {"E(RIMP2)": -2.101234085190283}, "E(RIMP2) SOS": {"E(RIMP2) SOS": -2.09972560580298}, "Final E(HF)": {"Final E(HF)": -547.67992624683}, "filename": "json_logs/F14f_64.json", "finish_time": {"time": "Mon Feb  6 12:34:27 2023\n", "total_time": 14.362091771}, "start_time": {"time": "Mon Feb  6 12:34:13 2023\n"}, "title": "/scratch/kx58/jm0124/tempJsons/F14f_64.json", "total_energy": {"total_energy": -549.7811603320202}}