{"E(RIMP2 (OS))": {"E(RIMP2 (OS))": -1.6151135583415746}, "E(RIMP2 (SS))": {"E(RIMP2 (SS))": -0.486028367069616}, "E(RIMP2)": {"E(RIMP2)": -2.1011419254111905}, "E(RIMP2) SOS": {"E(RIMP2) SOS": -2.099647625844047}, "Final E(HF)": {"Final E(HF)": -547.679932751454}, "filename": "json_logs/F14f_65.json", "finish_time": {"time": "Mon Feb  6 12:34:25 2023\n", "total_time": 13.233038139000001}, "start_time": {"time": "Mon Feb  6 12:34:12 2023\n"}, "title": "/scratch/kx58/jm0124/tempJsons/F14f_65.json", "total_energy": {"total_energy": -549.7810746768652}}