{"E(RIMP2 (OS))": {"E(RIMP2 (OS))": -1.6151554796388945}, "E(RIMP2 (SS))": {"E(RIMP2 (SS))": -0.48605091535463374}, "E(RIMP2)": {"E(RIMP2)": -2.101206394993528}, "E(RIMP2) SOS": {"E(RIMP2) SOS": -2.099702123530563}, "Final E(HF)": {"Final E(HF)": -547.6799401088299}, "filename": "json_logs/F14f_66.json", "finish_time": {"time": "Mon Feb  6 12:34:26 2023\n", "total_time": 14.906132124}, "start_time": {"time": "Mon Feb  6 12:34:11 2023\n"}, "title": "/scratch/kx58/jm0124/tempJsons/F14f_66.json", "total_energy": {"total_energy": -549.7811465038235}}