{"E(RIMP2 (OS))": {"E(RIMP2 (OS))": -1.6151869975439723}, "E(RIMP2 (SS))": {"E(RIMP2 (SS))": -0.48609180099320426}, "E(RIMP2)": {"E(RIMP2)": -2.1012787985371766}, "E(RIMP2) SOS": {"E(RIMP2) SOS": -2.099743096807164}, "Final E(HF)": {"Final E(HF)": -547.679934508439}, "filename": "json_logs/F14f_67.json", "finish_time": {"time": "Mon Feb  6 12:34:22 2023\n", "total_time": 15.012132585}, "start_time": {"time": "Mon Feb  6 12:34:07 2023\n"}, "title": "/scratch/kx58/jm0124/tempJsons/F14f_67.json", "total_energy": {"total_energy": -549.7812133069763}}