{"E(RIMP2 (OS))": {"E(RIMP2 (OS))": -1.6151028368841749}, "E(RIMP2 (SS))": {"E(RIMP2 (SS))": -0.48602359497196884}, "E(RIMP2)": {"E(RIMP2)": -2.1011264318561436}, "E(RIMP2) SOS": {"E(RIMP2) SOS": -2.0996336879494275}, "Final E(HF)": {"Final E(HF)": -547.6799248893905}, "filename": "json_logs/F14f_68.json", "finish_time": {"time": "Mon Feb  6 12:34:11 2023\n", "total_time": 14.205199869000001}, "start_time": {"time": "Mon Feb  6 12:33:57 2023\n"}, "title": "/scratch/kx58/jm0124/tempJsons/F14f_68.json", "total_energy": {"total_energy": -549.7810513212465}}