{"E(RIMP2 (OS))": {"E(RIMP2 (OS))": -1.6152483589652082}, "E(RIMP2 (SS))": {"E(RIMP2 (SS))": -0.4861122409275003}, "E(RIMP2)": {"E(RIMP2)": -2.1013605998927085}, "E(RIMP2) SOS": {"E(RIMP2) SOS": -2.0998228666547707}, "Final E(HF)": {"Final E(HF)": -547.679920065272}, "filename": "json_logs/F14f_69.json", "finish_time": {"time": "Mon Feb  6 12:34:11 2023\n", "total_time": 14.932310988}, "start_time": {"time": "Mon Feb  6 12:33:56 2023\n"}, "title": "/scratch/kx58/jm0124/tempJsons/F14f_69.json", "total_energy": {"total_energy": -549.7812806651647}}