{"E(RIMP2 (OS))": {"E(RIMP2 (OS))": -1.6145298477933547}, "E(RIMP2 (SS))": {"E(RIMP2 (SS))": -0.4855901361667305}, "E(RIMP2)": {"E(RIMP2)": -2.1001199839600853}, "E(RIMP2) SOS": {"E(RIMP2) SOS": -2.0988888021313614}, "Final E(HF)": {"Final E(HF)": -547.6817730849516}, "filename": "json_logs/F14f_6.json", "finish_time": {"time": "Mon Feb  6 12:38:28 2023\n", "total_time": 14.834686148000001}, "start_time": {"time": "Mon Feb  6 12:38:13 2023\n"}, "title": "/scratch/kx58/jm0124/tempJsons/F14f_6.json", "total_energy": {"total_energy": -549.7818930689117}}