{"E(RIMP2 (OS))": {"E(RIMP2 (OS))": -1.6151639801452937}, "E(RIMP2 (SS))": {"E(RIMP2 (SS))": -0.48613488378345987}, "E(RIMP2)": {"E(RIMP2)": -2.1012988639287538}, "E(RIMP2) SOS": {"E(RIMP2) SOS": -2.099713174188882}, "Final E(HF)": {"Final E(HF)": -547.6801587005647}, "filename": "json_logs/F14f_70.json", "finish_time": {"time": "Mon Feb  6 12:34:10 2023\n", "total_time": 14.874846326000002}, "start_time": {"time": "Mon Feb  6 12:33:55 2023\n"}, "title": "/scratch/kx58/jm0124/tempJsons/F14f_70.json", "total_energy": {"total_energy": -549.7814575644935}}