{"E(RIMP2 (OS))": {"E(RIMP2 (OS))": -1.6151022282937788}, "E(RIMP2 (SS))": {"E(RIMP2 (SS))": -0.4860147315083915}, "E(RIMP2)": {"E(RIMP2)": -2.1011169598021704}, "E(RIMP2) SOS": {"E(RIMP2) SOS": -2.0996328967819125}, "Final E(HF)": {"Final E(HF)": -547.6799429282015}, "filename": "json_logs/F14f_71.json", "finish_time": {"time": "Mon Feb  6 12:34:06 2023\n", "total_time": 13.133169868000001}, "start_time": {"time": "Mon Feb  6 12:33:53 2023\n"}, "title": "/scratch/kx58/jm0124/tempJsons/F14f_71.json", "total_energy": {"total_energy": -549.7810598880036}}