{"E(RIMP2 (OS))": {"E(RIMP2 (OS))": -1.6151145469743713}, "E(RIMP2 (SS))": {"E(RIMP2 (SS))": -0.48602407919293256}, "E(RIMP2)": {"E(RIMP2)": -2.101138626167304}, "E(RIMP2) SOS": {"E(RIMP2) SOS": -2.0996489110666827}, "Final E(HF)": {"Final E(HF)": -547.6799340804279}, "filename": "json_logs/F14f_72.json", "finish_time": {"time": "Mon Feb  6 12:33:54 2023\n", "total_time": 13.118532294000001}, "start_time": {"time": "Mon Feb  6 12:33:41 2023\n"}, "title": "/scratch/kx58/jm0124/tempJsons/F14f_72.json", "total_energy": {"total_energy": -549.7810727065952}}