{"E(RIMP2 (OS))": {"E(RIMP2 (OS))": -1.6152071616844024}, "E(RIMP2 (SS))": {"E(RIMP2 (SS))": -0.4860868141489724}, "E(RIMP2)": {"E(RIMP2)": -2.1012939758333746}, "E(RIMP2) SOS": {"E(RIMP2) SOS": -2.099769310189723}, "Final E(HF)": {"Final E(HF)": -547.6798961349505}, "filename": "json_logs/F14f_73.json", "finish_time": {"time": "Mon Feb  6 12:33:55 2023\n", "total_time": 15.367445638}, "start_time": {"time": "Mon Feb  6 12:33:40 2023\n"}, "title": "/scratch/kx58/jm0124/tempJsons/F14f_73.json", "total_energy": {"total_energy": -549.7811901107839}}