{"E(RIMP2 (OS))": {"E(RIMP2 (OS))": -1.6153065329600338}, "E(RIMP2 (SS))": {"E(RIMP2 (SS))": -0.48616589060864146}, "E(RIMP2)": {"E(RIMP2)": -2.1014724235686755}, "E(RIMP2) SOS": {"E(RIMP2) SOS": -2.099898492848044}, "Final E(HF)": {"Final E(HF)": -547.6798581483107}, "filename": "json_logs/F14f_74.json", "finish_time": {"time": "Mon Feb  6 12:33:51 2023\n", "total_time": 12.222183164}, "start_time": {"time": "Mon Feb  6 12:33:39 2023\n"}, "title": "/scratch/kx58/jm0124/tempJsons/F14f_74.json", "total_energy": {"total_energy": -549.7813305718794}}