{"E(RIMP2 (OS))": {"E(RIMP2 (OS))": -1.6150088518768402}, "E(RIMP2 (SS))": {"E(RIMP2 (SS))": -0.4859467537113023}, "E(RIMP2)": {"E(RIMP2)": -2.1009556055881426}, "E(RIMP2) SOS": {"E(RIMP2) SOS": -2.0995115074398925}, "Final E(HF)": {"Final E(HF)": -547.6799585842709}, "filename": "json_logs/F14f_75.json", "finish_time": {"time": "Mon Feb  6 12:33:53 2023\n", "total_time": 14.897481516000001}, "start_time": {"time": "Mon Feb  6 12:33:39 2023\n"}, "title": "/scratch/kx58/jm0124/tempJsons/F14f_75.json", "total_energy": {"total_energy": -549.7809141898591}}