{"E(RIMP2 (OS))": {"E(RIMP2 (OS))": -1.6151021919458572}, "E(RIMP2 (SS))": {"E(RIMP2 (SS))": -0.4860141707111596}, "E(RIMP2)": {"E(RIMP2)": -2.1011163626570166}, "E(RIMP2) SOS": {"E(RIMP2) SOS": -2.0996328495296144}, "Final E(HF)": {"Final E(HF)": -547.6799150286475}, "filename": "json_logs/F14f_76.json", "finish_time": {"time": "Mon Feb  6 12:33:40 2023\n", "total_time": 14.159244543000002}, "start_time": {"time": "Mon Feb  6 12:33:26 2023\n"}, "title": "/scratch/kx58/jm0124/tempJsons/F14f_76.json", "total_energy": {"total_energy": -549.7810313913046}}