{"E(RIMP2 (OS))": {"E(RIMP2 (OS))": -1.615005315671827}, "E(RIMP2 (SS))": {"E(RIMP2 (SS))": -0.4859366311297112}, "E(RIMP2)": {"E(RIMP2)": -2.1009419468015382}, "E(RIMP2) SOS": {"E(RIMP2) SOS": -2.0995069103733752}, "Final E(HF)": {"Final E(HF)": -547.679948018529}, "filename": "json_logs/F14f_77.json", "finish_time": {"time": "Mon Feb  6 12:33:38 2023\n", "total_time": 12.685079084000002}, "start_time": {"time": "Mon Feb  6 12:33:25 2023\n"}, "title": "/scratch/kx58/jm0124/tempJsons/F14f_77.json", "total_energy": {"total_energy": -549.7808899653305}}