{"E(RIMP2 (OS))": {"E(RIMP2 (OS))": -1.6153585165796849}, "E(RIMP2 (SS))": {"E(RIMP2 (SS))": -0.48619632792263784}, "E(RIMP2)": {"E(RIMP2)": -2.101554844502323}, "E(RIMP2) SOS": {"E(RIMP2) SOS": -2.0999660715535904}, "Final E(HF)": {"Final E(HF)": -547.6797700866638}, "filename": "json_logs/F14f_78.json", "finish_time": {"time": "Mon Feb  6 12:33:39 2023\n", "total_time": 14.21909834}, "start_time": {"time": "Mon Feb  6 12:33:24 2023\n"}, "title": "/scratch/kx58/jm0124/tempJsons/F14f_78.json", "total_energy": {"total_energy": -549.7813249311661}}