{"E(RIMP2 (OS))": {"E(RIMP2 (OS))": -1.6150151571822524}, "E(RIMP2 (SS))": {"E(RIMP2 (SS))": -0.4859506364907467}, "E(RIMP2)": {"E(RIMP2)": -2.1009657936729993}, "E(RIMP2) SOS": {"E(RIMP2) SOS": -2.0995197043369282}, "Final E(HF)": {"Final E(HF)": -547.6799046968644}, "filename": "json_logs/F14f_79.json", "finish_time": {"time": "Mon Feb  6 12:33:37 2023\n", "total_time": 14.896197243000001}, "start_time": {"time": "Mon Feb  6 12:33:22 2023\n"}, "title": "/scratch/kx58/jm0124/tempJsons/F14f_79.json", "total_energy": {"total_energy": -549.7808704905374}}