{"E(RIMP2 (OS))": {"E(RIMP2 (OS))": -1.6145282413599802}, "E(RIMP2 (SS))": {"E(RIMP2 (SS))": -0.48559095664247254}, "E(RIMP2)": {"E(RIMP2)": -2.100119198002453}, "E(RIMP2) SOS": {"E(RIMP2) SOS": -2.0988867137679743}, "Final E(HF)": {"Final E(HF)": -547.6817693736368}, "filename": "json_logs/F14f_7.json", "finish_time": {"time": "Mon Feb  6 12:38:22 2023\n", "total_time": 14.697394052}, "start_time": {"time": "Mon Feb  6 12:38:07 2023\n"}, "title": "/scratch/kx58/jm0124/tempJsons/F14f_7.json", "total_energy": {"total_energy": -549.7818885716392}}