{"E(RIMP2 (OS))": {"E(RIMP2 (OS))": -1.6151902383677579}, "E(RIMP2 (SS))": {"E(RIMP2 (SS))": -0.4860712368176739}, "E(RIMP2)": {"E(RIMP2)": -2.101261475185432}, "E(RIMP2) SOS": {"E(RIMP2) SOS": -2.099747309878085}, "Final E(HF)": {"Final E(HF)": -547.679873843981}, "filename": "json_logs/F14f_80.json", "finish_time": {"time": "Mon Feb  6 12:33:24 2023\n", "total_time": 15.167764405}, "start_time": {"time": "Mon Feb  6 12:33:09 2023\n"}, "title": "/scratch/kx58/jm0124/tempJsons/F14f_80.json", "total_energy": {"total_energy": -549.7811353191664}}