{"E(RIMP2 (OS))": {"E(RIMP2 (OS))": -1.6152727534875915}, "E(RIMP2 (SS))": {"E(RIMP2 (SS))": -0.48612644096072916}, "E(RIMP2)": {"E(RIMP2)": -2.101399194448321}, "E(RIMP2) SOS": {"E(RIMP2) SOS": -2.099854579533869}, "Final E(HF)": {"Final E(HF)": -547.6797239182057}, "filename": "json_logs/F14f_81.json", "finish_time": {"time": "Mon Feb  6 12:33:24 2023\n", "total_time": 14.883063147000001}, "start_time": {"time": "Mon Feb  6 12:33:09 2023\n"}, "title": "/scratch/kx58/jm0124/tempJsons/F14f_81.json", "total_energy": {"total_energy": -549.781123112654}}