{"E(RIMP2 (OS))": {"E(RIMP2 (OS))": -1.6152377090569956}, "E(RIMP2 (SS))": {"E(RIMP2 (SS))": -0.48610549333824904}, "E(RIMP2)": {"E(RIMP2)": -2.1013432023952445}, "E(RIMP2) SOS": {"E(RIMP2) SOS": -2.0998090217740946}, "Final E(HF)": {"Final E(HF)": -547.6797393917831}, "filename": "json_logs/F14f_82.json", "finish_time": {"time": "Mon Feb  6 12:33:23 2023\n", "total_time": 14.863210633000001}, "start_time": {"time": "Mon Feb  6 12:33:08 2023\n"}, "title": "/scratch/kx58/jm0124/tempJsons/F14f_82.json", "total_energy": {"total_energy": -549.7810825941783}}