{"E(RIMP2 (OS))": {"E(RIMP2 (OS))": -1.6151857130622203}, "E(RIMP2 (SS))": {"E(RIMP2 (SS))": -0.48606894027805264}, "E(RIMP2)": {"E(RIMP2)": -2.101254653340273}, "E(RIMP2) SOS": {"E(RIMP2) SOS": -2.0997414269808865}, "Final E(HF)": {"Final E(HF)": -547.6797357682187}, "filename": "json_logs/F14f_83.json", "finish_time": {"time": "Mon Feb  6 12:33:21 2023\n", "total_time": 12.968481781000001}, "start_time": {"time": "Mon Feb  6 12:33:08 2023\n"}, "title": "/scratch/kx58/jm0124/tempJsons/F14f_83.json", "total_energy": {"total_energy": -549.7809904215591}}