{"E(RIMP2 (OS))": {"E(RIMP2 (OS))": -1.6150792092731932}, "E(RIMP2 (SS))": {"E(RIMP2 (SS))": -0.48599906439254575}, "E(RIMP2)": {"E(RIMP2)": -2.1010782736657387}, "E(RIMP2) SOS": {"E(RIMP2) SOS": -2.099602972055151}, "Final E(HF)": {"Final E(HF)": -547.6797604487325}, "filename": "json_logs/F14f_84.json", "finish_time": {"time": "Mon Feb  6 12:33:07 2023\n", "total_time": 12.885904958}, "start_time": {"time": "Mon Feb  6 12:32:54 2023\n"}, "title": "/scratch/kx58/jm0124/tempJsons/F14f_84.json", "total_energy": {"total_energy": -549.7808387223982}}