{"E(RIMP2 (OS))": {"E(RIMP2 (OS))": -1.6152868323923706}, "E(RIMP2 (SS))": {"E(RIMP2 (SS))": -0.4861366112503466}, "E(RIMP2)": {"E(RIMP2)": -2.1014234436427173}, "E(RIMP2) SOS": {"E(RIMP2) SOS": -2.099872882110082}, "Final E(HF)": {"Final E(HF)": -547.6796154360262}, "filename": "json_logs/F14f_85.json", "finish_time": {"time": "Mon Feb  6 12:33:06 2023\n", "total_time": 13.137378045}, "start_time": {"time": "Mon Feb  6 12:32:53 2023\n"}, "title": "/scratch/kx58/jm0124/tempJsons/F14f_85.json", "total_energy": {"total_energy": -549.7810388796689}}