{"E(RIMP2 (OS))": {"E(RIMP2 (OS))": -1.6153906503888351}, "E(RIMP2 (SS))": {"E(RIMP2 (SS))": -0.48620812459862617}, "E(RIMP2)": {"E(RIMP2)": -2.1015987749874614}, "E(RIMP2) SOS": {"E(RIMP2) SOS": -2.100007845505486}, "Final E(HF)": {"Final E(HF)": -547.6795445840283}, "filename": "json_logs/F14f_86.json", "finish_time": {"time": "Mon Feb  6 12:33:07 2023\n", "total_time": 14.106986951000001}, "start_time": {"time": "Mon Feb  6 12:32:53 2023\n"}, "title": "/scratch/kx58/jm0124/tempJsons/F14f_86.json", "total_energy": {"total_energy": -549.7811433590158}}