{"E(RIMP2 (OS))": {"E(RIMP2 (OS))": -1.6154335591052666}, "E(RIMP2 (SS))": {"E(RIMP2 (SS))": -0.4862473853794159}, "E(RIMP2)": {"E(RIMP2)": -2.1016809444846825}, "E(RIMP2) SOS": {"E(RIMP2) SOS": -2.100063626836847}, "Final E(HF)": {"Final E(HF)": -547.6792768292466}, "filename": "json_logs/F14f_87.json", "finish_time": {"time": "Mon Feb  6 12:33:08 2023\n", "total_time": 15.098618451}, "start_time": {"time": "Mon Feb  6 12:32:53 2023\n"}, "title": "/scratch/kx58/jm0124/tempJsons/F14f_87.json", "total_energy": {"total_energy": -549.7809577737313}}