{"E(RIMP2 (OS))": {"E(RIMP2 (OS))": -1.6163300651819428}, "E(RIMP2 (SS))": {"E(RIMP2 (SS))": -0.48700688696337696}, "E(RIMP2)": {"E(RIMP2)": -2.1033369521453196}, "E(RIMP2) SOS": {"E(RIMP2) SOS": -2.101229084736526}, "Final E(HF)": {"Final E(HF)": -547.6782879690685}, "filename": "json_logs/F14f_88.json", "finish_time": {"time": "Mon Feb  6 12:32:52 2023\n", "total_time": 15.496483849}, "start_time": {"time": "Mon Feb  6 12:32:37 2023\n"}, "title": "/scratch/kx58/jm0124/tempJsons/F14f_88.json", "total_energy": {"total_energy": -549.7816249212138}}