{"E(RIMP2 (OS))": {"E(RIMP2 (OS))": -1.6162732751777855}, "E(RIMP2 (SS))": {"E(RIMP2 (SS))": -0.48697340853351645}, "E(RIMP2)": {"E(RIMP2)": -2.103246683711302}, "E(RIMP2) SOS": {"E(RIMP2) SOS": -2.101155257731121}, "Final E(HF)": {"Final E(HF)": -547.6782698190285}, "filename": "json_logs/F14f_89.json", "finish_time": {"time": "Mon Feb  6 12:32:52 2023\n", "total_time": 15.277846561}, "start_time": {"time": "Mon Feb  6 12:32:37 2023\n"}, "title": "/scratch/kx58/jm0124/tempJsons/F14f_89.json", "total_energy": {"total_energy": -549.7815165027399}}