{"E(RIMP2 (OS))": {"E(RIMP2 (OS))": -1.614539161704784}, "E(RIMP2 (SS))": {"E(RIMP2 (SS))": -0.4855988981605195}, "E(RIMP2)": {"E(RIMP2)": -2.100138059865303}, "E(RIMP2) SOS": {"E(RIMP2) SOS": -2.0989009102162193}, "Final E(HF)": {"Final E(HF)": -547.6817553621952}, "filename": "json_logs/F14f_8.json", "finish_time": {"time": "Mon Feb  6 12:38:15 2023\n", "total_time": 14.217306295}, "start_time": {"time": "Mon Feb  6 12:38:01 2023\n"}, "title": "/scratch/kx58/jm0124/tempJsons/F14f_8.json", "total_energy": {"total_energy": -549.7818934220605}}