{"E(RIMP2 (OS))": {"E(RIMP2 (OS))": -1.6162958610297677}, "E(RIMP2 (SS))": {"E(RIMP2 (SS))": -0.4869842191869951}, "E(RIMP2)": {"E(RIMP2)": -2.103280080216763}, "E(RIMP2) SOS": {"E(RIMP2) SOS": -2.101184619338698}, "Final E(HF)": {"Final E(HF)": -547.6783057188541}, "filename": "json_logs/F14f_90.json", "finish_time": {"time": "Mon Feb  6 12:32:52 2023\n", "total_time": 15.295172751}, "start_time": {"time": "Mon Feb  6 12:32:37 2023\n"}, "title": "/scratch/kx58/jm0124/tempJsons/F14f_90.json", "total_energy": {"total_energy": -549.7815857990709}}