{"E(RIMP2 (OS))": {"E(RIMP2 (OS))": -1.6163362478347976}, "E(RIMP2 (SS))": {"E(RIMP2 (SS))": -0.48701244824185047}, "E(RIMP2)": {"E(RIMP2)": -2.103348696076648}, "E(RIMP2) SOS": {"E(RIMP2) SOS": -2.101237122185237}, "Final E(HF)": {"Final E(HF)": -547.6782809564567}, "filename": "json_logs/F14f_91.json", "finish_time": {"time": "Mon Feb  6 12:32:51 2023\n", "total_time": 15.355026574}, "start_time": {"time": "Mon Feb  6 12:32:36 2023\n"}, "title": "/scratch/kx58/jm0124/tempJsons/F14f_91.json", "total_energy": {"total_energy": -549.7816296525334}}