{"E(RIMP2 (OS))": {"E(RIMP2 (OS))": -1.6160740065598367}, "E(RIMP2 (SS))": {"E(RIMP2 (SS))": -0.48674126527520295}, "E(RIMP2)": {"E(RIMP2)": -2.1028152718350395}, "E(RIMP2) SOS": {"E(RIMP2) SOS": -2.1008962085277876}, "Final E(HF)": {"Final E(HF)": -547.6781192812407}, "filename": "json_logs/F14f_92.json", "finish_time": {"time": "Mon Feb  6 12:32:35 2023\n", "total_time": 15.308650342000002}, "start_time": {"time": "Mon Feb  6 12:32:20 2023\n"}, "title": "/scratch/kx58/jm0124/tempJsons/F14f_92.json", "total_energy": {"total_energy": -549.7809345530758}}