{"E(RIMP2 (OS))": {"E(RIMP2 (OS))": -1.6162105138478156}, "E(RIMP2 (SS))": {"E(RIMP2 (SS))": -0.48690482591315404}, "E(RIMP2)": {"E(RIMP2)": -2.1031153397609694}, "E(RIMP2) SOS": {"E(RIMP2) SOS": -2.10107366800216}, "Final E(HF)": {"Final E(HF)": -547.6783058426629}, "filename": "json_logs/F14f_93.json", "finish_time": {"time": "Mon Feb  6 12:32:36 2023\n", "total_time": 15.617467669}, "start_time": {"time": "Mon Feb  6 12:32:20 2023\n"}, "title": "/scratch/kx58/jm0124/tempJsons/F14f_93.json", "total_energy": {"total_energy": -549.7814211824239}}