{"E(RIMP2 (OS))": {"E(RIMP2 (OS))": -1.6164223213153193}, "E(RIMP2 (SS))": {"E(RIMP2 (SS))": -0.4870911730883329}, "E(RIMP2)": {"E(RIMP2)": -2.103513494403652}, "E(RIMP2) SOS": {"E(RIMP2) SOS": -2.1013490177099152}, "Final E(HF)": {"Final E(HF)": -547.6782003626705}, "filename": "json_logs/F14f_94.json", "finish_time": {"time": "Mon Feb  6 12:32:35 2023\n", "total_time": 15.480999325}, "start_time": {"time": "Mon Feb  6 12:32:20 2023\n"}, "title": "/scratch/kx58/jm0124/tempJsons/F14f_94.json", "total_energy": {"total_energy": -549.7817138570741}}