{"E(RIMP2 (OS))": {"E(RIMP2 (OS))": -1.61620511995433}, "E(RIMP2 (SS))": {"E(RIMP2 (SS))": -0.48691409141153447}, "E(RIMP2)": {"E(RIMP2)": -2.1031192113658643}, "E(RIMP2) SOS": {"E(RIMP2) SOS": -2.101066655940629}, "Final E(HF)": {"Final E(HF)": -547.6782784043553}, "filename": "json_logs/F14f_95.json", "finish_time": {"time": "Mon Feb  6 12:32:34 2023\n", "total_time": 15.070916289000001}, "start_time": {"time": "Mon Feb  6 12:32:19 2023\n"}, "title": "/scratch/kx58/jm0124/tempJsons/F14f_95.json", "total_energy": {"total_energy": -549.7813976157212}}