{"E(RIMP2 (OS))": {"E(RIMP2 (OS))": -1.6160611585216156}, "E(RIMP2 (SS))": {"E(RIMP2 (SS))": -0.48671965023563796}, "E(RIMP2)": {"E(RIMP2)": -2.1027808087572537}, "E(RIMP2) SOS": {"E(RIMP2) SOS": -2.1008795060781003}, "Final E(HF)": {"Final E(HF)": -547.6780652881755}, "filename": "json_logs/F14f_96.json", "finish_time": {"time": "Mon Feb  6 12:32:18 2023\n", "total_time": 15.255247101000002}, "start_time": {"time": "Mon Feb  6 12:32:03 2023\n"}, "title": "/scratch/kx58/jm0124/tempJsons/F14f_96.json", "total_energy": {"total_energy": -549.7808460969327}}