{"E(RIMP2 (OS))": {"E(RIMP2 (OS))": -1.616410386831196}, "E(RIMP2 (SS))": {"E(RIMP2 (SS))": -0.4870859546381358}, "E(RIMP2)": {"E(RIMP2)": -2.1034963414693317}, "E(RIMP2) SOS": {"E(RIMP2) SOS": -2.101333502880555}, "Final E(HF)": {"Final E(HF)": -547.6781551434339}, "filename": "json_logs/F14f_97.json", "finish_time": {"time": "Mon Feb  6 12:32:18 2023\n", "total_time": 14.802392732000001}, "start_time": {"time": "Mon Feb  6 12:32:03 2023\n"}, "title": "/scratch/kx58/jm0124/tempJsons/F14f_97.json", "total_energy": {"total_energy": -549.7816514849031}}