{"E(RIMP2 (OS))": {"E(RIMP2 (OS))": -1.6160750326243096}, "E(RIMP2 (SS))": {"E(RIMP2 (SS))": -0.4867363260164797}, "E(RIMP2)": {"E(RIMP2)": -2.1028113586407895}, "E(RIMP2) SOS": {"E(RIMP2) SOS": -2.1008975424116025}, "Final E(HF)": {"Final E(HF)": -547.6780378652828}, "filename": "json_logs/F14f_98.json", "finish_time": {"time": "Mon Feb  6 12:32:19 2023\n", "total_time": 15.505883952}, "start_time": {"time": "Mon Feb  6 12:32:03 2023\n"}, "title": "/scratch/kx58/jm0124/tempJsons/F14f_98.json", "total_energy": {"total_energy": -549.7808492239236}}