{"E(RIMP2 (OS))": {"E(RIMP2 (OS))": -1.6160598069416274}, "E(RIMP2 (SS))": {"E(RIMP2 (SS))": -0.4867232445291744}, "E(RIMP2)": {"E(RIMP2)": -2.102783051470802}, "E(RIMP2) SOS": {"E(RIMP2) SOS": -2.1008777490241157}, "Final E(HF)": {"Final E(HF)": -547.678092188932}, "filename": "json_logs/F14f_99.json", "finish_time": {"time": "Mon Feb  6 12:32:19 2023\n", "total_time": 15.481792316}, "start_time": {"time": "Mon Feb  6 12:32:03 2023\n"}, "title": "/scratch/kx58/jm0124/tempJsons/F14f_99.json", "total_energy": {"total_energy": -549.7808752404029}}