{"E(RIMP2 (OS))": {"E(RIMP2 (OS))": -1.6145779822729367}, "E(RIMP2 (SS))": {"E(RIMP2 (SS))": -0.4856277218002337}, "E(RIMP2)": {"E(RIMP2)": -2.1002057040731703}, "E(RIMP2) SOS": {"E(RIMP2) SOS": -2.0989513769548176}, "Final E(HF)": {"Final E(HF)": -547.6817746423997}, "filename": "json_logs/F14f_9.json", "finish_time": {"time": "Mon Feb  6 12:38:13 2023\n", "total_time": 15.118981011}, "start_time": {"time": "Mon Feb  6 12:37:58 2023\n"}, "title": "/scratch/kx58/jm0124/tempJsons/F14f_9.json", "total_energy": {"total_energy": -549.7819803464729}}