{"E(RIMP2 (OS))": {"E(RIMP2 (OS))": -3.8050138142907937}, "E(RIMP2 (SS))": {"E(RIMP2 (SS))": -1.414217324971082}, "E(RIMP2)": {"E(RIMP2)": -5.2192311392618755}, "E(RIMP2) SOS": {"E(RIMP2) SOS": -4.946517958578032}, "Final E(HF)": {"Final E(HF)": -1980.2844087859899}, "filename": "json_logs/0_dpkz14one6.json", "finish_time": {"time": "Sat Feb 25 10:45:06 2023\n", "total_time": 27.470483409}, "start_time": {"time": "Sat Feb 25 10:44:39 2023\n"}, "title": "/scratch/kx58/jm0124/tempJsons/0_dpkz14one6.json", "total_energy": {"total_energy": -1985.5036399252517}}