{"E(RIMP2 (OS))": {"E(RIMP2 (OS))": -3.808813172520638}, "E(RIMP2 (SS))": {"E(RIMP2 (SS))": -1.4165461271575484}, "E(RIMP2)": {"E(RIMP2)": -5.225359299678186}, "E(RIMP2) SOS": {"E(RIMP2) SOS": -4.951457124276829}, "Final E(HF)": {"Final E(HF)": -1980.2706035210322}, "filename": "json_logs/9_av0t5jinfw.json", "finish_time": {"time": "Sat Feb 25 10:10:11 2023\n", "total_time": 28.347505319}, "start_time": {"time": "Sat Feb 25 10:09:43 2023\n"}, "title": "/scratch/kx58/jm0124/tempJsons/9_av0t5jinfw.json", "total_energy": {"total_energy": -1985.4959628207102}}