{"E(RIMP2 (OS))": {"E(RIMP2 (OS))": -3.8023094452299815}, "E(RIMP2 (SS))": {"E(RIMP2 (SS))": -1.4113368314565453}, "E(RIMP2)": {"E(RIMP2)": -5.213646276686527}, "E(RIMP2) SOS": {"E(RIMP2) SOS": -4.943002278798976}, "Final E(HF)": {"Final E(HF)": -1980.2800661543106}, "filename": "json_logs/9_z4n5n53wds.json", "finish_time": {"time": "Sat Feb 25 11:31:08 2023\n", "total_time": 26.346366057}, "start_time": {"time": "Sat Feb 25 11:30:42 2023\n"}, "title": "/scratch/kx58/jm0124/tempJsons/9_z4n5n53wds.json", "total_energy": {"total_energy": -1985.4937124309972}}