{"E(RIMP2 (OS))": {"E(RIMP2 (OS))": -3.8084958517328116}, "E(RIMP2 (SS))": {"E(RIMP2 (SS))": -1.4174661395881467}, "E(RIMP2)": {"E(RIMP2)": -5.2259619913209585}, "E(RIMP2) SOS": {"E(RIMP2) SOS": -4.951044607252655}, "Final E(HF)": {"Final E(HF)": -1980.2673348887147}, "filename": "json_logs/0_hraper50iw.json", "finish_time": {"time": "Sat Feb 25 11:38:32 2023\n", "total_time": 24.798347889000002}, "start_time": {"time": "Sat Feb 25 11:38:08 2023\n"}, "title": "/scratch/kx58/jm0124/tempJsons/0_hraper50iw.json", "total_energy": {"total_energy": -1985.4932968800358}}