{"E(RIMP2 (OS))": {"E(RIMP2 (OS))": -3.8034944463061504}, "E(RIMP2 (SS))": {"E(RIMP2 (SS))": -1.412143239516171}, "E(RIMP2)": {"E(RIMP2)": -5.215637685822322}, "E(RIMP2) SOS": {"E(RIMP2) SOS": -4.944542780197995}, "Final E(HF)": {"Final E(HF)": -1980.277950078911}, "filename": "json_logs/9_d4vizz5n42.json", "finish_time": {"time": "Sat Feb 25 10:54:43 2023\n", "total_time": 22.546317558}, "start_time": {"time": "Sat Feb 25 10:54:21 2023\n"}, "title": "/scratch/kx58/jm0124/tempJsons/9_d4vizz5n42.json", "total_energy": {"total_energy": -1985.4935877647333}}