{"E(RIMP2 (OS))": {"E(RIMP2 (OS))": -3.818336856238742}, "E(RIMP2 (SS))": {"E(RIMP2 (SS))": -1.4239077116044707}, "E(RIMP2)": {"E(RIMP2)": -5.242244567843213}, "E(RIMP2) SOS": {"E(RIMP2) SOS": -4.963837913110365}, "Final E(HF)": {"Final E(HF)": -1980.2514896013427}, "filename": "json_logs/9_kamna1bi1t.json", "finish_time": {"time": "Sat Feb 25 11:31:55 2023\n", "total_time": 23.605832434}, "start_time": {"time": "Sat Feb 25 11:31:32 2023\n"}, "title": "/scratch/kx58/jm0124/tempJsons/9_kamna1bi1t.json", "total_energy": {"total_energy": -1985.493734169186}}