{"E(RIMP2 (OS))": {"E(RIMP2 (OS))": -3.814640541226874}, "E(RIMP2 (SS))": {"E(RIMP2 (SS))": -1.414902823142628}, "E(RIMP2)": {"E(RIMP2)": -5.229543364369501}, "E(RIMP2) SOS": {"E(RIMP2) SOS": -4.959032703594936}, "Final E(HF)": {"Final E(HF)": -1980.2665182281553}, "filename": "json_logs/0_ibl0slsssa.json", "finish_time": {"time": "Sat Feb 25 10:34:52 2023\n", "total_time": 25.561692948}, "start_time": {"time": "Sat Feb 25 10:34:27 2023\n"}, "title": "/scratch/kx58/jm0124/tempJsons/0_ibl0slsssa.json", "total_energy": {"total_energy": -1985.496061592525}}