{"E(RIMP2 (OS))": {"E(RIMP2 (OS))": -3.811853808518166}, "E(RIMP2 (SS))": {"E(RIMP2 (SS))": -1.4187255395442608}, "E(RIMP2)": {"E(RIMP2)": -5.2305793480624265}, "E(RIMP2) SOS": {"E(RIMP2) SOS": -4.955409951073616}, "Final E(HF)": {"Final E(HF)": -1980.2613705770245}, "filename": "json_logs/4_9bv2ne84dv.json", "finish_time": {"time": "Sat Feb 25 11:29:29 2023\n", "total_time": 26.794652093}, "start_time": {"time": "Sat Feb 25 11:29:02 2023\n"}, "title": "/scratch/kx58/jm0124/tempJsons/4_9bv2ne84dv.json", "total_energy": {"total_energy": -1985.491949925087}}