{"E(RIMP2 (OS))": {"E(RIMP2 (OS))": -3.8117828000123586}, "E(RIMP2 (SS))": {"E(RIMP2 (SS))": -1.4186757818642948}, "E(RIMP2)": {"E(RIMP2)": -5.230458581876653}, "E(RIMP2) SOS": {"E(RIMP2) SOS": -4.955317640016066}, "Final E(HF)": {"Final E(HF)": -1980.261366605594}, "filename": "json_logs/L4G-ngpus4-1-90.0_e97yap7zox.json", "finish_time": {"time": "Sat Feb 25 10:18:18 2023\n", "total_time": 25.561022052000002}, "start_time": {"time": "Sat Feb 25 10:17:52 2023\n"}, "title": "/scratch/kx58/jm0124/tempJsons/L4G-ngpus4-1-90.0_e97yap7zox.json", "total_energy": {"total_energy": -1985.4918251874708}}