{"E(RIMP2 (OS))": {"E(RIMP2 (OS))": -3.815710593258687}, "E(RIMP2 (SS))": {"E(RIMP2 (SS))": -1.4215421984774683}, "E(RIMP2)": {"E(RIMP2)": -5.2372527917361555}, "E(RIMP2) SOS": {"E(RIMP2) SOS": -4.960423771236293}, "Final E(HF)": {"Final E(HF)": -1980.2543897518472}, "filename": "json_logs/1_nq5jv5o821.json", "finish_time": {"time": "Sat Feb 25 10:01:19 2023\n", "total_time": 26.32645477}, "start_time": {"time": "Sat Feb 25 10:00:53 2023\n"}, "title": "/scratch/kx58/jm0124/tempJsons/1_nq5jv5o821.json", "total_energy": {"total_energy": -1985.4916425435833}}