{"E(RIMP2 (OS))": {"E(RIMP2 (OS))": -3.812453287313961}, "E(RIMP2 (SS))": {"E(RIMP2 (SS))": -1.4187626691276505}, "E(RIMP2)": {"E(RIMP2)": -5.231215956441612}, "E(RIMP2) SOS": {"E(RIMP2) SOS": -4.95618927350815}, "Final E(HF)": {"Final E(HF)": -1980.2601309812826}, "filename": "json_logs/4_7m6svwz0zb.json", "finish_time": {"time": "Sat Feb 25 11:30:57 2023\n", "total_time": 24.885426758}, "start_time": {"time": "Sat Feb 25 11:30:33 2023\n"}, "title": "/scratch/kx58/jm0124/tempJsons/4_7m6svwz0zb.json", "total_energy": {"total_energy": -1985.491346937724}}