{"E(RIMP2 (OS))": {"E(RIMP2 (OS))": -3.8131110486329276}, "E(RIMP2 (SS))": {"E(RIMP2 (SS))": -1.4196719306042145}, "E(RIMP2)": {"E(RIMP2)": -5.232782979237142}, "E(RIMP2) SOS": {"E(RIMP2) SOS": -4.957044363222806}, "Final E(HF)": {"Final E(HF)": -1980.2680449479958}, "filename": "json_logs/34_btda00bfgi.json", "finish_time": {"time": "Sat Feb 25 09:49:22 2023\n", "total_time": 26.752404403}, "start_time": {"time": "Sat Feb 25 09:48:55 2023\n"}, "title": "/scratch/kx58/jm0124/tempJsons/34_btda00bfgi.json", "total_energy": {"total_energy": -1985.5008279272329}}