{"E(RIMP2 (OS))": {"E(RIMP2 (OS))": -3.816846964448977}, "E(RIMP2 (SS))": {"E(RIMP2 (SS))": -1.4233591109653245}, "E(RIMP2)": {"E(RIMP2)": -5.240206075414301}, "E(RIMP2) SOS": {"E(RIMP2) SOS": -4.96190105378367}, "Final E(HF)": {"Final E(HF)": -1980.2602080443348}, "filename": "json_logs/34_aq1jt8s9a9.json", "finish_time": {"time": "Sat Feb 25 09:54:39 2023\n", "total_time": 19.315431931}, "start_time": {"time": "Sat Feb 25 09:54:20 2023\n"}, "title": "/scratch/kx58/jm0124/tempJsons/34_aq1jt8s9a9.json", "total_energy": {"total_energy": -1985.5004141197492}}