{"E(RIMP2 (OS))": {"E(RIMP2 (OS))": -3.8334783814647735}, "E(RIMP2 (SS))": {"E(RIMP2 (SS))": -1.4283283157463218}, "E(RIMP2)": {"E(RIMP2)": -5.261806697211095}, "E(RIMP2) SOS": {"E(RIMP2) SOS": -4.983521895904206}, "Final E(HF)": {"Final E(HF)": -1980.243439544668}, "filename": "json_logs/L4G-ngpus4-1-270.0_y5axgxdp3n.json", "finish_time": {"time": "Sat Feb 25 10:09:39 2023\n", "total_time": 27.752411999}, "start_time": {"time": "Sat Feb 25 10:09:11 2023\n"}, "title": "/scratch/kx58/jm0124/tempJsons/L4G-ngpus4-1-270.0_y5axgxdp3n.json", "total_energy": {"total_energy": -1985.5052462418791}}