{"E(RIMP2 (OS))": {"E(RIMP2 (OS))": -3.817472974411181}, "E(RIMP2 (SS))": {"E(RIMP2 (SS))": -1.4250464557924465}, "E(RIMP2)": {"E(RIMP2)": -5.242519430203627}, "E(RIMP2) SOS": {"E(RIMP2) SOS": -4.962714866734536}, "Final E(HF)": {"Final E(HF)": -1980.2563249902687}, "filename": "json_logs/0_iafxavdl6b.json", "finish_time": {"time": "Sat Feb 25 11:50:50 2023\n", "total_time": 26.801628775}, "start_time": {"time": "Sat Feb 25 11:50:23 2023\n"}, "title": "/scratch/kx58/jm0124/tempJsons/0_iafxavdl6b.json", "total_energy": {"total_energy": -1985.4988444204723}}