{"E(RIMP2 (OS))": {"E(RIMP2 (OS))": -3.812335162547186}, "E(RIMP2 (SS))": {"E(RIMP2 (SS))": -1.419250709807249}, "E(RIMP2)": {"E(RIMP2)": -5.231585872354435}, "E(RIMP2) SOS": {"E(RIMP2) SOS": -4.956035711311342}, "Final E(HF)": {"Final E(HF)": -1980.2675034276635}, "filename": "json_logs/34_bd4m3nyewg.json", "finish_time": {"time": "Sat Feb 25 10:01:12 2023\n", "total_time": 28.673414859}, "start_time": {"time": "Sat Feb 25 10:00:43 2023\n"}, "title": "/scratch/kx58/jm0124/tempJsons/34_bd4m3nyewg.json", "total_energy": {"total_energy": -1985.499089300018}}