{"E(RIMP2 (OS))": {"E(RIMP2 (OS))": -3.8105624791941284}, "E(RIMP2 (SS))": {"E(RIMP2 (SS))": -1.4191557403703523}, "E(RIMP2)": {"E(RIMP2)": -5.2297182195644805}, "E(RIMP2) SOS": {"E(RIMP2) SOS": -4.953731222952367}, "Final E(HF)": {"Final E(HF)": -1980.2672316681292}, "filename": "json_logs/0_uneaq0haan.json", "finish_time": {"time": "Sat Feb 25 11:04:06 2023\n", "total_time": 24.048878594}, "start_time": {"time": "Sat Feb 25 11:03:43 2023\n"}, "title": "/scratch/kx58/jm0124/tempJsons/0_uneaq0haan.json", "total_energy": {"total_energy": -1985.4969498876937}}