{"E(RIMP2 (OS))": {"E(RIMP2 (OS))": -3.811210166650944}, "E(RIMP2 (SS))": {"E(RIMP2 (SS))": -1.418577305359028}, "E(RIMP2)": {"E(RIMP2)": -5.229787472009972}, "E(RIMP2) SOS": {"E(RIMP2) SOS": -4.954573216646228}, "Final E(HF)": {"Final E(HF)": -1980.2670292995726}, "filename": "json_logs/9_5t6d81aihr.json", "finish_time": {"time": "Sat Feb 25 10:52:17 2023\n", "total_time": 23.793582392}, "start_time": {"time": "Sat Feb 25 10:51:53 2023\n"}, "title": "/scratch/kx58/jm0124/tempJsons/9_5t6d81aihr.json", "total_energy": {"total_energy": -1985.4968167715826}}