{"E(RIMP2 (OS))": {"E(RIMP2 (OS))": -3.8154819709243006}, "E(RIMP2 (SS))": {"E(RIMP2 (SS))": -1.4209409764186225}, "E(RIMP2)": {"E(RIMP2)": -5.236422947342923}, "E(RIMP2) SOS": {"E(RIMP2) SOS": -4.960126562201591}, "Final E(HF)": {"Final E(HF)": -1980.2608758951146}, "filename": "json_logs/9_00t9a4s5h3.json", "finish_time": {"time": "Sat Feb 25 11:11:43 2023\n", "total_time": 27.951578560999998}, "start_time": {"time": "Sat Feb 25 11:11:16 2023\n"}, "title": "/scratch/kx58/jm0124/tempJsons/9_00t9a4s5h3.json", "total_energy": {"total_energy": -1985.4972988424577}}