{"E(RIMP2 (OS))": {"E(RIMP2 (OS))": -3.8122793833275295}, "E(RIMP2 (SS))": {"E(RIMP2 (SS))": -1.4202643121305631}, "E(RIMP2)": {"E(RIMP2)": -5.232543695458093}, "E(RIMP2) SOS": {"E(RIMP2) SOS": -4.955963198325788}, "Final E(HF)": {"Final E(HF)": -1980.2635477119238}, "filename": "json_logs/0_vuw90mys17.json", "finish_time": {"time": "Sat Feb 25 11:50:20 2023\n", "total_time": 24.058455573}, "start_time": {"time": "Sat Feb 25 11:49:56 2023\n"}, "title": "/scratch/kx58/jm0124/tempJsons/0_vuw90mys17.json", "total_energy": {"total_energy": -1985.4960914073818}}