{"E(RIMP2 (OS))": {"E(RIMP2 (OS))": -7.3924999632454}, "E(RIMP2 (SS))": {"E(RIMP2 (SS))": -2.855553516574584}, "E(RIMP2)": {"E(RIMP2)": -10.248053479819983}, "E(RIMP2) SOS": {"E(RIMP2) SOS": -9.61024995221902}, "Final E(HF)": {"Final E(HF)": -4421.047410612369}, "filename": "json_logs/36_v9tjtqqop3.json", "finish_time": {"time": "Thu Mar  2 16:48:43 2023\n", "total_time": 98.094322244}, "start_time": {"time": "Thu Mar  2 16:47:05 2023\n"}, "title": "/scratch/kx58/jm0124/tempJsons/36_v9tjtqqop3.json", "total_energy": {"total_energy": -4431.295464092189}}