{"E(RIMP2 (OS))": {"E(RIMP2 (OS))": -7.374299103876473}, "E(RIMP2 (SS))": {"E(RIMP2 (SS))": -2.839503065774869}, "E(RIMP2)": {"E(RIMP2)": -10.213802169651343}, "E(RIMP2) SOS": {"E(RIMP2) SOS": -9.586588835039416}, "Final E(HF)": {"Final E(HF)": -4421.0577934043795}, "filename": "json_logs/13_7zoqjhn86i.json", "finish_time": {"time": "Thu Mar  2 18:00:29 2023\n", "total_time": 92.98845785799999}, "start_time": {"time": "Thu Mar  2 17:58:57 2023\n"}, "title": "/scratch/kx58/jm0124/tempJsons/13_7zoqjhn86i.json", "total_energy": {"total_energy": -4431.2715955740305}}