{"E(RIMP2 (OS))": {"E(RIMP2 (OS))": -7.378386680439581}, "E(RIMP2 (SS))": {"E(RIMP2 (SS))": -2.842609534306393}, "E(RIMP2)": {"E(RIMP2)": -10.220996214745973}, "E(RIMP2) SOS": {"E(RIMP2) SOS": -9.591902684571455}, "Final E(HF)": {"Final E(HF)": -4421.050184159692}, "filename": "json_logs/GAC-ngpus4-1-180.0_o52q9o2kk6.json", "finish_time": {"time": "Thu Mar  2 17:58:53 2023\n", "total_time": 94.685205604}, "start_time": {"time": "Thu Mar  2 17:57:18 2023\n"}, "title": "/scratch/kx58/jm0124/tempJsons/GAC-ngpus4-1-180.0_o52q9o2kk6.json", "total_energy": {"total_energy": -4431.271180374439}}