{"E(RIMP2 (OS))": {"E(RIMP2 (OS))": -7.38152486032056}, "E(RIMP2 (SS))": {"E(RIMP2 (SS))": -2.844597918447004}, "E(RIMP2)": {"E(RIMP2)": -10.226122778767564}, "E(RIMP2) SOS": {"E(RIMP2) SOS": -9.595982318416729}, "Final E(HF)": {"Final E(HF)": -4421.045363745239}, "filename": "json_logs/62_j4irfvp0y8.json", "finish_time": {"time": "Thu Mar  2 16:50:17 2023\n", "total_time": 94.637112704}, "start_time": {"time": "Thu Mar  2 16:48:42 2023\n"}, "title": "/scratch/kx58/jm0124/tempJsons/62_j4irfvp0y8.json", "total_energy": {"total_energy": -4431.271486524007}}