{"E(RIMP2 (OS))": {"E(RIMP2 (OS))": -7.393472037940009}, "E(RIMP2 (SS))": {"E(RIMP2 (SS))": -2.8558684596276027}, "E(RIMP2)": {"E(RIMP2)": -10.249340497567612}, "E(RIMP2) SOS": {"E(RIMP2) SOS": -9.611513649322012}, "Final E(HF)": {"Final E(HF)": -4421.021279091303}, "filename": "json_logs/GAC-ngpus4-1-0.0_ap541ezlbl.json", "finish_time": {"time": "Thu Mar  2 18:00:26 2023\n", "total_time": 98.89419544100001}, "start_time": {"time": "Thu Mar  2 17:58:47 2023\n"}, "title": "/scratch/kx58/jm0124/tempJsons/GAC-ngpus4-1-0.0_ap541ezlbl.json", "total_energy": {"total_energy": -4431.27061958887}}