{"E(RIMP2 (OS))": {"E(RIMP2 (OS))": -7.381371151758249}, "E(RIMP2 (SS))": {"E(RIMP2 (SS))": -2.8468340800716323}, "E(RIMP2)": {"E(RIMP2)": -10.228205231829882}, "E(RIMP2) SOS": {"E(RIMP2) SOS": -9.595782497285724}, "Final E(HF)": {"Final E(HF)": -4421.040596337056}, "filename": "json_logs/12_56s58w1zfp.json", "finish_time": {"time": "Thu Mar  2 16:33:03 2023\n", "total_time": 97.48751480400001}, "start_time": {"time": "Thu Mar  2 16:31:26 2023\n"}, "title": "/scratch/kx58/jm0124/tempJsons/12_56s58w1zfp.json", "total_energy": {"total_energy": -4431.268801568886}}