{"E(RIMP2 (OS))": {"E(RIMP2 (OS))": -7.372960634103256}, "E(RIMP2 (SS))": {"E(RIMP2 (SS))": -2.8393444336031073}, "E(RIMP2)": {"E(RIMP2)": -10.212305067706364}, "E(RIMP2) SOS": {"E(RIMP2) SOS": -9.584848824334234}, "Final E(HF)": {"Final E(HF)": -4421.055916832411}, "filename": "json_logs/30_3ck7srcv8q.json", "finish_time": {"time": "Thu Mar  2 16:31:24 2023\n", "total_time": 91.57180768500001}, "start_time": {"time": "Thu Mar  2 16:29:52 2023\n"}, "title": "/scratch/kx58/jm0124/tempJsons/30_3ck7srcv8q.json", "total_energy": {"total_energy": -4431.268221900117}}