{"E(RIMP2 (OS))": {"E(RIMP2 (OS))": -7.382347789502516}, "E(RIMP2 (SS))": {"E(RIMP2 (SS))": -2.8454985727490505}, "E(RIMP2)": {"E(RIMP2)": -10.227846362251567}, "E(RIMP2) SOS": {"E(RIMP2) SOS": -9.59705212635327}, "Final E(HF)": {"Final E(HF)": -4421.041211939562}, "filename": "json_logs/65_8yadfxn6p6.json", "finish_time": {"time": "Thu Mar  2 16:50:12 2023\n", "total_time": 92.088274247}, "start_time": {"time": "Thu Mar  2 16:48:40 2023\n"}, "title": "/scratch/kx58/jm0124/tempJsons/65_8yadfxn6p6.json", "total_energy": {"total_energy": -4431.269058301814}}