{"E(RIMP2 (OS))": {"E(RIMP2 (OS))": -7.386128211552516}, "E(RIMP2 (SS))": {"E(RIMP2 (SS))": -2.849387644868566}, "E(RIMP2)": {"E(RIMP2)": -10.235515856421083}, "E(RIMP2) SOS": {"E(RIMP2) SOS": -9.601966675018272}, "Final E(HF)": {"Final E(HF)": -4421.03304725546}, "filename": "json_logs/36_4kazgibs0m.json", "finish_time": {"time": "Thu Mar  2 17:08:15 2023\n", "total_time": 91.94215134900001}, "start_time": {"time": "Thu Mar  2 17:06:44 2023\n"}, "title": "/scratch/kx58/jm0124/tempJsons/36_4kazgibs0m.json", "total_energy": {"total_energy": -4431.26856311188}}