{"E(RIMP2 (OS))": {"E(RIMP2 (OS))": -7.378009146209334}, "E(RIMP2 (SS))": {"E(RIMP2 (SS))": -2.842979717452872}, "E(RIMP2)": {"E(RIMP2)": -10.220988863662207}, "E(RIMP2) SOS": {"E(RIMP2) SOS": -9.591411890072134}, "Final E(HF)": {"Final E(HF)": -4421.04663833829}, "filename": "json_logs/GAC-ngpus4-1-180.0_2mqh5v2wj2.json", "finish_time": {"time": "Thu Mar  2 17:57:17 2023\n", "total_time": 96.777041109}, "start_time": {"time": "Thu Mar  2 17:55:40 2023\n"}, "title": "/scratch/kx58/jm0124/tempJsons/GAC-ngpus4-1-180.0_2mqh5v2wj2.json", "total_energy": {"total_energy": -4431.267627201953}}