{"E(RIMP2 (OS))": {"E(RIMP2 (OS))": -7.382890030645409}, "E(RIMP2 (SS))": {"E(RIMP2 (SS))": -2.846102768136204}, "E(RIMP2)": {"E(RIMP2)": -10.228992798781613}, "E(RIMP2) SOS": {"E(RIMP2) SOS": -9.597757039839031}, "Final E(HF)": {"Final E(HF)": -4421.038942769737}, "filename": "json_logs/4_u0vruibaax.json", "finish_time": {"time": "Thu Mar  2 17:33:46 2023\n", "total_time": 98.568925542}, "start_time": {"time": "Thu Mar  2 17:32:08 2023\n"}, "title": "/scratch/kx58/jm0124/tempJsons/4_u0vruibaax.json", "total_energy": {"total_energy": -4431.267935568519}}