{"E(RIMP2 (OS))": {"E(RIMP2 (OS))": -7.398506021099705}, "E(RIMP2 (SS))": {"E(RIMP2 (SS))": -2.8595355828117217}, "E(RIMP2)": {"E(RIMP2)": -10.258041603911426}, "E(RIMP2) SOS": {"E(RIMP2) SOS": -9.618057827429617}, "Final E(HF)": {"Final E(HF)": -4421.030761315276}, "filename": "json_logs/GAC-ngpus4-1-180.0_193az6nw04.json", "finish_time": {"time": "Thu Mar  2 16:23:34 2023\n", "total_time": 99.63394091200001}, "start_time": {"time": "Thu Mar  2 16:21:55 2023\n"}, "title": "/scratch/kx58/jm0124/tempJsons/GAC-ngpus4-1-180.0_193az6nw04.json", "total_energy": {"total_energy": -4431.288802919188}}