{"E(RIMP2 (OS))": {"E(RIMP2 (OS))": -7.405891313598102}, "E(RIMP2 (SS))": {"E(RIMP2 (SS))": -2.865075064545999}, "E(RIMP2)": {"E(RIMP2)": -10.2709663781441}, "E(RIMP2) SOS": {"E(RIMP2) SOS": -9.627658707677533}, "Final E(HF)": {"Final E(HF)": -4421.013497966183}, "filename": "json_logs/62_fbfw8wr1ic.json", "finish_time": {"time": "Thu Mar  2 17:13:47 2023\n", "total_time": 103.04760426700001}, "start_time": {"time": "Thu Mar  2 17:12:05 2023\n"}, "title": "/scratch/kx58/jm0124/tempJsons/62_fbfw8wr1ic.json", "total_energy": {"total_energy": -4431.284464344327}}