{"E(RIMP2 (OS))": {"E(RIMP2 (OS))": -7.375069439705793}, "E(RIMP2 (SS))": {"E(RIMP2 (SS))": -2.8402622744025416}, "E(RIMP2)": {"E(RIMP2)": -10.215331714108334}, "E(RIMP2) SOS": {"E(RIMP2) SOS": -9.587590271617533}, "Final E(HF)": {"Final E(HF)": -4421.067475815093}, "filename": "json_logs/39_g9jlj3a0fy.json", "finish_time": {"time": "Thu Mar  2 17:33:31 2023\n", "total_time": 92.361507158}, "start_time": {"time": "Thu Mar  2 17:31:59 2023\n"}, "title": "/scratch/kx58/jm0124/tempJsons/39_g9jlj3a0fy.json", "total_energy": {"total_energy": -4431.282807529201}}