{"E(RIMP2 (OS))": {"E(RIMP2 (OS))": -7.382945172803545}, "E(RIMP2 (SS))": {"E(RIMP2 (SS))": -2.8469994442552644}, "E(RIMP2)": {"E(RIMP2)": -10.229944617058809}, "E(RIMP2) SOS": {"E(RIMP2) SOS": -9.597828724644609}, "Final E(HF)": {"Final E(HF)": -4421.052202558603}, "filename": "json_logs/39_lb70fe9xkg.json", "finish_time": {"time": "Thu Mar  2 16:53:33 2023\n", "total_time": 97.306747005}, "start_time": {"time": "Thu Mar  2 16:51:56 2023\n"}, "title": "/scratch/kx58/jm0124/tempJsons/39_lb70fe9xkg.json", "total_energy": {"total_energy": -4431.2821471756615}}