{"E(RIMP2 (OS))": {"E(RIMP2 (OS))": -7.398485883363424}, "E(RIMP2 (SS))": {"E(RIMP2 (SS))": -2.8598111687486383}, "E(RIMP2)": {"E(RIMP2)": -10.258297052112063}, "E(RIMP2) SOS": {"E(RIMP2) SOS": -9.618031648372451}, "Final E(HF)": {"Final E(HF)": -4421.023094186707}, "filename": "json_logs/39_c9vq6cfd0c.json", "finish_time": {"time": "Thu Mar  2 17:33:52 2023\n", "total_time": 101.75443836299999}, "start_time": {"time": "Thu Mar  2 17:32:10 2023\n"}, "title": "/scratch/kx58/jm0124/tempJsons/39_c9vq6cfd0c.json", "total_energy": {"total_energy": -4431.281391238819}}