{"E(RIMP2 (OS))": {"E(RIMP2 (OS))": -7.401967016375719}, "E(RIMP2 (SS))": {"E(RIMP2 (SS))": -2.8627354762885533}, "E(RIMP2)": {"E(RIMP2)": -10.264702492664274}, "E(RIMP2) SOS": {"E(RIMP2) SOS": -9.622557121288436}, "Final E(HF)": {"Final E(HF)": -4421.014603095575}, "filename": "json_logs/0_h0qnkxcx8i.json", "finish_time": {"time": "Thu Mar  2 17:57:22 2023\n", "total_time": 102.04666974}, "start_time": {"time": "Thu Mar  2 17:55:40 2023\n"}, "title": "/scratch/kx58/jm0124/tempJsons/0_h0qnkxcx8i.json", "total_energy": {"total_energy": -4431.279305588239}}