{"E(RIMP2 (OS))": {"E(RIMP2 (OS))": -7.390619554107212}, "E(RIMP2 (SS))": {"E(RIMP2 (SS))": -2.853709194357516}, "E(RIMP2)": {"E(RIMP2)": -10.244328748464728}, "E(RIMP2) SOS": {"E(RIMP2) SOS": -9.607805420339375}, "Final E(HF)": {"Final E(HF)": -4421.030542028291}, "filename": "json_logs/GAC-ngpus4-1-180.0_dm15jhgny7.json", "finish_time": {"time": "Thu Mar  2 16:48:46 2023\n", "total_time": 101.653466706}, "start_time": {"time": "Thu Mar  2 16:47:05 2023\n"}, "title": "/scratch/kx58/jm0124/tempJsons/GAC-ngpus4-1-180.0_dm15jhgny7.json", "total_energy": {"total_energy": -4431.274870776756}}