{"E(RIMP2 (OS))": {"E(RIMP2 (OS))": -7.38221585513517}, "E(RIMP2 (SS))": {"E(RIMP2 (SS))": -2.8468115274966945}, "E(RIMP2)": {"E(RIMP2)": -10.229027382631864}, "E(RIMP2) SOS": {"E(RIMP2) SOS": -9.596880611675722}, "Final E(HF)": {"Final E(HF)": -4421.043850077105}, "filename": "json_logs/0_91son8eerc.json", "finish_time": {"time": "Thu Mar  2 16:35:02 2023\n", "total_time": 92.795992032}, "start_time": {"time": "Thu Mar  2 16:33:30 2023\n"}, "title": "/scratch/kx58/jm0124/tempJsons/0_91son8eerc.json", "total_energy": {"total_energy": -4431.272877459736}}