{"E(RIMP2 (OS))": {"E(RIMP2 (OS))": -7.383051919485076}, "E(RIMP2 (SS))": {"E(RIMP2 (SS))": -2.845415211457502}, "E(RIMP2)": {"E(RIMP2)": -10.228467130942578}, "E(RIMP2) SOS": {"E(RIMP2) SOS": -9.597967495330598}, "Final E(HF)": {"Final E(HF)": -4421.045228087747}, "filename": "json_logs/62_oomafbgffr.json", "finish_time": {"time": "Thu Mar  2 16:54:58 2023\n", "total_time": 102.331097133}, "start_time": {"time": "Thu Mar  2 16:53:15 2023\n"}, "title": "/scratch/kx58/jm0124/tempJsons/62_oomafbgffr.json", "total_energy": {"total_energy": -4431.27369521869}}