{"E(RIMP2 (OS))": {"E(RIMP2 (OS))": -7.406873884241281}, "E(RIMP2 (SS))": {"E(RIMP2 (SS))": -2.86610861797987}, "E(RIMP2)": {"E(RIMP2)": -10.27298250222115}, "E(RIMP2) SOS": {"E(RIMP2) SOS": -9.628936049513666}, "Final E(HF)": {"Final E(HF)": -4440.875978533644}, "filename": "json_logs/GUA-ngpus4-2-0.0_qricf9c5gt.json", "finish_time": {"time": "Thu Mar  2 16:01:33 2023\n", "total_time": 102.925286207}, "start_time": {"time": "Thu Mar  2 15:59:51 2023\n"}, "title": "/scratch/kx58/jm0124/tempJsons/GUA-ngpus4-2-0.0_qricf9c5gt.json", "total_energy": {"total_energy": -4451.148961035866}}