{"E(RIMP2 (OS))": {"E(RIMP2 (OS))": -7.379142265071373}, "E(RIMP2 (SS))": {"E(RIMP2 (SS))": -2.8434482192419046}, "E(RIMP2)": {"E(RIMP2)": -10.222590484313278}, "E(RIMP2) SOS": {"E(RIMP2) SOS": -9.592884944592784}, "Final E(HF)": {"Final E(HF)": -4440.9034217185}, "filename": "json_logs/42_24agb6csdi.json", "finish_time": {"time": "Thu Mar  2 16:49:59 2023\n", "total_time": 92.266942526}, "start_time": {"time": "Thu Mar  2 16:48:27 2023\n"}, "title": "/scratch/kx58/jm0124/tempJsons/42_24agb6csdi.json", "total_energy": {"total_energy": -4451.1260122028125}}