{"E(RIMP2 (OS))": {"E(RIMP2 (OS))": -7.374329376984789}, "E(RIMP2 (SS))": {"E(RIMP2 (SS))": -2.840949008293987}, "E(RIMP2)": {"E(RIMP2)": -10.215278385278776}, "E(RIMP2) SOS": {"E(RIMP2) SOS": -9.586628190080226}, "Final E(HF)": {"Final E(HF)": -4440.909270048722}, "filename": "json_logs/4_z83n56k3va.json", "finish_time": {"time": "Thu Mar  2 15:46:59 2023\n", "total_time": 87.555498956}, "start_time": {"time": "Thu Mar  2 15:45:32 2023\n"}, "title": "/scratch/kx58/jm0124/tempJsons/4_z83n56k3va.json", "total_energy": {"total_energy": -4451.124548434001}}