{"E(RIMP2 (OS))": {"E(RIMP2 (OS))": -7.374967218337572}, "E(RIMP2 (SS))": {"E(RIMP2 (SS))": -2.841153662746123}, "E(RIMP2)": {"E(RIMP2)": -10.216120881083695}, "E(RIMP2) SOS": {"E(RIMP2) SOS": -9.587457383838844}, "Final E(HF)": {"Final E(HF)": -4440.90807191987}, "filename": "json_logs/4_uiwczxaf9m.json", "finish_time": {"time": "Thu Mar  2 16:23:38 2023\n", "total_time": 88.90892580500001}, "start_time": {"time": "Thu Mar  2 16:22:09 2023\n"}, "title": "/scratch/kx58/jm0124/tempJsons/4_uiwczxaf9m.json", "total_energy": {"total_energy": -4451.124192800954}}