{"E(RIMP2 (OS))": {"E(RIMP2 (OS))": -7.394055853709832}, "E(RIMP2 (SS))": {"E(RIMP2 (SS))": -2.854609781850585}, "E(RIMP2)": {"E(RIMP2)": -10.248665635560418}, "E(RIMP2) SOS": {"E(RIMP2) SOS": -9.612272609822783}, "Final E(HF)": {"Final E(HF)": -4440.877073218686}, "filename": "json_logs/GUA-ngpus4-2-0.0_2j4msazdog.json", "finish_time": {"time": "Thu Mar  2 15:36:07 2023\n", "total_time": 95.05187101800001}, "start_time": {"time": "Thu Mar  2 15:34:33 2023\n"}, "title": "/scratch/kx58/jm0124/tempJsons/GUA-ngpus4-2-0.0_2j4msazdog.json", "total_energy": {"total_energy": -4451.125738854246}}