{"E(RIMP2 (OS))": {"E(RIMP2 (OS))": -7.3895903511814485}, "E(RIMP2 (SS))": {"E(RIMP2 (SS))": -2.85035550560202}, "E(RIMP2)": {"E(RIMP2)": -10.239945856783468}, "E(RIMP2) SOS": {"E(RIMP2) SOS": -9.606467456535883}, "Final E(HF)": {"Final E(HF)": -4440.885050772051}, "filename": "json_logs/4_10vbubk041.json", "finish_time": {"time": "Thu Mar  2 16:45:05 2023\n", "total_time": 92.713037439}, "start_time": {"time": "Thu Mar  2 16:43:33 2023\n"}, "title": "/scratch/kx58/jm0124/tempJsons/4_10vbubk041.json", "total_energy": {"total_energy": -4451.124996628834}}