{"E(RIMP2 (OS))": {"E(RIMP2 (OS))": -7.395826694317015}, "E(RIMP2 (SS))": {"E(RIMP2 (SS))": -2.8570428354569852}, "E(RIMP2)": {"E(RIMP2)": -10.252869529774}, "E(RIMP2) SOS": {"E(RIMP2) SOS": -9.61457470261212}, "Final E(HF)": {"Final E(HF)": -4440.871214409217}, "filename": "json_logs/78_b3582lnkwu.json", "finish_time": {"time": "Thu Mar  2 16:48:23 2023\n", "total_time": 97.263307845}, "start_time": {"time": "Thu Mar  2 16:46:46 2023\n"}, "title": "/scratch/kx58/jm0124/tempJsons/78_b3582lnkwu.json", "total_energy": {"total_energy": -4451.124083938991}}