{"E(RIMP2 (OS))": {"E(RIMP2 (OS))": -7.397813685665114}, "E(RIMP2 (SS))": {"E(RIMP2 (SS))": -2.857333929926552}, "E(RIMP2)": {"E(RIMP2)": -10.255147615591666}, "E(RIMP2) SOS": {"E(RIMP2) SOS": -9.617157791364649}, "Final E(HF)": {"Final E(HF)": -4440.8695320996285}, "filename": "json_logs/GUA-ngpus4-2-180.0_j8yywbfvgt.json", "finish_time": {"time": "Thu Mar  2 15:37:46 2023\n", "total_time": 96.224307186}, "start_time": {"time": "Thu Mar  2 15:36:10 2023\n"}, "title": "/scratch/kx58/jm0124/tempJsons/GUA-ngpus4-2-180.0_j8yywbfvgt.json", "total_energy": {"total_energy": -4451.12467971522}}