{"E(RIMP2 (OS))": {"E(RIMP2 (OS))": -7.377449910316549}, "E(RIMP2 (SS))": {"E(RIMP2 (SS))": -2.843198199638254}, "E(RIMP2)": {"E(RIMP2)": -10.220648109954803}, "E(RIMP2) SOS": {"E(RIMP2) SOS": -9.590684883411514}, "Final E(HF)": {"Final E(HF)": -4440.901513526176}, "filename": "json_logs/42_65g5107fdo.json", "finish_time": {"time": "Thu Mar  2 15:42:49 2023\n", "total_time": 88.937827814}, "start_time": {"time": "Thu Mar  2 15:41:20 2023\n"}, "title": "/scratch/kx58/jm0124/tempJsons/42_65g5107fdo.json", "total_energy": {"total_energy": -4451.122161636131}}