{"E(RIMP2 (OS))": {"E(RIMP2 (OS))": -7.383351434880372}, "E(RIMP2 (SS))": {"E(RIMP2 (SS))": -2.8444884911400727}, "E(RIMP2)": {"E(RIMP2)": -10.227839926020444}, "E(RIMP2) SOS": {"E(RIMP2) SOS": -9.598356865344483}, "Final E(HF)": {"Final E(HF)": -4440.8960768045}, "filename": "json_logs/GUA-ngpus4-2-180.0_vev0982mr3.json", "finish_time": {"time": "Thu Mar  2 16:01:22 2023\n", "total_time": 91.88625148999999}, "start_time": {"time": "Thu Mar  2 15:59:51 2023\n"}, "title": "/scratch/kx58/jm0124/tempJsons/GUA-ngpus4-2-180.0_vev0982mr3.json", "total_energy": {"total_energy": -4451.123916730521}}