{"E(RIMP2 (OS))": {"E(RIMP2 (OS))": -7.381908641185522}, "E(RIMP2 (SS))": {"E(RIMP2 (SS))": -2.8479266236423566}, "E(RIMP2)": {"E(RIMP2)": -10.229835264827878}, "E(RIMP2) SOS": {"E(RIMP2) SOS": -9.596481233541178}, "Final E(HF)": {"Final E(HF)": -4440.891129018748}, "filename": "json_logs/78_6qsc3thn3r.json", "finish_time": {"time": "Thu Mar  2 16:07:30 2023\n", "total_time": 93.899647684}, "start_time": {"time": "Thu Mar  2 16:05:57 2023\n"}, "title": "/scratch/kx58/jm0124/tempJsons/78_6qsc3thn3r.json", "total_energy": {"total_energy": -4451.1209642835765}}