{"E(RIMP2 (OS))": {"E(RIMP2 (OS))": -7.393915297437087}, "E(RIMP2 (SS))": {"E(RIMP2 (SS))": -2.8547032066120175}, "E(RIMP2)": {"E(RIMP2)": -10.248618504049105}, "E(RIMP2) SOS": {"E(RIMP2) SOS": -9.612089886668214}, "Final E(HF)": {"Final E(HF)": -4440.894894791845}, "filename": "json_logs/4_ztwal93yth.json", "finish_time": {"time": "Thu Mar  2 17:13:21 2023\n", "total_time": 94.39844946000001}, "start_time": {"time": "Thu Mar  2 17:11:47 2023\n"}, "title": "/scratch/kx58/jm0124/tempJsons/4_ztwal93yth.json", "total_energy": {"total_energy": -4451.143513295894}}