{"E(RIMP2 (OS))": {"E(RIMP2 (OS))": -7.397403635893302}, "E(RIMP2 (SS))": {"E(RIMP2 (SS))": -2.8581594083459905}, "E(RIMP2)": {"E(RIMP2)": -10.255563044239292}, "E(RIMP2) SOS": {"E(RIMP2) SOS": -9.616624726661293}, "Final E(HF)": {"Final E(HF)": -4440.883681475427}, "filename": "json_logs/53_ho44vi0khq.json", "finish_time": {"time": "Thu Mar  2 16:03:06 2023\n", "total_time": 101.898185617}, "start_time": {"time": "Thu Mar  2 16:01:25 2023\n"}, "title": "/scratch/kx58/jm0124/tempJsons/53_ho44vi0khq.json", "total_energy": {"total_energy": -4451.139244519666}}