{"E(RIMP2 (OS))": {"E(RIMP2 (OS))": -7.3943688414614845}, "E(RIMP2 (SS))": {"E(RIMP2 (SS))": -2.854778669910324}, "E(RIMP2)": {"E(RIMP2)": -10.24914751137181}, "E(RIMP2) SOS": {"E(RIMP2) SOS": -9.61267949389993}, "Final E(HF)": {"Final E(HF)": -4440.888533712294}, "filename": "json_logs/42_24699u4c54.json", "finish_time": {"time": "Thu Mar  2 16:43:29 2023\n", "total_time": 94.555512885}, "start_time": {"time": "Thu Mar  2 16:41:55 2023\n"}, "title": "/scratch/kx58/jm0124/tempJsons/42_24699u4c54.json", "total_energy": {"total_energy": -4451.137681223665}}