{"E(RIMP2 (OS))": {"E(RIMP2 (OS))": -7.388509104656411}, "E(RIMP2 (SS))": {"E(RIMP2 (SS))": -2.8505995308027603}, "E(RIMP2)": {"E(RIMP2)": -10.239108635459171}, "E(RIMP2) SOS": {"E(RIMP2) SOS": -9.605061836053334}, "Final E(HF)": {"Final E(HF)": -4440.895605731437}, "filename": "json_logs/GUA-ngpus4-2-0.0_oepxqujx0h.json", "finish_time": {"time": "Thu Mar  2 16:01:22 2023\n", "total_time": 91.47186594600001}, "start_time": {"time": "Thu Mar  2 15:59:51 2023\n"}, "title": "/scratch/kx58/jm0124/tempJsons/GUA-ngpus4-2-0.0_oepxqujx0h.json", "total_energy": {"total_energy": -4451.134714366896}}