{"E(RIMP2 (OS))": {"E(RIMP2 (OS))": -7.4028555716942765}, "E(RIMP2 (SS))": {"E(RIMP2 (SS))": -2.8625472428313827}, "E(RIMP2)": {"E(RIMP2)": -10.26540281452566}, "E(RIMP2) SOS": {"E(RIMP2) SOS": -9.62371224320256}, "Final E(HF)": {"Final E(HF)": -4440.86786388017}, "filename": "json_logs/GUA-ngpus4-2-0.0_2172n2n30j.json", "finish_time": {"time": "Thu Mar  2 16:26:55 2023\n", "total_time": 101.057007165}, "start_time": {"time": "Thu Mar  2 16:25:14 2023\n"}, "title": "/scratch/kx58/jm0124/tempJsons/GUA-ngpus4-2-0.0_2172n2n30j.json", "total_energy": {"total_energy": -4451.1332666946955}}