{"E(RIMP2 (OS))": {"E(RIMP2 (OS))": -7.400127824019293}, "E(RIMP2 (SS))": {"E(RIMP2 (SS))": -2.8603573486594986}, "E(RIMP2)": {"E(RIMP2)": -10.260485172678791}, "E(RIMP2) SOS": {"E(RIMP2) SOS": -9.620166171225081}, "Final E(HF)": {"Final E(HF)": -4440.872020860597}, "filename": "json_logs/GUA-ngpus4-2-0.0_zte3a3j9xk.json", "finish_time": {"time": "Thu Mar  2 16:06:15 2023\n", "total_time": 100.406806139}, "start_time": {"time": "Thu Mar  2 16:04:34 2023\n"}, "title": "/scratch/kx58/jm0124/tempJsons/GUA-ngpus4-2-0.0_zte3a3j9xk.json", "total_energy": {"total_energy": -4451.1325060332765}}