{"E(RIMP2 (OS))": {"E(RIMP2 (OS))": -7.394187921902798}, "E(RIMP2 (SS))": {"E(RIMP2 (SS))": -2.8543923073068695}, "E(RIMP2)": {"E(RIMP2)": -10.248580229209669}, "E(RIMP2) SOS": {"E(RIMP2) SOS": -9.612444298473639}, "Final E(HF)": {"Final E(HF)": -4440.883458708975}, "filename": "json_logs/GUA-ngpus4-2-0.0_oabqjkh67c.json", "finish_time": {"time": "Thu Mar  2 17:11:56 2023\n", "total_time": 95.08336981400001}, "start_time": {"time": "Thu Mar  2 17:10:22 2023\n"}, "title": "/scratch/kx58/jm0124/tempJsons/GUA-ngpus4-2-0.0_oabqjkh67c.json", "total_energy": {"total_energy": -4451.132038938184}}