{"E(RIMP2 (OS))": {"E(RIMP2 (OS))": -7.407380210295907}, "E(RIMP2 (SS))": {"E(RIMP2 (SS))": -2.8642035282028235}, "E(RIMP2)": {"E(RIMP2)": -10.27158373849873}, "E(RIMP2) SOS": {"E(RIMP2) SOS": -9.62959427338468}, "Final E(HF)": {"Final E(HF)": -4440.859507645837}, "filename": "json_logs/42_qlv5ibud52.json", "finish_time": {"time": "Thu Mar  2 16:30:17 2023\n", "total_time": 97.225192566}, "start_time": {"time": "Thu Mar  2 16:28:40 2023\n"}, "title": "/scratch/kx58/jm0124/tempJsons/42_qlv5ibud52.json", "total_energy": {"total_energy": -4451.131091384335}}