{"E(RIMP2 (OS))": {"E(RIMP2 (OS))": -7.390951044953635}, "E(RIMP2 (SS))": {"E(RIMP2 (SS))": -2.853496345713908}, "E(RIMP2)": {"E(RIMP2)": -10.244447390667542}, "E(RIMP2) SOS": {"E(RIMP2) SOS": -9.608236358439726}, "Final E(HF)": {"Final E(HF)": -4440.882247864902}, "filename": "json_logs/GUA-ngpus4-2-0.0_hptto0aucm.json", "finish_time": {"time": "Thu Mar  2 16:52:20 2023\n", "total_time": 93.670056195}, "start_time": {"time": "Thu Mar  2 16:50:46 2023\n"}, "title": "/scratch/kx58/jm0124/tempJsons/GUA-ngpus4-2-0.0_hptto0aucm.json", "total_energy": {"total_energy": -4451.12669525557}}