{"E(RIMP2 (OS))": {"E(RIMP2 (OS))": -1.0595931640816223}, "E(RIMP2 (SS))": {"E(RIMP2 (SS))": -0.36933801556539464}, "E(RIMP2)": {"E(RIMP2)": -1.428931179647017}, "E(RIMP2) SOS": {"E(RIMP2) SOS": -1.377471113306109}, "Final E(HF)": {"Final E(HF)": -453.8613043517257}, "filename": "json_logs/GLY_xac###o0###.json", "finish_time": {"time": "Sat Feb  4 10:25:54 2023\n", "total_time": 11.285086440999999}, "start_time": {"time": "Sat Feb  4 10:25:43 2023\n"}, "title": "/scratch/kx58/jm0124/tempJsons/GLY_xac###o0###.json", "total_energy": {"total_energy": -455.29023553137273}}