{"E(RIMP2 (OS))": {"E(RIMP2 (OS))": -1.0567631311854082}, "E(RIMP2 (SS))": {"E(RIMP2 (SS))": -0.3677198362111865}, "E(RIMP2)": {"E(RIMP2)": -1.4244829673965946}, "E(RIMP2) SOS": {"E(RIMP2) SOS": -1.3737920705410307}, "Final E(HF)": {"Final E(HF)": -453.8626328401265}, "filename": "json_logs/GLY_xac###o1###.json", "finish_time": {"time": "Sat Feb  4 10:25:42 2023\n", "total_time": 12.918081112}, "start_time": {"time": "Sat Feb  4 10:25:29 2023\n"}, "title": "/scratch/kx58/jm0124/tempJsons/GLY_xac###o1###.json", "total_energy": {"total_energy": -455.28711580752304}}