{"E(RIMP2 (OS))": {"E(RIMP2 (OS))": -1.0583783209365631}, "E(RIMP2 (SS))": {"E(RIMP2 (SS))": -0.3686623447533004}, "E(RIMP2)": {"E(RIMP2)": -1.4270406656898635}, "E(RIMP2) SOS": {"E(RIMP2) SOS": -1.375891817217532}, "Final E(HF)": {"Final E(HF)": -453.8584709975493}, "filename": "json_logs/GLY_xac###o2###.json", "finish_time": {"time": "Sat Feb  4 10:25:43 2023\n", "total_time": 13.729369573}, "start_time": {"time": "Sat Feb  4 10:25:29 2023\n"}, "title": "/scratch/kx58/jm0124/tempJsons/GLY_xac###o2###.json", "total_energy": {"total_energy": -455.2855116632392}}