{"E(RIMP2 (OS))": {"E(RIMP2 (OS))": -1.057500170466196}, "E(RIMP2 (SS))": {"E(RIMP2 (SS))": -0.36808863570042727}, "E(RIMP2)": {"E(RIMP2)": -1.425588806166623}, "E(RIMP2) SOS": {"E(RIMP2) SOS": -1.3747502216060548}, "Final E(HF)": {"Final E(HF)": -453.8586398992362}, "filename": "json_logs/GLY_xac###o3###.json", "finish_time": {"time": "Sat Feb  4 10:25:43 2023\n", "total_time": 13.805481721}, "start_time": {"time": "Sat Feb  4 10:25:29 2023\n"}, "title": "/scratch/kx58/jm0124/tempJsons/GLY_xac###o3###.json", "total_energy": {"total_energy": -455.2842287054028}}