{"E(RIMP2 (OS))": {"E(RIMP2 (OS))": -1.0599097943797149}, "E(RIMP2 (SS))": {"E(RIMP2 (SS))": -0.3695242153758307}, "E(RIMP2)": {"E(RIMP2)": -1.4294340097555456}, "E(RIMP2) SOS": {"E(RIMP2) SOS": -1.3778827326936294}, "Final E(HF)": {"Final E(HF)": -453.8549933072668}, "filename": "json_logs/GLY_xac###o4###.json", "finish_time": {"time": "Sat Feb  4 10:25:42 2023\n", "total_time": 13.604726388}, "start_time": {"time": "Sat Feb  4 10:25:29 2023\n"}, "title": "/scratch/kx58/jm0124/tempJsons/GLY_xac###o4###.json", "total_energy": {"total_energy": -455.28442731702233}}