{"E(RIMP2 (OS))": {"E(RIMP2 (OS))": -7.175705526864772}, "E(RIMP2 (SS))": {"E(RIMP2 (SS))": -2.753119599050559}, "E(RIMP2)": {"E(RIMP2)": -9.928825125915331}, "E(RIMP2) SOS": {"E(RIMP2) SOS": -9.328417184924204}, "Final E(HF)": {"Final E(HF)": -4370.708850152345}, "filename": "json_logs/62_hb0nvr8vty.json", "finish_time": {"time": "Sat Mar  4 06:58:00 2023\n", "total_time": 83.779589431}, "start_time": {"time": "Sat Mar  4 06:56:36 2023\n"}, "title": "/scratch/kx58/jm0124/tempJsons/62_hb0nvr8vty.json", "total_energy": {"total_energy": -4380.63767527826}}