{"E(RIMP2 (OS))": {"E(RIMP2 (OS))": -7.187404590328044}, "E(RIMP2 (SS))": {"E(RIMP2 (SS))": -2.7613362410459215}, "E(RIMP2)": {"E(RIMP2)": -9.948740831373966}, "E(RIMP2) SOS": {"E(RIMP2) SOS": -9.343625967426458}, "Final E(HF)": {"Final E(HF)": -4370.683677941181}, "filename": "json_logs/67_s8g8ef910q.json", "finish_time": {"time": "Thu Mar  2 18:19:58 2023\n", "total_time": 83.03360941700001}, "start_time": {"time": "Thu Mar  2 18:18:35 2023\n"}, "title": "/scratch/kx58/jm0124/tempJsons/67_s8g8ef910q.json", "total_energy": {"total_energy": -4380.632418772554}}