{"E(RIMP2 (OS))": {"E(RIMP2 (OS))": -7.171912738385269}, "E(RIMP2 (SS))": {"E(RIMP2 (SS))": -2.748825275693946}, "E(RIMP2)": {"E(RIMP2)": -9.920738014079216}, "E(RIMP2) SOS": {"E(RIMP2) SOS": -9.32348655990085}, "Final E(HF)": {"Final E(HF)": -4370.703845951495}, "filename": "json_logs/43_1n1c43rr1z.json", "finish_time": {"time": "Sat Mar  4 06:53:13 2023\n", "total_time": 94.859413226}, "start_time": {"time": "Sat Mar  4 06:51:38 2023\n"}, "title": "/scratch/kx58/jm0124/tempJsons/43_1n1c43rr1z.json", "total_energy": {"total_energy": -4380.624583965574}}