{"E(RIMP2 (OS))": {"E(RIMP2 (OS))": -7.167628865297112}, "E(RIMP2 (SS))": {"E(RIMP2 (SS))": -2.7447224901737326}, "E(RIMP2)": {"E(RIMP2)": -9.912351355470845}, "E(RIMP2) SOS": {"E(RIMP2) SOS": -9.317917524886246}, "Final E(HF)": {"Final E(HF)": -4370.70362687821}, "filename": "json_logs/67_czeziv0h1p.json", "finish_time": {"time": "Thu Mar  2 17:29:35 2023\n", "total_time": 92.127816057}, "start_time": {"time": "Thu Mar  2 17:28:03 2023\n"}, "title": "/scratch/kx58/jm0124/tempJsons/67_czeziv0h1p.json", "total_energy": {"total_energy": -4380.615978233681}}