{"E(RIMP2 (OS))": {"E(RIMP2 (OS))": -7.179551994416481}, "E(RIMP2 (SS))": {"E(RIMP2 (SS))": -2.7539238359994287}, "E(RIMP2)": {"E(RIMP2)": -9.93347583041591}, "E(RIMP2) SOS": {"E(RIMP2) SOS": -9.333417592741425}, "Final E(HF)": {"Final E(HF)": -4370.682604858996}, "filename": "json_logs/28_290trhgaes.json", "finish_time": {"time": "Thu Mar  2 18:21:27 2023\n", "total_time": 97.34056391899999}, "start_time": {"time": "Thu Mar  2 18:19:50 2023\n"}, "title": "/scratch/kx58/jm0124/tempJsons/28_290trhgaes.json", "total_energy": {"total_energy": -4380.616080689411}}