{"E(RIMP2 (OS))": {"E(RIMP2 (OS))": -7.180880673788235}, "E(RIMP2 (SS))": {"E(RIMP2 (SS))": -2.7549250076833993}, "E(RIMP2)": {"E(RIMP2)": -9.935805681471635}, "E(RIMP2) SOS": {"E(RIMP2) SOS": -9.335144875924707}, "Final E(HF)": {"Final E(HF)": -4370.687954735484}, "filename": "json_logs/1_oexjkboxjo.json", "finish_time": {"time": "Sat Mar  4 09:35:42 2023\n", "total_time": 78.554912098}, "start_time": {"time": "Sat Mar  4 09:34:23 2023\n"}, "title": "/scratch/kx58/jm0124/tempJsons/1_oexjkboxjo.json", "total_energy": {"total_energy": -4380.6237604169555}}