{"E(RIMP2 (OS))": {"E(RIMP2 (OS))": -7.185447899831672}, "E(RIMP2 (SS))": {"E(RIMP2 (SS))": -2.757551120870109}, "E(RIMP2)": {"E(RIMP2)": -9.94299902070178}, "E(RIMP2) SOS": {"E(RIMP2) SOS": -9.341082269781174}, "Final E(HF)": {"Final E(HF)": -4370.679160418213}, "filename": "json_logs/1_3i5olrmdcw.json", "finish_time": {"time": "Sat Mar  4 09:04:35 2023\n", "total_time": 94.025896115}, "start_time": {"time": "Sat Mar  4 09:03:01 2023\n"}, "title": "/scratch/kx58/jm0124/tempJsons/1_3i5olrmdcw.json", "total_energy": {"total_energy": -4380.622159438914}}