{"E(RIMP2 (OS))": {"E(RIMP2 (OS))": -7.1645090679617836}, "E(RIMP2 (SS))": {"E(RIMP2 (SS))": -2.741837025905733}, "E(RIMP2)": {"E(RIMP2)": -9.906346093867516}, "E(RIMP2) SOS": {"E(RIMP2) SOS": -9.31386178835032}, "Final E(HF)": {"Final E(HF)": -4370.708886027538}, "filename": "json_logs/7_btda00bfgi.json", "finish_time": {"time": "Thu Mar  2 17:12:34 2023\n", "total_time": 94.53251760500001}, "start_time": {"time": "Thu Mar  2 17:11:00 2023\n"}, "title": "/scratch/kx58/jm0124/tempJsons/7_btda00bfgi.json", "total_energy": {"total_energy": -4380.615232121406}}