{"E(RIMP2 (OS))": {"E(RIMP2 (OS))": -7.168767008338317}, "E(RIMP2 (SS))": {"E(RIMP2 (SS))": -2.7458638227160144}, "E(RIMP2)": {"E(RIMP2)": -9.914630831054332}, "E(RIMP2) SOS": {"E(RIMP2) SOS": -9.319397110839812}, "Final E(HF)": {"Final E(HF)": -4370.704811356685}, "filename": "json_logs/43_f5d14h2n98.json", "finish_time": {"time": "Sat Mar  4 05:07:06 2023\n", "total_time": 88.96829438900001}, "start_time": {"time": "Sat Mar  4 05:05:38 2023\n"}, "title": "/scratch/kx58/jm0124/tempJsons/43_f5d14h2n98.json", "total_energy": {"total_energy": -4380.61944218774}}