{"E(RIMP2 (OS))": {"E(RIMP2 (OS))": -7.174632612020013}, "E(RIMP2 (SS))": {"E(RIMP2 (SS))": -2.751221631926888}, "E(RIMP2)": {"E(RIMP2)": -9.925854243946901}, "E(RIMP2) SOS": {"E(RIMP2) SOS": -9.327022395626017}, "Final E(HF)": {"Final E(HF)": -4370.688479235934}, "filename": "json_logs/5_s0z3efrma9.json", "finish_time": {"time": "Thu Mar  2 17:35:56 2023\n", "total_time": 88.495647812}, "start_time": {"time": "Thu Mar  2 17:34:28 2023\n"}, "title": "/scratch/kx58/jm0124/tempJsons/5_s0z3efrma9.json", "total_energy": {"total_energy": -4380.614333479881}}