{"E(RIMP2 (OS))": {"E(RIMP2 (OS))": -7.172585194391012}, "E(RIMP2 (SS))": {"E(RIMP2 (SS))": -2.7494902888975843}, "E(RIMP2)": {"E(RIMP2)": -9.922075483288596}, "E(RIMP2) SOS": {"E(RIMP2) SOS": -9.324360752708316}, "Final E(HF)": {"Final E(HF)": -4370.695426584283}, "filename": "json_logs/1_lfshahdsx0.json", "finish_time": {"time": "Sat Mar  4 09:31:05 2023\n", "total_time": 95.735515439}, "start_time": {"time": "Sat Mar  4 09:29:30 2023\n"}, "title": "/scratch/kx58/jm0124/tempJsons/1_lfshahdsx0.json", "total_energy": {"total_energy": -4380.617502067572}}