{"E(RIMP2 (OS))": {"E(RIMP2 (OS))": -7.1949368748499385}, "E(RIMP2 (SS))": {"E(RIMP2 (SS))": -2.765985603422153}, "E(RIMP2)": {"E(RIMP2)": -9.960922478272092}, "E(RIMP2) SOS": {"E(RIMP2) SOS": -9.35341793730492}, "Final E(HF)": {"Final E(HF)": -4370.652530903853}, "filename": "json_logs/49_p8secdlj2g.json", "finish_time": {"time": "Thu Mar  2 18:46:34 2023\n", "total_time": 99.290753032}, "start_time": {"time": "Thu Mar  2 18:44:55 2023\n"}, "title": "/scratch/kx58/jm0124/tempJsons/49_p8secdlj2g.json", "total_energy": {"total_energy": -4380.613453382126}}