{"E(RIMP2 (OS))": {"E(RIMP2 (OS))": -7.173888225629792}, "E(RIMP2 (SS))": {"E(RIMP2 (SS))": -2.7498196977831704}, "E(RIMP2)": {"E(RIMP2)": -9.923707923412962}, "E(RIMP2) SOS": {"E(RIMP2) SOS": -9.32605469331873}, "Final E(HF)": {"Final E(HF)": -4370.693748556718}, "filename": "json_logs/1_qrlmcn4x19.json", "finish_time": {"time": "Sat Mar  4 09:14:50 2023\n", "total_time": 90.610340354}, "start_time": {"time": "Sat Mar  4 09:13:20 2023\n"}, "title": "/scratch/kx58/jm0124/tempJsons/1_qrlmcn4x19.json", "total_energy": {"total_energy": -4380.61745648013}}