{"E(RIMP2 (OS))": {"E(RIMP2 (OS))": -7.184913128101234}, "E(RIMP2 (SS))": {"E(RIMP2 (SS))": -2.7580615037821126}, "E(RIMP2)": {"E(RIMP2)": -9.942974631883347}, "E(RIMP2) SOS": {"E(RIMP2) SOS": -9.340387066531605}, "Final E(HF)": {"Final E(HF)": -4370.669531790842}, "filename": "json_logs/5_cmek6zynq2.json", "finish_time": {"time": "Thu Mar  2 18:18:14 2023\n", "total_time": 91.60598235900001}, "start_time": {"time": "Thu Mar  2 18:16:42 2023\n"}, "title": "/scratch/kx58/jm0124/tempJsons/5_cmek6zynq2.json", "total_energy": {"total_energy": -4380.612506422725}}