{"E(RIMP2 (OS))": {"E(RIMP2 (OS))": -7.180832925667372}, "E(RIMP2 (SS))": {"E(RIMP2 (SS))": -2.7550544358115374}, "E(RIMP2)": {"E(RIMP2)": -9.935887361478908}, "E(RIMP2) SOS": {"E(RIMP2) SOS": -9.335082803367584}, "Final E(HF)": {"Final E(HF)": -4370.68173948603}, "filename": "json_logs/43_ey31155mtl.json", "finish_time": {"time": "Sat Mar  4 05:34:54 2023\n", "total_time": 99.912202396}, "start_time": {"time": "Sat Mar  4 05:33:14 2023\n"}, "title": "/scratch/kx58/jm0124/tempJsons/43_ey31155mtl.json", "total_energy": {"total_energy": -4380.617626847509}}