{"E(RIMP2 (OS))": {"E(RIMP2 (OS))": -7.177182808551734}, "E(RIMP2 (SS))": {"E(RIMP2 (SS))": -2.7515276323353524}, "E(RIMP2)": {"E(RIMP2)": -9.928710440887087}, "E(RIMP2) SOS": {"E(RIMP2) SOS": -9.330337651117254}, "Final E(HF)": {"Final E(HF)": -4370.682855785646}, "filename": "json_logs/32_75judnssnn.json", "finish_time": {"time": "Thu Mar  2 19:11:05 2023\n", "total_time": 90.02453295}, "start_time": {"time": "Thu Mar  2 19:09:36 2023\n"}, "title": "/scratch/kx58/jm0124/tempJsons/32_75judnssnn.json", "total_energy": {"total_energy": -4380.611566226534}}