{"E(RIMP2 (OS))": {"E(RIMP2 (OS))": -7.178891180719775}, "E(RIMP2 (SS))": {"E(RIMP2 (SS))": -2.7535506559946916}, "E(RIMP2)": {"E(RIMP2)": -9.932441836714467}, "E(RIMP2) SOS": {"E(RIMP2) SOS": -9.332558534935709}, "Final E(HF)": {"Final E(HF)": -4370.684911779654}, "filename": "json_logs/43_tftuiao4pm.json", "finish_time": {"time": "Sat Mar  4 09:08:50 2023\n", "total_time": 96.35701201}, "start_time": {"time": "Sat Mar  4 09:07:14 2023\n"}, "title": "/scratch/kx58/jm0124/tempJsons/43_tftuiao4pm.json", "total_energy": {"total_energy": -4380.617353616368}}