{"E(RIMP2 (OS))": {"E(RIMP2 (OS))": -7.1770039633108915}, "E(RIMP2 (SS))": {"E(RIMP2 (SS))": -2.7510961486765217}, "E(RIMP2)": {"E(RIMP2)": -9.928100111987414}, "E(RIMP2) SOS": {"E(RIMP2) SOS": -9.33010515230416}, "Final E(HF)": {"Final E(HF)": -4370.682892041428}, "filename": "json_logs/32_mdmhzr5opo.json", "finish_time": {"time": "Thu Mar  2 19:12:35 2023\n", "total_time": 90.939163965}, "start_time": {"time": "Thu Mar  2 19:11:04 2023\n"}, "title": "/scratch/kx58/jm0124/tempJsons/32_mdmhzr5opo.json", "total_energy": {"total_energy": -4380.610992153416}}