{"E(RIMP2 (OS))": {"E(RIMP2 (OS))": -7.171225340053617}, "E(RIMP2 (SS))": {"E(RIMP2 (SS))": -2.7483619567496205}, "E(RIMP2)": {"E(RIMP2)": -9.919587296803238}, "E(RIMP2) SOS": {"E(RIMP2) SOS": -9.322592942069702}, "Final E(HF)": {"Final E(HF)": -4370.68944702537}, "filename": "json_logs/32_oxmf43wry0.json", "finish_time": {"time": "Thu Mar  2 18:14:02 2023\n", "total_time": 88.341271101}, "start_time": {"time": "Thu Mar  2 18:12:33 2023\n"}, "title": "/scratch/kx58/jm0124/tempJsons/32_oxmf43wry0.json", "total_energy": {"total_energy": -4380.609034322173}}