{"E(RIMP2 (OS))": {"E(RIMP2 (OS))": -7.167628865311137}, "E(RIMP2 (SS))": {"E(RIMP2 (SS))": -2.744722490181799}, "E(RIMP2)": {"E(RIMP2)": -9.912351355492936}, "E(RIMP2) SOS": {"E(RIMP2) SOS": -9.317917524904479}, "Final E(HF)": {"Final E(HF)": -4370.703626878201}, "filename": "json_logs/67_tpch6fu1v3.json", "finish_time": {"time": "Sat Mar  4 05:28:16 2023\n", "total_time": 90.70843415600001}, "start_time": {"time": "Sat Mar  4 05:26:46 2023\n"}, "title": "/scratch/kx58/jm0124/tempJsons/67_tpch6fu1v3.json", "total_energy": {"total_energy": -4380.615978233694}}