{"E(RIMP2 (OS))": {"E(RIMP2 (OS))": -7.172530860273204}, "E(RIMP2 (SS))": {"E(RIMP2 (SS))": -2.748274882812705}, "E(RIMP2)": {"E(RIMP2)": -9.920805743085909}, "E(RIMP2) SOS": {"E(RIMP2) SOS": -9.324290118355165}, "Final E(HF)": {"Final E(HF)": -4370.687601879552}, "filename": "json_logs/67_whvqo1ahdv.json", "finish_time": {"time": "Thu Mar  2 19:09:10 2023\n", "total_time": 83.09677495000001}, "start_time": {"time": "Thu Mar  2 19:07:47 2023\n"}, "title": "/scratch/kx58/jm0124/tempJsons/67_whvqo1ahdv.json", "total_energy": {"total_energy": -4380.608407622638}}