{"E(RIMP2 (OS))": {"E(RIMP2 (OS))": -7.174418549396628}, "E(RIMP2 (SS))": {"E(RIMP2 (SS))": -2.7499506337701347}, "E(RIMP2)": {"E(RIMP2)": -9.924369183166762}, "E(RIMP2) SOS": {"E(RIMP2) SOS": -9.326744114215616}, "Final E(HF)": {"Final E(HF)": -4370.691810989869}, "filename": "json_logs/1_27br3a8h1r.json", "finish_time": {"time": "Sat Mar  4 06:12:42 2023\n", "total_time": 92.609939925}, "start_time": {"time": "Sat Mar  4 06:11:10 2023\n"}, "title": "/scratch/kx58/jm0124/tempJsons/1_27br3a8h1r.json", "total_energy": {"total_energy": -4380.616180173035}}