{"E(RIMP2 (OS))": {"E(RIMP2 (OS))": -7.179828380372812}, "E(RIMP2 (SS))": {"E(RIMP2 (SS))": -2.7534815047394483}, "E(RIMP2)": {"E(RIMP2)": -9.93330988511226}, "E(RIMP2) SOS": {"E(RIMP2) SOS": -9.333776894484656}, "Final E(HF)": {"Final E(HF)": -4370.699988627239}, "filename": "json_logs/1_vdkmkn0t0a.json", "finish_time": {"time": "Sat Mar  4 08:22:40 2023\n", "total_time": 89.48745211699999}, "start_time": {"time": "Sat Mar  4 08:21:11 2023\n"}, "title": "/scratch/kx58/jm0124/tempJsons/1_vdkmkn0t0a.json", "total_energy": {"total_energy": -4380.633298512351}}