{"E(RIMP2 (OS))": {"E(RIMP2 (OS))": -7.175440476176726}, "E(RIMP2 (SS))": {"E(RIMP2 (SS))": -2.750517570502165}, "E(RIMP2)": {"E(RIMP2)": -9.92595804667889}, "E(RIMP2) SOS": {"E(RIMP2) SOS": -9.328072619029744}, "Final E(HF)": {"Final E(HF)": -4370.706138316427}, "filename": "json_logs/43_2enp3m6vrd.json", "finish_time": {"time": "Thu Mar  2 18:44:52 2023\n", "total_time": 92.657870262}, "start_time": {"time": "Thu Mar  2 18:43:20 2023\n"}, "title": "/scratch/kx58/jm0124/tempJsons/43_2enp3m6vrd.json", "total_energy": {"total_energy": -4380.632096363106}}