{"E(RIMP2 (OS))": {"E(RIMP2 (OS))": -7.1812827725821755}, "E(RIMP2 (SS))": {"E(RIMP2 (SS))": -2.7563733715934}, "E(RIMP2)": {"E(RIMP2)": -9.937656144175575}, "E(RIMP2) SOS": {"E(RIMP2) SOS": -9.335667604356829}, "Final E(HF)": {"Final E(HF)": -4370.693611992496}, "filename": "json_logs/1_2kmk1ywjzw.json", "finish_time": {"time": "Thu Mar  2 18:38:24 2023\n", "total_time": 97.848887609}, "start_time": {"time": "Thu Mar  2 18:36:46 2023\n"}, "title": "/scratch/kx58/jm0124/tempJsons/1_2kmk1ywjzw.json", "total_energy": {"total_energy": -4380.631268136672}}