{"E(RIMP2 (OS))": {"E(RIMP2 (OS))": -7.191589936634773}, "E(RIMP2 (SS))": {"E(RIMP2 (SS))": -2.764332680208129}, "E(RIMP2)": {"E(RIMP2)": -9.955922616842901}, "E(RIMP2) SOS": {"E(RIMP2) SOS": -9.349066917625205}, "Final E(HF)": {"Final E(HF)": -4370.676894515138}, "filename": "json_logs/43_1u3ow78q86.json", "finish_time": {"time": "Sat Mar  4 08:24:23 2023\n", "total_time": 99.717261566}, "start_time": {"time": "Sat Mar  4 08:22:43 2023\n"}, "title": "/scratch/kx58/jm0124/tempJsons/43_1u3ow78q86.json", "total_energy": {"total_energy": -4380.632817131981}}