{"E(RIMP2 (OS))": {"E(RIMP2 (OS))": -7.17622645427441}, "E(RIMP2 (SS))": {"E(RIMP2 (SS))": -2.7535804183932275}, "E(RIMP2)": {"E(RIMP2)": -9.929806872667637}, "E(RIMP2) SOS": {"E(RIMP2) SOS": -9.329094390556733}, "Final E(HF)": {"Final E(HF)": -4370.699163576563}, "filename": "json_logs/43_58kcg0hr0m.json", "finish_time": {"time": "Sat Mar  4 10:15:30 2023\n", "total_time": 95.379954381}, "start_time": {"time": "Sat Mar  4 10:13:55 2023\n"}, "title": "/scratch/kx58/jm0124/tempJsons/43_58kcg0hr0m.json", "total_energy": {"total_energy": -4380.62897044923}}