{"E(RIMP2 (OS))": {"E(RIMP2 (OS))": -7.163836225106967}, "E(RIMP2 (SS))": {"E(RIMP2 (SS))": -2.740431806027218}, "E(RIMP2)": {"E(RIMP2)": -9.904268031134185}, "E(RIMP2) SOS": {"E(RIMP2) SOS": -9.312987092639057}, "Final E(HF)": {"Final E(HF)": -4370.721314417209}, "filename": "json_logs/1_al1xevqkfd.json", "finish_time": {"time": "Thu Mar  2 17:26:03 2023\n", "total_time": 89.425598542}, "start_time": {"time": "Thu Mar  2 17:24:34 2023\n"}, "title": "/scratch/kx58/jm0124/tempJsons/1_al1xevqkfd.json", "total_energy": {"total_energy": -4380.625582448343}}