{"E(RIMP2 (OS))": {"E(RIMP2 (OS))": -7.1854455980924055}, "E(RIMP2 (SS))": {"E(RIMP2 (SS))": -2.759748455202713}, "E(RIMP2)": {"E(RIMP2)": -9.945194053295118}, "E(RIMP2) SOS": {"E(RIMP2) SOS": -9.341079277520127}, "Final E(HF)": {"Final E(HF)": -4370.683649007879}, "filename": "json_logs/2_mcdjde07sx.json", "finish_time": {"time": "Sat Mar  4 07:12:41 2023\n", "total_time": 101.214109374}, "start_time": {"time": "Sat Mar  4 07:11:00 2023\n"}, "title": "/scratch/kx58/jm0124/tempJsons/2_mcdjde07sx.json", "total_energy": {"total_energy": -4380.628843061173}}