{"E(RIMP2 (OS))": {"E(RIMP2 (OS))": -7.176564782603731}, "E(RIMP2 (SS))": {"E(RIMP2 (SS))": -2.7517003367029056}, "E(RIMP2)": {"E(RIMP2)": -9.928265119306637}, "E(RIMP2) SOS": {"E(RIMP2) SOS": -9.32953421738485}, "Final E(HF)": {"Final E(HF)": -4370.696490063192}, "filename": "json_logs/36_pqpp763ais.json", "finish_time": {"time": "Thu Mar  2 18:59:43 2023\n", "total_time": 105.516597944}, "start_time": {"time": "Thu Mar  2 18:57:57 2023\n"}, "title": "/scratch/kx58/jm0124/tempJsons/36_pqpp763ais.json", "total_energy": {"total_energy": -4380.624755182499}}