{"E(RIMP2 (OS))": {"E(RIMP2 (OS))": -7.181003429019109}, "E(RIMP2 (SS))": {"E(RIMP2 (SS))": -2.7554906375731028}, "E(RIMP2)": {"E(RIMP2)": -9.93649406659221}, "E(RIMP2) SOS": {"E(RIMP2) SOS": -9.335304457724842}, "Final E(HF)": {"Final E(HF)": -4370.686973144042}, "filename": "json_logs/36_2ebfojy1rj.json", "finish_time": {"time": "Thu Mar  2 19:04:51 2023\n", "total_time": 105.036931957}, "start_time": {"time": "Thu Mar  2 19:03:06 2023\n"}, "title": "/scratch/kx58/jm0124/tempJsons/36_2ebfojy1rj.json", "total_energy": {"total_energy": -4380.623467210635}}