{"E(RIMP2 (OS))": {"E(RIMP2 (OS))": -7.185837317027235}, "E(RIMP2 (SS))": {"E(RIMP2 (SS))": -2.75856977823746}, "E(RIMP2)": {"E(RIMP2)": -9.944407095264694}, "E(RIMP2) SOS": {"E(RIMP2) SOS": -9.341588512135406}, "Final E(HF)": {"Final E(HF)": -4370.68442849904}, "filename": "json_logs/43_0ijab10ibo.json", "finish_time": {"time": "Sat Mar  4 06:55:00 2023\n", "total_time": 100.607439579}, "start_time": {"time": "Sat Mar  4 06:53:20 2023\n"}, "title": "/scratch/kx58/jm0124/tempJsons/43_0ijab10ibo.json", "total_energy": {"total_energy": -4380.628835594305}}