{"E(RIMP2 (OS))": {"E(RIMP2 (OS))": -7.180481157939334}, "E(RIMP2 (SS))": {"E(RIMP2 (SS))": -2.7554750361957714}, "E(RIMP2)": {"E(RIMP2)": -9.935956194135105}, "E(RIMP2) SOS": {"E(RIMP2) SOS": -9.334625505321135}, "Final E(HF)": {"Final E(HF)": -4370.684550273692}, "filename": "json_logs/67_bd4m3nyewg.json", "finish_time": {"time": "Thu Mar  2 18:12:31 2023\n", "total_time": 90.434646645}, "start_time": {"time": "Thu Mar  2 18:11:01 2023\n"}, "title": "/scratch/kx58/jm0124/tempJsons/67_bd4m3nyewg.json", "total_energy": {"total_energy": -4380.620506467828}}