{"E(RIMP2 (OS))": {"E(RIMP2 (OS))": -7.181805888791648}, "E(RIMP2 (SS))": {"E(RIMP2 (SS))": -2.757778396859813}, "E(RIMP2)": {"E(RIMP2)": -9.939584285651462}, "E(RIMP2) SOS": {"E(RIMP2) SOS": -9.336347655429142}, "Final E(HF)": {"Final E(HF)": -4370.686143997609}, "filename": "json_logs/43_a7t8dmkiaz.json", "finish_time": {"time": "Sat Mar  4 09:09:24 2023\n", "total_time": 92.034634276}, "start_time": {"time": "Sat Mar  4 09:07:52 2023\n"}, "title": "/scratch/kx58/jm0124/tempJsons/43_a7t8dmkiaz.json", "total_energy": {"total_energy": -4380.625728283261}}