{"E(RIMP2 (OS))": {"E(RIMP2 (OS))": -7.165104183807734}, "E(RIMP2 (SS))": {"E(RIMP2 (SS))": -2.7412906244162567}, "E(RIMP2)": {"E(RIMP2)": -9.90639480822399}, "E(RIMP2) SOS": {"E(RIMP2) SOS": -9.314635438950054}, "Final E(HF)": {"Final E(HF)": -4370.719823026182}, "filename": "json_logs/1_5e459xbqm1.json", "finish_time": {"time": "Sat Mar  4 06:17:23 2023\n", "total_time": 83.655863909}, "start_time": {"time": "Sat Mar  4 06:15:59 2023\n"}, "title": "/scratch/kx58/jm0124/tempJsons/1_5e459xbqm1.json", "total_energy": {"total_energy": -4380.626217834406}}