{"E(RIMP2 (OS))": {"E(RIMP2 (OS))": -7.17395576177457}, "E(RIMP2 (SS))": {"E(RIMP2 (SS))": -2.749163522467634}, "E(RIMP2)": {"E(RIMP2)": -9.923119284242205}, "E(RIMP2) SOS": {"E(RIMP2) SOS": -9.32614249030694}, "Final E(HF)": {"Final E(HF)": -4370.694921139293}, "filename": "json_logs/2_m4z29ru7la.json", "finish_time": {"time": "Thu Mar  2 18:38:00 2023\n", "total_time": 88.456029962}, "start_time": {"time": "Thu Mar  2 18:36:32 2023\n"}, "title": "/scratch/kx58/jm0124/tempJsons/2_m4z29ru7la.json", "total_energy": {"total_energy": -4380.618040423536}}