{"E(RIMP2 (OS))": {"E(RIMP2 (OS))": -7.180832925684925}, "E(RIMP2 (SS))": {"E(RIMP2 (SS))": -2.7550544358209854}, "E(RIMP2)": {"E(RIMP2)": -9.93588736150591}, "E(RIMP2) SOS": {"E(RIMP2) SOS": -9.335082803390403}, "Final E(HF)": {"Final E(HF)": -4370.6817394863465}, "filename": "json_logs/43_vtqa3dygtt.json", "finish_time": {"time": "Thu Mar  2 17:36:41 2023\n", "total_time": 104.938497489}, "start_time": {"time": "Thu Mar  2 17:34:56 2023\n"}, "title": "/scratch/kx58/jm0124/tempJsons/43_vtqa3dygtt.json", "total_energy": {"total_energy": -4380.617626847852}}