{"E(RIMP2 (OS))": {"E(RIMP2 (OS))": -7.190515029711631}, "E(RIMP2 (SS))": {"E(RIMP2 (SS))": -2.764402838587874}, "E(RIMP2)": {"E(RIMP2)": -9.954917868299505}, "E(RIMP2) SOS": {"E(RIMP2) SOS": -9.347669538625121}, "Final E(HF)": {"Final E(HF)": -4370.67051928995}, "filename": "json_logs/43_tcuq8rwza9.json", "finish_time": {"time": "Sat Mar  4 06:15:30 2023\n", "total_time": 100.361078594}, "start_time": {"time": "Sat Mar  4 06:13:50 2023\n"}, "title": "/scratch/kx58/jm0124/tempJsons/43_tcuq8rwza9.json", "total_energy": {"total_energy": -4380.625437158249}}