{"E(RIMP2 (OS))": {"E(RIMP2 (OS))": -7.174945836437237}, "E(RIMP2 (SS))": {"E(RIMP2 (SS))": -2.7494263605382963}, "E(RIMP2)": {"E(RIMP2)": -9.924372196975533}, "E(RIMP2) SOS": {"E(RIMP2) SOS": -9.327429587368409}, "Final E(HF)": {"Final E(HF)": -4370.692892679384}, "filename": "json_logs/36_e97yap7zox.json", "finish_time": {"time": "Thu Mar  2 19:10:39 2023\n", "total_time": 86.963875818}, "start_time": {"time": "Thu Mar  2 19:09:12 2023\n"}, "title": "/scratch/kx58/jm0124/tempJsons/36_e97yap7zox.json", "total_energy": {"total_energy": -4380.61726487636}}