{"E(RIMP2 (OS))": {"E(RIMP2 (OS))": -7.179893873666301}, "E(RIMP2 (SS))": {"E(RIMP2 (SS))": -2.7539856754694467}, "E(RIMP2)": {"E(RIMP2)": -9.933879549135748}, "E(RIMP2) SOS": {"E(RIMP2) SOS": -9.333862035766192}, "Final E(HF)": {"Final E(HF)": -4370.691751384713}, "filename": "json_logs/32_s2v9o3iasy.json", "finish_time": {"time": "Sat Mar  4 06:15:56 2023\n", "total_time": 91.712941699}, "start_time": {"time": "Sat Mar  4 06:14:25 2023\n"}, "title": "/scratch/kx58/jm0124/tempJsons/32_s2v9o3iasy.json", "total_energy": {"total_energy": -4380.625630933849}}