{"E(RIMP2 (OS))": {"E(RIMP2 (OS))": -1.3881019760515492}, "E(RIMP2 (SS))": {"E(RIMP2 (SS))": -0.5037529790326946}, "E(RIMP2)": {"E(RIMP2)": -1.8918549550842436}, "E(RIMP2) SOS": {"E(RIMP2) SOS": -1.804532568867014}, "Final E(HF)": {"Final E(HF)": -683.3269405749379}, "filename": "json_logs/IVHKD84NPD_yb438o6wz2.json", "finish_time": {"time": "Mon Apr  3 14:13:24 2023\n", "total_time": 6.630498418999999}, "start_time": {"time": "Mon Apr  3 14:13:18 2023\n"}, "title": "/scratch/kx58/jm0124/tempJsons/IVHKD84NPD_yb438o6wz2.json", "total_energy": {"total_energy": -685.2187955300221}}