{"E(RIMP2 (OS))": {"E(RIMP2 (OS))": -1.3879298668085869}, "E(RIMP2 (SS))": {"E(RIMP2 (SS))": -0.5037527083139202}, "E(RIMP2)": {"E(RIMP2)": -1.891682575122507}, "E(RIMP2) SOS": {"E(RIMP2) SOS": -1.804308826851163}, "Final E(HF)": {"Final E(HF)": -683.326372526928}, "filename": "json_logs/E1XYEAS38H_dewzb11ou1.json", "finish_time": {"time": "Mon Apr  3 14:13:26 2023\n", "total_time": 6.686336431}, "start_time": {"time": "Mon Apr  3 14:13:20 2023\n"}, "title": "/scratch/kx58/jm0124/tempJsons/E1XYEAS38H_dewzb11ou1.json", "total_energy": {"total_energy": -685.2180551020505}}