{"E(RIMP2 (OS))": {"E(RIMP2 (OS))": -1.535366647352586}, "E(RIMP2 (SS))": {"E(RIMP2 (SS))": -0.551040266277786}, "E(RIMP2)": {"E(RIMP2)": -2.086406913630372}, "E(RIMP2) SOS": {"E(RIMP2) SOS": -1.995976641558362}, "Final E(HF)": {"Final E(HF)": -680.5354727837538}, "filename": "json_logs/ASP_xau###o0###.json", "finish_time": {"time": "Sat Feb  4 09:22:08 2023\n", "total_time": 14.685244289}, "start_time": {"time": "Sat Feb  4 09:21:53 2023\n"}, "title": "/scratch/kx58/jm0124/tempJsons/ASP_xau###o0###.json", "total_energy": {"total_energy": -682.6218796973842}}