{"E(RIMP2 (OS))": {"E(RIMP2 (OS))": -1.5320134160556313}, "E(RIMP2 (SS))": {"E(RIMP2 (SS))": -0.54881732119489}, "E(RIMP2)": {"E(RIMP2)": -2.0808307372505213}, "E(RIMP2) SOS": {"E(RIMP2) SOS": -1.9916174408723208}, "Final E(HF)": {"Final E(HF)": -680.5405426029275}, "filename": "json_logs/ASP_xau###o1###.json", "finish_time": {"time": "Sat Feb  4 09:21:52 2023\n", "total_time": 15.751618425}, "start_time": {"time": "Sat Feb  4 09:21:37 2023\n"}, "title": "/scratch/kx58/jm0124/tempJsons/ASP_xau###o1###.json", "total_energy": {"total_energy": -682.621373340178}}