{"E(RIMP2 (OS))": {"E(RIMP2 (OS))": -1.535908074470744}, "E(RIMP2 (SS))": {"E(RIMP2 (SS))": -0.5509145148923449}, "E(RIMP2)": {"E(RIMP2)": -2.0868225893630887}, "E(RIMP2) SOS": {"E(RIMP2) SOS": -1.9966804968119674}, "Final E(HF)": {"Final E(HF)": -680.531913517304}, "filename": "json_logs/ASP_xau###o2###.json", "finish_time": {"time": "Sat Feb  4 09:21:53 2023\n", "total_time": 16.818945617}, "start_time": {"time": "Sat Feb  4 09:21:36 2023\n"}, "title": "/scratch/kx58/jm0124/tempJsons/ASP_xau###o2###.json", "total_energy": {"total_energy": -682.6187361066671}}