{"E(RIMP2 (OS))": {"E(RIMP2 (OS))": -1.5369416588235874}, "E(RIMP2 (SS))": {"E(RIMP2 (SS))": -0.5523079320117524}, "E(RIMP2)": {"E(RIMP2)": -2.08924959083534}, "E(RIMP2) SOS": {"E(RIMP2) SOS": -1.9980241564706636}, "Final E(HF)": {"Final E(HF)": -680.5287953650155}, "filename": "json_logs/ASP_xau###o3###.json", "finish_time": {"time": "Sat Feb  4 09:21:53 2023\n", "total_time": 17.194591928999998}, "start_time": {"time": "Sat Feb  4 09:21:36 2023\n"}, "title": "/scratch/kx58/jm0124/tempJsons/ASP_xau###o3###.json", "total_energy": {"total_energy": -682.6180449558509}}