{"E(RIMP2 (OS))": {"E(RIMP2 (OS))": -1.5337245936200763}, "E(RIMP2 (SS))": {"E(RIMP2 (SS))": -0.5492660138821374}, "E(RIMP2)": {"E(RIMP2)": -2.0829906075022135}, "E(RIMP2) SOS": {"E(RIMP2) SOS": -1.9938419717060993}, "Final E(HF)": {"Final E(HF)": -680.5344996890876}, "filename": "json_logs/ASP_xau###o4###.json", "finish_time": {"time": "Sat Feb  4 09:21:52 2023\n", "total_time": 16.229471158}, "start_time": {"time": "Sat Feb  4 09:21:36 2023\n"}, "title": "/scratch/kx58/jm0124/tempJsons/ASP_xau###o4###.json", "total_energy": {"total_energy": -682.6174902965898}}