{"E(RIMP2 (OS))": {"E(RIMP2 (OS))": -1.417158301488266}, "E(RIMP2 (SS))": {"E(RIMP2 (SS))": -0.4910031486574285}, "E(RIMP2)": {"E(RIMP2)": -1.9081614501456945}, "E(RIMP2) SOS": {"E(RIMP2) SOS": -1.8423057919347459}, "Final E(HF)": {"Final E(HF)": -609.9565440347956}, "filename": "json_logs/IKDIWY16T0_4adtgjrdxp.json", "finish_time": {"time": "Mon Apr  3 19:28:44 2023\n", "total_time": 6.870582161000001}, "start_time": {"time": "Mon Apr  3 19:28:38 2023\n"}, "title": "/scratch/kx58/jm0124/tempJsons/IKDIWY16T0_4adtgjrdxp.json", "total_energy": {"total_energy": -611.8647054849413}}