{"E(RIMP2 (OS))": {"E(RIMP2 (OS))": -1.4165039327559992}, "E(RIMP2 (SS))": {"E(RIMP2 (SS))": -0.49048080062684474}, "E(RIMP2)": {"E(RIMP2)": -1.9069847333828438}, "E(RIMP2) SOS": {"E(RIMP2) SOS": -1.841455112582799}, "Final E(HF)": {"Final E(HF)": -609.9568121686856}, "filename": "json_logs/MBKH68S7OH_ipn9dqevey.json", "finish_time": {"time": "Mon Apr  3 19:59:26 2023\n", "total_time": 7.4089337109999995}, "start_time": {"time": "Mon Apr  3 19:59:19 2023\n"}, "title": "/scratch/kx58/jm0124/tempJsons/MBKH68S7OH_ipn9dqevey.json", "total_energy": {"total_energy": -611.8637969020684}}