{"E(RIMP2 (OS))": {"E(RIMP2 (OS))": -1.4166723558355978}, "E(RIMP2 (SS))": {"E(RIMP2 (SS))": -0.4906570139505535}, "E(RIMP2)": {"E(RIMP2)": -1.9073293697861513}, "E(RIMP2) SOS": {"E(RIMP2) SOS": -1.8416740625862773}, "Final E(HF)": {"Final E(HF)": -609.9560225609238}, "filename": "json_logs/URPTO86R4G_hdkqn3jwmr.json", "finish_time": {"time": "Mon Apr  3 19:40:05 2023\n", "total_time": 6.55879725}, "start_time": {"time": "Mon Apr  3 19:39:58 2023\n"}, "title": "/scratch/kx58/jm0124/tempJsons/URPTO86R4G_hdkqn3jwmr.json", "total_energy": {"total_energy": -611.8633519307099}}