{"E(RIMP2 (OS))": {"E(RIMP2 (OS))": -1.4159562482241639}, "E(RIMP2 (SS))": {"E(RIMP2 (SS))": -0.4902025761718546}, "E(RIMP2)": {"E(RIMP2)": -1.9061588243960186}, "E(RIMP2) SOS": {"E(RIMP2) SOS": -1.840743122691413}, "Final E(HF)": {"Final E(HF)": -609.9567247873401}, "filename": "json_logs/6_m7u8os48m5.json", "finish_time": {"time": "Mon Apr  3 19:28:43 2023\n", "total_time": 6.000348781}, "start_time": {"time": "Mon Apr  3 19:28:37 2023\n"}, "title": "/scratch/kx58/jm0124/tempJsons/6_m7u8os48m5.json", "total_energy": {"total_energy": -611.8628836117362}}