{"E(RIMP2 (OS))": {"E(RIMP2 (OS))": -1.4155682146069049}, "E(RIMP2 (SS))": {"E(RIMP2 (SS))": -0.4899124002052437}, "E(RIMP2)": {"E(RIMP2)": -1.9054806148121486}, "E(RIMP2) SOS": {"E(RIMP2) SOS": -1.8402386789889764}, "Final E(HF)": {"Final E(HF)": -609.9572168037172}, "filename": "json_logs/47_hqsthx8mnl.json", "finish_time": {"time": "Mon Apr  3 19:28:42 2023\n", "total_time": 6.1926979520000005}, "start_time": {"time": "Mon Apr  3 19:28:36 2023\n"}, "title": "/scratch/kx58/jm0124/tempJsons/47_hqsthx8mnl.json", "total_energy": {"total_energy": -611.8626974185294}}