{"E(RIMP2 (OS))": {"E(RIMP2 (OS))": -1.5322684796036852}, "E(RIMP2 (SS))": {"E(RIMP2 (SS))": -0.5495926103695576}, "E(RIMP2)": {"E(RIMP2)": -2.081861089973243}, "E(RIMP2) SOS": {"E(RIMP2) SOS": -1.9919490234847907}, "Final E(HF)": {"Final E(HF)": -680.5395647386857}, "filename": "json_logs/ASP_xau_0_stsgkuplrj.json", "finish_time": {"time": "Sat Feb  4 09:21:34 2023\n", "total_time": 14.370120214}, "start_time": {"time": "Sat Feb  4 09:21:20 2023\n"}, "title": "/scratch/kx58/jm0124/tempJsons/ASP_xau_0_stsgkuplrj.json", "total_energy": {"total_energy": -682.621425828659}}