{"E(RIMP2 (OS))": {"E(RIMP2 (OS))": -1.5308184007166883}, "E(RIMP2 (SS))": {"E(RIMP2 (SS))": -0.5476687388658495}, "E(RIMP2)": {"E(RIMP2)": -2.078487139582538}, "E(RIMP2) SOS": {"E(RIMP2) SOS": -1.9900639209316948}, "Final E(HF)": {"Final E(HF)": -680.5361277560039}, "filename": "json_logs/ASP_xau_15_xbujhrwdgp.json", "finish_time": {"time": "Sat Feb  4 09:20:45 2023\n", "total_time": 17.154430285}, "start_time": {"time": "Sat Feb  4 09:20:28 2023\n"}, "title": "/scratch/kx58/jm0124/tempJsons/ASP_xau_15_xbujhrwdgp.json", "total_energy": {"total_energy": -682.6146148955864}}