{"E(RIMP2 (OS))": {"E(RIMP2 (OS))": -1.5315050730121558}, "E(RIMP2 (SS))": {"E(RIMP2 (SS))": -0.548214484898503}, "E(RIMP2)": {"E(RIMP2)": -2.079719557910659}, "E(RIMP2) SOS": {"E(RIMP2) SOS": -1.9909565949158026}, "Final E(HF)": {"Final E(HF)": -680.5327816368713}, "filename": "json_logs/ASP_xau_17_snljysoxrs.json", "finish_time": {"time": "Sat Feb  4 09:20:42 2023\n", "total_time": 15.434039322}, "start_time": {"time": "Sat Feb  4 09:20:27 2023\n"}, "title": "/scratch/kx58/jm0124/tempJsons/ASP_xau_17_snljysoxrs.json", "total_energy": {"total_energy": -682.6125011947819}}