{"E(RIMP2 (OS))": {"E(RIMP2 (OS))": -1.5303464082476306}, "E(RIMP2 (SS))": {"E(RIMP2 (SS))": -0.5477193696948697}, "E(RIMP2)": {"E(RIMP2)": -2.0780657779425002}, "E(RIMP2) SOS": {"E(RIMP2) SOS": -1.9894503307219198}, "Final E(HF)": {"Final E(HF)": -680.532673415929}, "filename": "json_logs/ASP_xau_19_brullgufdl.json", "finish_time": {"time": "Sat Feb  4 09:20:43 2023\n", "total_time": 17.032454856}, "start_time": {"time": "Sat Feb  4 09:20:26 2023\n"}, "title": "/scratch/kx58/jm0124/tempJsons/ASP_xau_19_brullgufdl.json", "total_energy": {"total_energy": -682.6107391938715}}