{"E(RIMP2 (OS))": {"E(RIMP2 (OS))": -1.5313259868982465}, "E(RIMP2 (SS))": {"E(RIMP2 (SS))": -0.5479282239641861}, "E(RIMP2)": {"E(RIMP2)": -2.0792542108624326}, "E(RIMP2) SOS": {"E(RIMP2) SOS": -1.9907237829677205}, "Final E(HF)": {"Final E(HF)": -680.5346583156162}, "filename": "json_logs/ASP_xau_20_kgnzrnanmi.json", "finish_time": {"time": "Sat Feb  4 09:20:40 2023\n", "total_time": 16.252027249}, "start_time": {"time": "Sat Feb  4 09:20:24 2023\n"}, "title": "/scratch/kx58/jm0124/tempJsons/ASP_xau_20_kgnzrnanmi.json", "total_energy": {"total_energy": -682.6139125264785}}