{"E(RIMP2 (OS))": {"E(RIMP2 (OS))": -1.5328668265065006}, "E(RIMP2 (SS))": {"E(RIMP2 (SS))": -0.5488521208434552}, "E(RIMP2)": {"E(RIMP2)": -2.0817189473499558}, "E(RIMP2) SOS": {"E(RIMP2) SOS": -1.992726874458451}, "Final E(HF)": {"Final E(HF)": -680.5278957612262}, "filename": "json_logs/ASP_xau_22_ywrfnswurs.json", "finish_time": {"time": "Sat Feb  4 09:20:25 2023\n", "total_time": 16.893985677}, "start_time": {"time": "Sat Feb  4 09:20:09 2023\n"}, "title": "/scratch/kx58/jm0124/tempJsons/ASP_xau_22_ywrfnswurs.json", "total_energy": {"total_energy": -682.6096147085761}}