{"E(RIMP2 (OS))": {"E(RIMP2 (OS))": -1.5330590590827966}, "E(RIMP2 (SS))": {"E(RIMP2 (SS))": -0.5488217571865802}, "E(RIMP2)": {"E(RIMP2)": -2.081880816269377}, "E(RIMP2) SOS": {"E(RIMP2) SOS": -1.9929767768076356}, "Final E(HF)": {"Final E(HF)": -680.5278561620756}, "filename": "json_logs/ASP_xau_23_vmkhybmvwq.json", "finish_time": {"time": "Sat Feb  4 09:20:27 2023\n", "total_time": 18.348457246000002}, "start_time": {"time": "Sat Feb  4 09:20:08 2023\n"}, "title": "/scratch/kx58/jm0124/tempJsons/ASP_xau_23_vmkhybmvwq.json", "total_energy": {"total_energy": -682.609736978345}}