{"E(RIMP2 (OS))": {"E(RIMP2 (OS))": -1.5330735820329997}, "E(RIMP2 (SS))": {"E(RIMP2 (SS))": -0.5496782225751494}, "E(RIMP2)": {"E(RIMP2)": -2.082751804608149}, "E(RIMP2) SOS": {"E(RIMP2) SOS": -1.9929956566428997}, "Final E(HF)": {"Final E(HF)": -680.5231925618343}, "filename": "json_logs/ASP_xau_24_fxbjdgmagk.json", "finish_time": {"time": "Sat Feb  4 09:20:25 2023\n", "total_time": 16.540341367}, "start_time": {"time": "Sat Feb  4 09:20:08 2023\n"}, "title": "/scratch/kx58/jm0124/tempJsons/ASP_xau_24_fxbjdgmagk.json", "total_energy": {"total_energy": -682.6059443664425}}