{"E(RIMP2 (OS))": {"E(RIMP2 (OS))": -1.5342434450105364}, "E(RIMP2 (SS))": {"E(RIMP2 (SS))": -0.551392204927926}, "E(RIMP2)": {"E(RIMP2)": -2.0856356499384625}, "E(RIMP2) SOS": {"E(RIMP2) SOS": -1.9945164785136975}, "Final E(HF)": {"Final E(HF)": -680.5283488711135}, "filename": "json_logs/ASP_xau_25_himjzfrnss.json", "finish_time": {"time": "Sat Feb  4 09:20:23 2023\n", "total_time": 18.067725522}, "start_time": {"time": "Sat Feb  4 09:20:05 2023\n"}, "title": "/scratch/kx58/jm0124/tempJsons/ASP_xau_25_himjzfrnss.json", "total_energy": {"total_energy": -682.613984521052}}