{"E(RIMP2 (OS))": {"E(RIMP2 (OS))": -1.5302162714720227}, "E(RIMP2 (SS))": {"E(RIMP2 (SS))": -0.5475343629704745}, "E(RIMP2)": {"E(RIMP2)": -2.077750634442497}, "E(RIMP2) SOS": {"E(RIMP2) SOS": -1.9892811529136296}, "Final E(HF)": {"Final E(HF)": -680.5369072827058}, "filename": "json_logs/ASP_xau_26_esiumibjls.json", "finish_time": {"time": "Sat Feb  4 09:20:03 2023\n", "total_time": 14.547059651}, "start_time": {"time": "Sat Feb  4 09:19:49 2023\n"}, "title": "/scratch/kx58/jm0124/tempJsons/ASP_xau_26_esiumibjls.json", "total_energy": {"total_energy": -682.6146579171483}}