{"E(RIMP2 (OS))": {"E(RIMP2 (OS))": -1.53432785876884}, "E(RIMP2 (SS))": {"E(RIMP2 (SS))": -0.5500816099733563}, "E(RIMP2)": {"E(RIMP2)": -2.084409468742196}, "E(RIMP2) SOS": {"E(RIMP2) SOS": -1.9946262163994921}, "Final E(HF)": {"Final E(HF)": -680.5209229463569}, "filename": "json_logs/ASP_xau_28.json", "finish_time": {"time": "Sat Feb  4 09:20:07 2023\n", "total_time": 17.747611699}, "start_time": {"time": "Sat Feb  4 09:19:49 2023\n"}, "title": "/scratch/kx58/jm0124/tempJsons/ASP_xau_28.json", "total_energy": {"total_energy": -682.6053324150992}}