{"E(RIMP2 (OS))": {"E(RIMP2 (OS))": -1.5309520991313825}, "E(RIMP2 (SS))": {"E(RIMP2 (SS))": -0.5484462127551761}, "E(RIMP2)": {"E(RIMP2)": -2.0793983118865587}, "E(RIMP2) SOS": {"E(RIMP2) SOS": -1.9902377288707973}, "Final E(HF)": {"Final E(HF)": -680.5375547218844}, "filename": "json_logs/ASP_xau_3_ioasetbhiu.json", "finish_time": {"time": "Sat Feb  4 09:21:33 2023\n", "total_time": 15.042338856}, "start_time": {"time": "Sat Feb  4 09:21:18 2023\n"}, "title": "/scratch/kx58/jm0124/tempJsons/ASP_xau_3_ioasetbhiu.json", "total_energy": {"total_energy": -682.6169530337709}}