{"E(RIMP2 (OS))": {"E(RIMP2 (OS))": -1.530967677957319}, "E(RIMP2 (SS))": {"E(RIMP2 (SS))": -0.5483000325864731}, "E(RIMP2)": {"E(RIMP2)": -2.079267710543792}, "E(RIMP2) SOS": {"E(RIMP2) SOS": -1.9902579813445147}, "Final E(HF)": {"Final E(HF)": -680.5309591827831}, "filename": "json_logs/ASP_xau_29.json", "finish_time": {"time": "Sat Feb  4 09:20:07 2023\n", "total_time": 18.271636856}, "start_time": {"time": "Sat Feb  4 09:19:49 2023\n"}, "title": "/scratch/kx58/jm0124/tempJsons/ASP_xau_29.json", "total_energy": {"total_energy": -682.6102268933269}}