{"E(RIMP2 (OS))": {"E(RIMP2 (OS))": -1.536163943597706}, "E(RIMP2 (SS))": {"E(RIMP2 (SS))": -0.5513979550402469}, "E(RIMP2)": {"E(RIMP2)": -2.087561898637953}, "E(RIMP2) SOS": {"E(RIMP2) SOS": -1.9970131266770177}, "Final E(HF)": {"Final E(HF)": -680.5230450852171}, "filename": "json_logs/ASP_xau_30.json", "finish_time": {"time": "Sat Feb  4 09:20:07 2023\n", "total_time": 17.96474233}, "start_time": {"time": "Sat Feb  4 09:19:49 2023\n"}, "title": "/scratch/kx58/jm0124/tempJsons/ASP_xau_30.json", "total_energy": {"total_energy": -682.610606983855}}