{"E(RIMP2 (OS))": {"E(RIMP2 (OS))": -1.5321315803080557}, "E(RIMP2 (SS))": {"E(RIMP2 (SS))": -0.5494614218524911}, "E(RIMP2)": {"E(RIMP2)": -2.081593002160547}, "E(RIMP2) SOS": {"E(RIMP2) SOS": -1.9917710544004725}, "Final E(HF)": {"Final E(HF)": -680.5364755032557}, "filename": "json_logs/ASP_xau_4_bmcwaixdmi.json", "finish_time": {"time": "Sat Feb  4 09:21:22 2023\n", "total_time": 17.015241532}, "start_time": {"time": "Sat Feb  4 09:21:05 2023\n"}, "title": "/scratch/kx58/jm0124/tempJsons/ASP_xau_4_bmcwaixdmi.json", "total_energy": {"total_energy": -682.6180685054162}}