{"E(RIMP2 (OS))": {"E(RIMP2 (OS))": -1.528957861356198}, "E(RIMP2 (SS))": {"E(RIMP2 (SS))": -0.5475194703820726}, "E(RIMP2)": {"E(RIMP2)": -2.0764773317382708}, "E(RIMP2) SOS": {"E(RIMP2) SOS": -1.9876452197630576}, "Final E(HF)": {"Final E(HF)": -680.5419267769655}, "filename": "json_logs/ASP_xau_5_upsegemomv.json", "finish_time": {"time": "Sat Feb  4 09:21:19 2023\n", "total_time": 16.696280736000002}, "start_time": {"time": "Sat Feb  4 09:21:03 2023\n"}, "title": "/scratch/kx58/jm0124/tempJsons/ASP_xau_5_upsegemomv.json", "total_energy": {"total_energy": -682.6184041087038}}