{"E(RIMP2 (OS))": {"E(RIMP2 (OS))": -1.5332099984853274}, "E(RIMP2 (SS))": {"E(RIMP2 (SS))": -0.5494909026225568}, "E(RIMP2)": {"E(RIMP2)": -2.0827009011078843}, "E(RIMP2) SOS": {"E(RIMP2) SOS": -1.9931729980309256}, "Final E(HF)": {"Final E(HF)": -680.5342210730782}, "filename": "json_logs/ASP_xau_7_rnhbbdufbe.json", "finish_time": {"time": "Sat Feb  4 09:21:18 2023\n", "total_time": 15.952071107}, "start_time": {"time": "Sat Feb  4 09:21:02 2023\n"}, "title": "/scratch/kx58/jm0124/tempJsons/ASP_xau_7_rnhbbdufbe.json", "total_energy": {"total_energy": -682.6169219741861}}