{"E(RIMP2 (OS))": {"E(RIMP2 (OS))": -1.531161322280149}, "E(RIMP2 (SS))": {"E(RIMP2 (SS))": -0.5484225522651442}, "E(RIMP2)": {"E(RIMP2)": -2.0795838745452935}, "E(RIMP2) SOS": {"E(RIMP2) SOS": -1.9905097189641938}, "Final E(HF)": {"Final E(HF)": -680.5345477437902}, "filename": "json_logs/ASP_xau_8_jycfvxtbav.json", "finish_time": {"time": "Sat Feb  4 09:21:16 2023\n", "total_time": 15.483293346}, "start_time": {"time": "Sat Feb  4 09:21:01 2023\n"}, "title": "/scratch/kx58/jm0124/tempJsons/ASP_xau_8_jycfvxtbav.json", "total_energy": {"total_energy": -682.6141316183355}}