{"E(RIMP2 (OS))": {"E(RIMP2 (OS))": -1.5312126552892162}, "E(RIMP2 (SS))": {"E(RIMP2 (SS))": -0.5479250281920002}, "E(RIMP2)": {"E(RIMP2)": -2.0791376834812163}, "E(RIMP2) SOS": {"E(RIMP2) SOS": -1.9905764518759812}, "Final E(HF)": {"Final E(HF)": -680.536287037224}, "filename": "json_logs/ASP_xau_9_cwxawuohtm.json", "finish_time": {"time": "Sat Feb  4 09:21:03 2023\n", "total_time": 16.973309249000003}, "start_time": {"time": "Sat Feb  4 09:20:47 2023\n"}, "title": "/scratch/kx58/jm0124/tempJsons/ASP_xau_9_cwxawuohtm.json", "total_energy": {"total_energy": -682.6154247207053}}