{"E(RIMP2 (OS))": {"E(RIMP2 (OS))": -1.530421440413526}, "E(RIMP2 (SS))": {"E(RIMP2 (SS))": -0.5474772488330663}, "E(RIMP2)": {"E(RIMP2)": -2.077898689246592}, "E(RIMP2) SOS": {"E(RIMP2) SOS": -1.9895478725375837}, "Final E(HF)": {"Final E(HF)": -680.5388225947577}, "filename": "json_logs/ASP_xau_10_snrbposjbb.json", "finish_time": {"time": "Sat Feb  4 09:21:01 2023\n", "total_time": 16.902592136}, "start_time": {"time": "Sat Feb  4 09:20:45 2023\n"}, "title": "/scratch/kx58/jm0124/tempJsons/ASP_xau_10_snrbposjbb.json", "total_energy": {"total_energy": -682.6167212840043}}