{"E(RIMP2 (OS))": {"E(RIMP2 (OS))": -1.5330886545691602}, "E(RIMP2 (SS))": {"E(RIMP2 (SS))": -0.5498362020811217}, "E(RIMP2)": {"E(RIMP2)": -2.082924856650282}, "E(RIMP2) SOS": {"E(RIMP2) SOS": -1.9930152509399084}, "Final E(HF)": {"Final E(HF)": -680.5331236807368}, "filename": "json_logs/ASP_xau_12_sgkfyabspr.json", "finish_time": {"time": "Sat Feb  4 09:21:01 2023\n", "total_time": 17.426991893}, "start_time": {"time": "Sat Feb  4 09:20:44 2023\n"}, "title": "/scratch/kx58/jm0124/tempJsons/ASP_xau_12_sgkfyabspr.json", "total_energy": {"total_energy": -682.6160485373871}}