{"E(RIMP2 (OS))": {"E(RIMP2 (OS))": -1.5305256053193503}, "E(RIMP2 (SS))": {"E(RIMP2 (SS))": -0.5475378428998271}, "E(RIMP2)": {"E(RIMP2)": -2.0780634482191775}, "E(RIMP2) SOS": {"E(RIMP2) SOS": -1.9896832869151555}, "Final E(HF)": {"Final E(HF)": -680.5345673114853}, "filename": "json_logs/ASP_xau_14_ezkblanlrn.json", "finish_time": {"time": "Sat Feb  4 09:20:59 2023\n", "total_time": 17.709751644}, "start_time": {"time": "Sat Feb  4 09:20:42 2023\n"}, "title": "/scratch/kx58/jm0124/tempJsons/ASP_xau_14_ezkblanlrn.json", "total_energy": {"total_energy": -682.6126307597044}}