{"E(RIMP2 (OS))": {"E(RIMP2 (OS))": -7.388444750185135}, "E(RIMP2 (SS))": {"E(RIMP2 (SS))": -2.852396962430589}, "E(RIMP2)": {"E(RIMP2)": -10.240841712615724}, "E(RIMP2) SOS": {"E(RIMP2) SOS": -9.604978175240676}, "Final E(HF)": {"Final E(HF)": -4440.907891785659}, "filename": "json_logs/29_nq2yi9vmun.json", "finish_time": {"time": "Thu Mar  2 16:30:08 2023\n", "total_time": 91.144639068}, "start_time": {"time": "Thu Mar  2 16:28:37 2023\n"}, "title": "/scratch/kx58/jm0124/tempJsons/29_nq2yi9vmun.json", "total_energy": {"total_energy": -4451.148733498274}}