{"E(RIMP2 (OS))": {"E(RIMP2 (OS))": -7.387463301715512}, "E(RIMP2 (SS))": {"E(RIMP2 (SS))": -2.8512298321387286}, "E(RIMP2)": {"E(RIMP2)": -10.238693133854241}, "E(RIMP2) SOS": {"E(RIMP2) SOS": -9.603702292230166}, "Final E(HF)": {"Final E(HF)": -4440.907869071811}, "filename": "json_logs/4_qvbpmw2agt.json", "finish_time": {"time": "Sat Mar  4 04:56:49 2023\n", "total_time": 91.22583178}, "start_time": {"time": "Sat Mar  4 04:55:18 2023\n"}, "title": "/scratch/kx58/jm0124/tempJsons/4_qvbpmw2agt.json", "total_energy": {"total_energy": -4451.146562205665}}