{"E(RIMP2 (OS))": {"E(RIMP2 (OS))": -7.375965580487658}, "E(RIMP2 (SS))": {"E(RIMP2 (SS))": -2.8410940250061714}, "E(RIMP2)": {"E(RIMP2)": -10.21705960549383}, "E(RIMP2) SOS": {"E(RIMP2) SOS": -9.588755254633956}, "Final E(HF)": {"Final E(HF)": -4440.914509777551}, "filename": "json_logs/29_is4j63xjjx.json", "finish_time": {"time": "Sat Mar  4 04:11:13 2023\n", "total_time": 93.599775209}, "start_time": {"time": "Sat Mar  4 04:09:40 2023\n"}, "title": "/scratch/kx58/jm0124/tempJsons/29_is4j63xjjx.json", "total_energy": {"total_energy": -4451.131569383045}}