{"E(RIMP2 (OS))": {"E(RIMP2 (OS))": -7.375965580489649}, "E(RIMP2 (SS))": {"E(RIMP2 (SS))": -2.8410940250071146}, "E(RIMP2)": {"E(RIMP2)": -10.217059605496765}, "E(RIMP2) SOS": {"E(RIMP2) SOS": -9.588755254636544}, "Final E(HF)": {"Final E(HF)": -4440.914509777538}, "filename": "json_logs/29_0y88yadfxn.json", "finish_time": {"time": "Thu Mar  2 16:02:27 2023\n", "total_time": 93.863468457}, "start_time": {"time": "Thu Mar  2 16:00:53 2023\n"}, "title": "/scratch/kx58/jm0124/tempJsons/29_0y88yadfxn.json", "total_energy": {"total_energy": -4451.131569383035}}