{"E(RIMP2 (OS))": {"E(RIMP2 (OS))": -7.386333888333789}, "E(RIMP2 (SS))": {"E(RIMP2 (SS))": -2.8511109294068833}, "E(RIMP2)": {"E(RIMP2)": -10.237444817740673}, "E(RIMP2) SOS": {"E(RIMP2) SOS": -9.602234054833927}, "Final E(HF)": {"Final E(HF)": -4440.891571680751}, "filename": "json_logs/GUA-ngpus4-1-0.0_wxgdpdxv2o.json", "finish_time": {"time": "Sat Mar  4 04:33:18 2023\n", "total_time": 96.86226871000001}, "start_time": {"time": "Sat Mar  4 04:31:41 2023\n"}, "title": "/scratch/kx58/jm0124/tempJsons/GUA-ngpus4-1-0.0_wxgdpdxv2o.json", "total_energy": {"total_energy": -4451.129016498492}}