{"E(RIMP2 (OS))": {"E(RIMP2 (OS))": -7.377762557471263}, "E(RIMP2 (SS))": {"E(RIMP2 (SS))": -2.8430629669155785}, "E(RIMP2)": {"E(RIMP2)": -10.220825524386841}, "E(RIMP2) SOS": {"E(RIMP2) SOS": -9.591091324712641}, "Final E(HF)": {"Final E(HF)": -4440.906728525586}, "filename": "json_logs/29_ojdjkr6w81.json", "finish_time": {"time": "Thu Mar  2 16:28:08 2023\n", "total_time": 88.589222061}, "start_time": {"time": "Thu Mar  2 16:26:40 2023\n"}, "title": "/scratch/kx58/jm0124/tempJsons/29_ojdjkr6w81.json", "total_energy": {"total_energy": -4451.127554049973}}