{"E(RIMP2 (OS))": {"E(RIMP2 (OS))": -7.390001625825909}, "E(RIMP2 (SS))": {"E(RIMP2 (SS))": -2.8516657051826084}, "E(RIMP2)": {"E(RIMP2)": -10.241667331008518}, "E(RIMP2) SOS": {"E(RIMP2) SOS": -9.607002113573682}, "Final E(HF)": {"Final E(HF)": -4440.8862611118675}, "filename": "json_logs/42_el87k0avyz.json", "finish_time": {"time": "Thu Mar  2 17:31:57 2023\n", "total_time": 96.645152292}, "start_time": {"time": "Thu Mar  2 17:30:21 2023\n"}, "title": "/scratch/kx58/jm0124/tempJsons/42_el87k0avyz.json", "total_energy": {"total_energy": -4451.127928442876}}