{"E(RIMP2 (OS))": {"E(RIMP2 (OS))": -7.383515595447908}, "E(RIMP2 (SS))": {"E(RIMP2 (SS))": -2.8467607935970394}, "E(RIMP2)": {"E(RIMP2)": -10.230276389044947}, "E(RIMP2) SOS": {"E(RIMP2) SOS": -9.598570274082281}, "Final E(HF)": {"Final E(HF)": -4440.898351945127}, "filename": "json_logs/0_5vkec2wcfe.json", "finish_time": {"time": "Sat Mar  4 04:55:21 2023\n", "total_time": 94.447780498}, "start_time": {"time": "Sat Mar  4 04:53:47 2023\n"}, "title": "/scratch/kx58/jm0124/tempJsons/0_5vkec2wcfe.json", "total_energy": {"total_energy": -4451.1286283341715}}