{"E(RIMP2 (OS))": {"E(RIMP2 (OS))": -7.383601780920879}, "E(RIMP2 (SS))": {"E(RIMP2 (SS))": -2.8467438312022195}, "E(RIMP2)": {"E(RIMP2)": -10.230345612123099}, "E(RIMP2) SOS": {"E(RIMP2) SOS": -9.598682315197143}, "Final E(HF)": {"Final E(HF)": -4440.8981198981255}, "filename": "json_logs/GUA-ngpus4-1-180.0_gfuq1uuk86.json", "finish_time": {"time": "Sat Mar  4 05:48:04 2023\n", "total_time": 91.071092007}, "start_time": {"time": "Sat Mar  4 05:46:34 2023\n"}, "title": "/scratch/kx58/jm0124/tempJsons/GUA-ngpus4-1-180.0_gfuq1uuk86.json", "total_energy": {"total_energy": -4451.128465510248}}