{"E(RIMP2 (OS))": {"E(RIMP2 (OS))": -7.400281406099458}, "E(RIMP2 (SS))": {"E(RIMP2 (SS))": -2.8605414309243655}, "E(RIMP2)": {"E(RIMP2)": -10.260822837023824}, "E(RIMP2) SOS": {"E(RIMP2) SOS": -9.620365827929295}, "Final E(HF)": {"Final E(HF)": -4440.866575408643}, "filename": "json_logs/GUA-ngpus4-1-0.0_0t4r8b8ek7.json", "finish_time": {"time": "Thu Mar  2 15:37:35 2023\n", "total_time": 110.147782652}, "start_time": {"time": "Thu Mar  2 15:35:45 2023\n"}, "title": "/scratch/kx58/jm0124/tempJsons/GUA-ngpus4-1-0.0_0t4r8b8ek7.json", "total_energy": {"total_energy": -4451.127398245667}}