{"E(RIMP2 (OS))": {"E(RIMP2 (OS))": -7.386421044156175}, "E(RIMP2 (SS))": {"E(RIMP2 (SS))": -2.85019046171441}, "E(RIMP2)": {"E(RIMP2)": -10.236611505870584}, "E(RIMP2) SOS": {"E(RIMP2) SOS": -9.602347357403028}, "Final E(HF)": {"Final E(HF)": -4440.889604618966}, "filename": "json_logs/89_xl3lb70fe9.json", "finish_time": {"time": "Thu Mar  2 16:07:31 2023\n", "total_time": 98.194892341}, "start_time": {"time": "Thu Mar  2 16:05:53 2023\n"}, "title": "/scratch/kx58/jm0124/tempJsons/89_xl3lb70fe9.json", "total_energy": {"total_energy": -4451.126216124836}}