{"E(RIMP2 (OS))": {"E(RIMP2 (OS))": -7.40028140609579}, "E(RIMP2 (SS))": {"E(RIMP2 (SS))": -2.860541430925079}, "E(RIMP2)": {"E(RIMP2)": -10.26082283702087}, "E(RIMP2) SOS": {"E(RIMP2) SOS": -9.620365827924529}, "Final E(HF)": {"Final E(HF)": -4440.866575407072}, "filename": "json_logs/GUA-ngpus4-1-0.0_qo5d437yks.json", "finish_time": {"time": "Sat Mar  4 03:46:17 2023\n", "total_time": 110.20050454}, "start_time": {"time": "Sat Mar  4 03:44:27 2023\n"}, "title": "/scratch/kx58/jm0124/tempJsons/GUA-ngpus4-1-0.0_qo5d437yks.json", "total_energy": {"total_energy": -4451.127398244093}}