{"E(RIMP2 (OS))": {"E(RIMP2 (OS))": -7.38642104417674}, "E(RIMP2 (SS))": {"E(RIMP2 (SS))": -2.850190461726269}, "E(RIMP2)": {"E(RIMP2)": -10.23661150590301}, "E(RIMP2) SOS": {"E(RIMP2) SOS": -9.602347357429762}, "Final E(HF)": {"Final E(HF)": -4440.889604619537}, "filename": "json_logs/89_baje71ica9.json", "finish_time": {"time": "Sat Mar  4 04:16:18 2023\n", "total_time": 98.08382110000001}, "start_time": {"time": "Sat Mar  4 04:14:40 2023\n"}, "title": "/scratch/kx58/jm0124/tempJsons/89_baje71ica9.json", "total_energy": {"total_energy": -4451.12621612544}}