{"E(RIMP2 (OS))": {"E(RIMP2 (OS))": -7.403401908214552}, "E(RIMP2 (SS))": {"E(RIMP2 (SS))": -2.8638480740841974}, "E(RIMP2)": {"E(RIMP2)": -10.26724998229875}, "E(RIMP2) SOS": {"E(RIMP2) SOS": -9.624422480678918}, "Final E(HF)": {"Final E(HF)": -4440.859080309214}, "filename": "json_logs/GUA-ngpus4-1-180.0_8xoedte3ve.json", "finish_time": {"time": "Thu Mar  2 16:46:21 2023\n", "total_time": 94.442491619}, "start_time": {"time": "Thu Mar  2 16:44:47 2023\n"}, "title": "/scratch/kx58/jm0124/tempJsons/GUA-ngpus4-1-180.0_8xoedte3ve.json", "total_energy": {"total_energy": -4451.126330291512}}