{"E(RIMP2 (OS))": {"E(RIMP2 (OS))": -7.376693196524296}, "E(RIMP2 (SS))": {"E(RIMP2 (SS))": -2.842272433293001}, "E(RIMP2)": {"E(RIMP2)": -10.218965629817298}, "E(RIMP2) SOS": {"E(RIMP2) SOS": -9.589701155481585}, "Final E(HF)": {"Final E(HF)": -4440.9068439616185}, "filename": "json_logs/20_tzc5hml0mf.json", "finish_time": {"time": "Sat Mar  4 05:19:34 2023\n", "total_time": 88.058843251}, "start_time": {"time": "Sat Mar  4 05:18:06 2023\n"}, "title": "/scratch/kx58/jm0124/tempJsons/20_tzc5hml0mf.json", "total_energy": {"total_energy": -4451.125809591436}}