{"E(RIMP2 (OS))": {"E(RIMP2 (OS))": -7.375942035807932}, "E(RIMP2 (SS))": {"E(RIMP2 (SS))": -2.8423375939500035}, "E(RIMP2)": {"E(RIMP2)": -10.218279629757935}, "E(RIMP2) SOS": {"E(RIMP2) SOS": -9.588724646550311}, "Final E(HF)": {"Final E(HF)": -4440.906332174767}, "filename": "json_logs/4_caq47jdvzg.json", "finish_time": {"time": "Thu Mar  2 16:10:17 2023\n", "total_time": 91.73122874399999}, "start_time": {"time": "Thu Mar  2 16:08:46 2023\n"}, "title": "/scratch/kx58/jm0124/tempJsons/4_caq47jdvzg.json", "total_energy": {"total_energy": -4451.124611804526}}