{"E(RIMP2 (OS))": {"E(RIMP2 (OS))": -7.384257985070653}, "E(RIMP2 (SS))": {"E(RIMP2 (SS))": -2.850398219969274}, "E(RIMP2)": {"E(RIMP2)": -10.234656205039927}, "E(RIMP2) SOS": {"E(RIMP2) SOS": -9.599535380591849}, "Final E(HF)": {"Final E(HF)": -4440.890262373643}, "filename": "json_logs/89_cls35nhue9.json", "finish_time": {"time": "Sat Mar  4 04:42:30 2023\n", "total_time": 84.150755316}, "start_time": {"time": "Sat Mar  4 04:41:06 2023\n"}, "title": "/scratch/kx58/jm0124/tempJsons/89_cls35nhue9.json", "total_energy": {"total_energy": -4451.124918578683}}