{"E(RIMP2 (OS))": {"E(RIMP2 (OS))": -7.400597892237062}, "E(RIMP2 (SS))": {"E(RIMP2 (SS))": -2.861517325598739}, "E(RIMP2)": {"E(RIMP2)": -10.262115217835802}, "E(RIMP2) SOS": {"E(RIMP2) SOS": -9.62077725990818}, "Final E(HF)": {"Final E(HF)": -4440.863441613083}, "filename": "json_logs/42_sfp088lsrs.json", "finish_time": {"time": "Thu Mar  2 16:24:00 2023\n", "total_time": 101.20116679200001}, "start_time": {"time": "Thu Mar  2 16:22:19 2023\n"}, "title": "/scratch/kx58/jm0124/tempJsons/42_sfp088lsrs.json", "total_energy": {"total_energy": -4451.125556830918}}