{"E(RIMP2 (OS))": {"E(RIMP2 (OS))": -7.373232519393284}, "E(RIMP2 (SS))": {"E(RIMP2 (SS))": -2.8393182111327913}, "E(RIMP2)": {"E(RIMP2)": -10.212550730526075}, "E(RIMP2) SOS": {"E(RIMP2) SOS": -9.58520227521127}, "Final E(HF)": {"Final E(HF)": -4440.912418434198}, "filename": "json_logs/29_5452kufc0s.json", "finish_time": {"time": "Sat Mar  4 05:41:53 2023\n", "total_time": 88.548688126}, "start_time": {"time": "Sat Mar  4 05:40:25 2023\n"}, "title": "/scratch/kx58/jm0124/tempJsons/29_5452kufc0s.json", "total_energy": {"total_energy": -4451.1249691647245}}