{"E(RIMP2 (OS))": {"E(RIMP2 (OS))": -7.394055853714936}, "E(RIMP2 (SS))": {"E(RIMP2 (SS))": -2.85460978185416}, "E(RIMP2)": {"E(RIMP2)": -10.248665635569097}, "E(RIMP2) SOS": {"E(RIMP2) SOS": -9.612272609829416}, "Final E(HF)": {"Final E(HF)": -4440.8770732186495}, "filename": "json_logs/GUA-ngpus4-1-0.0_qycqxy91yt.json", "finish_time": {"time": "Thu Mar  2 15:35:40 2023\n", "total_time": 94.70588108000001}, "start_time": {"time": "Thu Mar  2 15:34:05 2023\n"}, "title": "/scratch/kx58/jm0124/tempJsons/GUA-ngpus4-1-0.0_qycqxy91yt.json", "total_energy": {"total_energy": -4451.125738854219}}