{"E(RIMP2 (OS))": {"E(RIMP2 (OS))": -7.375942035823735}, "E(RIMP2 (SS))": {"E(RIMP2 (SS))": -2.842337593959056}, "E(RIMP2)": {"E(RIMP2)": -10.218279629782792}, "E(RIMP2) SOS": {"E(RIMP2) SOS": -9.588724646570856}, "Final E(HF)": {"Final E(HF)": -4440.90633217464}, "filename": "json_logs/4_ansub9qlzu.json", "finish_time": {"time": "Sat Mar  4 04:19:01 2023\n", "total_time": 91.796997328}, "start_time": {"time": "Sat Mar  4 04:17:30 2023\n"}, "title": "/scratch/kx58/jm0124/tempJsons/4_ansub9qlzu.json", "total_energy": {"total_energy": -4451.124611804423}}