{"E(RIMP2 (OS))": {"E(RIMP2 (OS))": -7.382148701500928}, "E(RIMP2 (SS))": {"E(RIMP2 (SS))": -2.8457476022597783}, "E(RIMP2)": {"E(RIMP2)": -10.227896303760707}, "E(RIMP2) SOS": {"E(RIMP2) SOS": -9.596793311951208}, "Final E(HF)": {"Final E(HF)": -4440.895431489147}, "filename": "json_logs/89_aess8g8ef9.json", "finish_time": {"time": "Thu Mar  2 16:31:48 2023\n", "total_time": 91.010059817}, "start_time": {"time": "Thu Mar  2 16:30:17 2023\n"}, "title": "/scratch/kx58/jm0124/tempJsons/89_aess8g8ef9.json", "total_energy": {"total_energy": -4451.123327792908}}