{"E(RIMP2 (OS))": {"E(RIMP2 (OS))": -7.398208367259772}, "E(RIMP2 (SS))": {"E(RIMP2 (SS))": -2.857768274203935}, "E(RIMP2)": {"E(RIMP2)": -10.255976641463707}, "E(RIMP2) SOS": {"E(RIMP2) SOS": -9.617670877437705}, "Final E(HF)": {"Final E(HF)": -4440.89054130809}, "filename": "json_logs/GUA-ngpus4-1-180.0_1q966no8sm.json", "finish_time": {"time": "Thu Mar  2 16:23:57 2023\n", "total_time": 97.80497055000001}, "start_time": {"time": "Thu Mar  2 16:22:19 2023\n"}, "title": "/scratch/kx58/jm0124/tempJsons/GUA-ngpus4-1-180.0_1q966no8sm.json", "total_energy": {"total_energy": -4451.146517949554}}