{"E(RIMP2 (OS))": {"E(RIMP2 (OS))": -7.405969255293306}, "E(RIMP2 (SS))": {"E(RIMP2 (SS))": -2.8637233339035473}, "E(RIMP2)": {"E(RIMP2)": -10.269692589196854}, "E(RIMP2) SOS": {"E(RIMP2) SOS": -9.627760031881298}, "Final E(HF)": {"Final E(HF)": -4440.876896479162}, "filename": "json_logs/GUA-ngpus4-1-180.0_0xvi66557i.json", "finish_time": {"time": "Sat Mar  4 04:18:55 2023\n", "total_time": 99.607866777}, "start_time": {"time": "Sat Mar  4 04:17:15 2023\n"}, "title": "/scratch/kx58/jm0124/tempJsons/GUA-ngpus4-1-180.0_0xvi66557i.json", "total_energy": {"total_energy": -4451.1465890683585}}