{"E(RIMP2 (OS))": {"E(RIMP2 (OS))": -7.380445731973041}, "E(RIMP2 (SS))": {"E(RIMP2 (SS))": -2.8454705452887663}, "E(RIMP2)": {"E(RIMP2)": -10.225916277261808}, "E(RIMP2) SOS": {"E(RIMP2) SOS": -9.594579451564954}, "Final E(HF)": {"Final E(HF)": -4440.914855982746}, "filename": "json_logs/29_bpqljlxhln.json", "finish_time": {"time": "Sat Mar  4 04:08:05 2023\n", "total_time": 88.723051144}, "start_time": {"time": "Sat Mar  4 04:06:37 2023\n"}, "title": "/scratch/kx58/jm0124/tempJsons/29_bpqljlxhln.json", "total_energy": {"total_energy": -4451.140772260008}}