{"E(RIMP2 (OS))": {"E(RIMP2 (OS))": -7.383686040932058}, "E(RIMP2 (SS))": {"E(RIMP2 (SS))": -2.8480343099167333}, "E(RIMP2)": {"E(RIMP2)": -10.231720350848791}, "E(RIMP2) SOS": {"E(RIMP2) SOS": -9.598791853211676}, "Final E(HF)": {"Final E(HF)": -4440.909378977154}, "filename": "json_logs/29_821bd4m3ny.json", "finish_time": {"time": "Thu Mar  2 16:27:05 2023\n", "total_time": 90.772688398}, "start_time": {"time": "Thu Mar  2 16:25:35 2023\n"}, "title": "/scratch/kx58/jm0124/tempJsons/29_821bd4m3ny.json", "total_energy": {"total_energy": -4451.141099328002}}