{"E(RIMP2 (OS))": {"E(RIMP2 (OS))": -7.380445731985106}, "E(RIMP2 (SS))": {"E(RIMP2 (SS))": -2.845470545295414}, "E(RIMP2)": {"E(RIMP2)": -10.22591627728052}, "E(RIMP2) SOS": {"E(RIMP2) SOS": -9.594579451580639}, "Final E(HF)": {"Final E(HF)": -4440.914855982775}, "filename": "json_logs/29_cc8zqab9cp.json", "finish_time": {"time": "Thu Mar  2 15:59:18 2023\n", "total_time": 88.277632303}, "start_time": {"time": "Thu Mar  2 15:57:50 2023\n"}, "title": "/scratch/kx58/jm0124/tempJsons/29_cc8zqab9cp.json", "total_energy": {"total_energy": -4451.140772260055}}