{"E(RIMP2 (OS))": {"E(RIMP2 (OS))": -7.380859676373885}, "E(RIMP2 (SS))": {"E(RIMP2 (SS))": -2.8449616813087935}, "E(RIMP2)": {"E(RIMP2)": -10.225821357682678}, "E(RIMP2) SOS": {"E(RIMP2) SOS": -9.59511757928605}, "Final E(HF)": {"Final E(HF)": -4440.914021929302}, "filename": "json_logs/4_ro8xx3oi56.json", "finish_time": {"time": "Sat Mar  4 05:19:38 2023\n", "total_time": 90.152717858}, "start_time": {"time": "Sat Mar  4 05:18:08 2023\n"}, "title": "/scratch/kx58/jm0124/tempJsons/4_ro8xx3oi56.json", "total_energy": {"total_energy": -4451.139843286985}}