{"E(RIMP2 (OS))": {"E(RIMP2 (OS))": -7.398121338558431}, "E(RIMP2 (SS))": {"E(RIMP2 (SS))": -2.8592109800107903}, "E(RIMP2)": {"E(RIMP2)": -10.25733231856922}, "E(RIMP2) SOS": {"E(RIMP2) SOS": -9.61755774012596}, "Final E(HF)": {"Final E(HF)": -4440.878740636797}, "filename": "json_logs/GUA-ngpus4-1-180.0_blc2xfzq0c.json", "finish_time": {"time": "Thu Mar  2 17:22:28 2023\n", "total_time": 98.637358111}, "start_time": {"time": "Thu Mar  2 17:20:50 2023\n"}, "title": "/scratch/kx58/jm0124/tempJsons/GUA-ngpus4-1-180.0_blc2xfzq0c.json", "total_energy": {"total_energy": -4451.136072955367}}