{"E(RIMP2 (OS))": {"E(RIMP2 (OS))": -7.377329286505278}, "E(RIMP2 (SS))": {"E(RIMP2 (SS))": -2.8425204590233695}, "E(RIMP2)": {"E(RIMP2)": -10.219849745528647}, "E(RIMP2) SOS": {"E(RIMP2) SOS": -9.590528072456861}, "Final E(HF)": {"Final E(HF)": -4440.917885750643}, "filename": "json_logs/29_zbmuwdi711.json", "finish_time": {"time": "Sat Mar  4 05:21:11 2023\n", "total_time": 89.06418875}, "start_time": {"time": "Sat Mar  4 05:19:42 2023\n"}, "title": "/scratch/kx58/jm0124/tempJsons/29_zbmuwdi711.json", "total_energy": {"total_energy": -4451.137735496171}}