{"E(RIMP2 (OS))": {"E(RIMP2 (OS))": -7.392081022490747}, "E(RIMP2 (SS))": {"E(RIMP2 (SS))": -2.8533272736812596}, "E(RIMP2)": {"E(RIMP2)": -10.245408296172007}, "E(RIMP2) SOS": {"E(RIMP2) SOS": -9.609705329237972}, "Final E(HF)": {"Final E(HF)": -4440.88907826988}, "filename": "json_logs/GUA-ngpus4-1-180.0_fqvq063kaq.json", "finish_time": {"time": "Thu Mar  2 16:44:53 2023\n", "total_time": 100.557860222}, "start_time": {"time": "Thu Mar  2 16:43:13 2023\n"}, "title": "/scratch/kx58/jm0124/tempJsons/GUA-ngpus4-1-180.0_fqvq063kaq.json", "total_energy": {"total_energy": -4451.134486566052}}