{"E(RIMP2 (OS))": {"E(RIMP2 (OS))": -7.374991332745062}, "E(RIMP2 (SS))": {"E(RIMP2 (SS))": -2.841880290522947}, "E(RIMP2)": {"E(RIMP2)": -10.216871623268009}, "E(RIMP2) SOS": {"E(RIMP2) SOS": -9.58748873256858}, "Final E(HF)": {"Final E(HF)": -4440.917651952299}, "filename": "json_logs/4_abblink6q1.json", "finish_time": {"time": "Sat Mar  4 04:33:19 2023\n", "total_time": 91.972646547}, "start_time": {"time": "Sat Mar  4 04:31:47 2023\n"}, "title": "/scratch/kx58/jm0124/tempJsons/4_abblink6q1.json", "total_energy": {"total_energy": -4451.134523575566}}