{"E(RIMP2 (OS))": {"E(RIMP2 (OS))": -7.384704652126192}, "E(RIMP2 (SS))": {"E(RIMP2 (SS))": -2.8481529199200355}, "E(RIMP2)": {"E(RIMP2)": -10.232857572046228}, "E(RIMP2) SOS": {"E(RIMP2) SOS": -9.60011604776405}, "Final E(HF)": {"Final E(HF)": -4440.899795861149}, "filename": "json_logs/4_ay5i135sf4.json", "finish_time": {"time": "Sat Mar  4 05:22:52 2023\n", "total_time": 98.659836336}, "start_time": {"time": "Sat Mar  4 05:21:13 2023\n"}, "title": "/scratch/kx58/jm0124/tempJsons/4_ay5i135sf4.json", "total_energy": {"total_energy": -4451.132653433195}}