{"E(RIMP2 (OS))": {"E(RIMP2 (OS))": -7.403044499163585}, "E(RIMP2 (SS))": {"E(RIMP2 (SS))": -2.862650748084487}, "E(RIMP2)": {"E(RIMP2)": -10.265695247248072}, "E(RIMP2) SOS": {"E(RIMP2) SOS": -9.62395784891266}, "Final E(HF)": {"Final E(HF)": -4440.867508734105}, "filename": "json_logs/20_snz38epldz.json", "finish_time": {"time": "Thu Mar  2 15:59:27 2023\n", "total_time": 97.106541654}, "start_time": {"time": "Thu Mar  2 15:57:50 2023\n"}, "title": "/scratch/kx58/jm0124/tempJsons/20_snz38epldz.json", "total_energy": {"total_energy": -4451.133203981354}}