{"E(RIMP2 (OS))": {"E(RIMP2 (OS))": -7.403044499166693}, "E(RIMP2 (SS))": {"E(RIMP2 (SS))": -2.862650748086743}, "E(RIMP2)": {"E(RIMP2)": -10.265695247253436}, "E(RIMP2) SOS": {"E(RIMP2) SOS": -9.623957848916701}, "Final E(HF)": {"Final E(HF)": -4440.86750873416}, "filename": "json_logs/20_v4zx5h5pdy.json", "finish_time": {"time": "Sat Mar  4 04:08:15 2023\n", "total_time": 98.01291093500001}, "start_time": {"time": "Sat Mar  4 04:06:37 2023\n"}, "title": "/scratch/kx58/jm0124/tempJsons/20_v4zx5h5pdy.json", "total_energy": {"total_energy": -4451.133203981413}}