{"E(RIMP2 (OS))": {"E(RIMP2 (OS))": -7.397878778158166}, "E(RIMP2 (SS))": {"E(RIMP2 (SS))": -2.85801106306225}, "E(RIMP2)": {"E(RIMP2)": -10.255889841220416}, "E(RIMP2) SOS": {"E(RIMP2) SOS": -9.617242411605616}, "Final E(HF)": {"Final E(HF)": -4440.877352759673}, "filename": "json_logs/GUA-ngpus4-1-0.0_6f2ebzep60.json", "finish_time": {"time": "Thu Mar  2 16:28:40 2023\n", "total_time": 94.02576655499999}, "start_time": {"time": "Thu Mar  2 16:27:07 2023\n"}, "title": "/scratch/kx58/jm0124/tempJsons/GUA-ngpus4-1-0.0_6f2ebzep60.json", "total_energy": {"total_energy": -4451.133242600893}}