{"E(RIMP2 (OS))": {"E(RIMP2 (OS))": -7.395004917721933}, "E(RIMP2 (SS))": {"E(RIMP2 (SS))": -2.855393927633659}, "E(RIMP2)": {"E(RIMP2)": -10.250398845355592}, "E(RIMP2) SOS": {"E(RIMP2) SOS": -9.613506393038513}, "Final E(HF)": {"Final E(HF)": -4440.882697654019}, "filename": "json_logs/GUA-ngpus4-1-0.0_nk08qu94ps.json", "finish_time": {"time": "Thu Mar  2 16:25:38 2023\n", "total_time": 98.42306798000001}, "start_time": {"time": "Thu Mar  2 16:24:00 2023\n"}, "title": "/scratch/kx58/jm0124/tempJsons/GUA-ngpus4-1-0.0_nk08qu94ps.json", "total_energy": {"total_energy": -4451.133096499374}}