{"E(RIMP2 (OS))": {"E(RIMP2 (OS))": -7.385506010485301}, "E(RIMP2 (SS))": {"E(RIMP2 (SS))": -2.848713754426017}, "E(RIMP2)": {"E(RIMP2)": -10.234219764911318}, "E(RIMP2) SOS": {"E(RIMP2) SOS": -9.601157813630891}, "Final E(HF)": {"Final E(HF)": -4440.898188039515}, "filename": "json_logs/4_qa3xbv0g4b.json", "finish_time": {"time": "Sat Mar  4 05:45:52 2023\n", "total_time": 90.421464079}, "start_time": {"time": "Sat Mar  4 05:44:22 2023\n"}, "title": "/scratch/kx58/jm0124/tempJsons/4_qa3xbv0g4b.json", "total_energy": {"total_energy": -4451.132407804426}}