{"E(RIMP2 (OS))": {"E(RIMP2 (OS))": -7.399612168419595}, "E(RIMP2 (SS))": {"E(RIMP2 (SS))": -2.860515366863906}, "E(RIMP2)": {"E(RIMP2)": -10.260127535283502}, "E(RIMP2) SOS": {"E(RIMP2) SOS": -9.619495818945474}, "Final E(HF)": {"Final E(HF)": -4440.8722156884}, "filename": "json_logs/GUA-ngpus4-1-0.0_wiej4irfvp.json", "finish_time": {"time": "Thu Mar  2 16:02:39 2023\n", "total_time": 97.71144058}, "start_time": {"time": "Thu Mar  2 16:01:01 2023\n"}, "title": "/scratch/kx58/jm0124/tempJsons/GUA-ngpus4-1-0.0_wiej4irfvp.json", "total_energy": {"total_energy": -4451.132343223683}}