{"E(RIMP2 (OS))": {"E(RIMP2 (OS))": -7.399612168420716}, "E(RIMP2 (SS))": {"E(RIMP2 (SS))": -2.8605153668641474}, "E(RIMP2)": {"E(RIMP2)": -10.260127535284862}, "E(RIMP2) SOS": {"E(RIMP2) SOS": -9.61949581894693}, "Final E(HF)": {"Final E(HF)": -4440.872215688447}, "filename": "json_logs/GUA-ngpus4-1-0.0_aftfzixe4a.json", "finish_time": {"time": "Sat Mar  4 04:11:28 2023\n", "total_time": 98.664090411}, "start_time": {"time": "Sat Mar  4 04:09:50 2023\n"}, "title": "/scratch/kx58/jm0124/tempJsons/GUA-ngpus4-1-0.0_aftfzixe4a.json", "total_energy": {"total_energy": -4451.132343223731}}