{"E(RIMP2 (OS))": {"E(RIMP2 (OS))": -7.19687436449639}, "E(RIMP2 (SS))": {"E(RIMP2 (SS))": -2.7727367550885895}, "E(RIMP2)": {"E(RIMP2)": -9.969611119584979}, "E(RIMP2) SOS": {"E(RIMP2) SOS": -9.355936673845306}, "Final E(HF)": {"Final E(HF)": -4370.707274461598}, "filename": "json_logs/GUC-ngpus4-0_0.json", "finish_time": {"time": "Tue Feb 28 16:03:57 2023\n", "total_time": 98.129728942}, "start_time": {"time": "Tue Feb 28 16:02:20 2023\n"}, "title": "/scratch/kx58/jm0124/tempJsons/GUC-ngpus4-0_0.json", "total_energy": {"total_energy": -4380.676885581183}}