{"E(RIMP2 (OS))": {"E(RIMP2 (OS))": -7.190614760629857}, "E(RIMP2 (SS))": {"E(RIMP2 (SS))": -2.76643403788583}, "E(RIMP2)": {"E(RIMP2)": -9.957048798515686}, "E(RIMP2) SOS": {"E(RIMP2) SOS": -9.347799188818815}, "Final E(HF)": {"Final E(HF)": -4370.700998677046}, "filename": "json_logs/GUC-ngpus4-0_5.json", "finish_time": {"time": "Tue Feb 28 16:03:54 2023\n", "total_time": 94.676092974}, "start_time": {"time": "Tue Feb 28 16:02:20 2023\n"}, "title": "/scratch/kx58/jm0124/tempJsons/GUC-ngpus4-0_5.json", "total_energy": {"total_energy": -4380.658047475562}}