{"E(RIMP2 (OS))": {"E(RIMP2 (OS))": -1.4841880767967894}, "E(RIMP2 (SS))": {"E(RIMP2 (SS))": -0.5256841745497448}, "E(RIMP2)": {"E(RIMP2)": -2.0098722513465344}, "E(RIMP2) SOS": {"E(RIMP2) SOS": -1.9294444998358262}, "Final E(HF)": {"Final E(HF)": -683.4032835718333}, "filename": "json_logs/G1###o0###.json", "finish_time": {"time": "Fri Feb  3 16:00:04 2023\n", "total_time": 14.665518512}, "start_time": {"time": "Fri Feb  3 15:59:50 2023\n"}, "title": "/scratch/kx58/jm0124/tempJsons/G1###o0###.json", "total_energy": {"total_energy": -685.4131558231799}}