{"E(RIMP2 (OS))": {"E(RIMP2 (OS))": -1.4845460588378667}, "E(RIMP2 (SS))": {"E(RIMP2 (SS))": -0.5260734085823594}, "E(RIMP2)": {"E(RIMP2)": -2.0106194674202262}, "E(RIMP2) SOS": {"E(RIMP2) SOS": -1.9299098764892268}, "Final E(HF)": {"Final E(HF)": -683.4034372887221}, "filename": "json_logs/G1###o1###.json", "finish_time": {"time": "Fri Feb  3 16:00:05 2023\n", "total_time": 15.707966941}, "start_time": {"time": "Fri Feb  3 15:59:50 2023\n"}, "title": "/scratch/kx58/jm0124/tempJsons/G1###o1###.json", "total_energy": {"total_energy": -685.4140567561423}}