{"E(RIMP2 (OS))": {"E(RIMP2 (OS))": -1.4917662922141868}, "E(RIMP2 (SS))": {"E(RIMP2 (SS))": -0.531082798650533}, "E(RIMP2)": {"E(RIMP2)": -2.0228490908647196}, "E(RIMP2) SOS": {"E(RIMP2) SOS": -1.939296179878443}, "Final E(HF)": {"Final E(HF)": -683.3917572012973}, "filename": "json_logs/G1###o2###.json", "finish_time": {"time": "Fri Feb  3 16:00:02 2023\n", "total_time": 12.523325629}, "start_time": {"time": "Fri Feb  3 15:59:50 2023\n"}, "title": "/scratch/kx58/jm0124/tempJsons/G1###o2###.json", "total_energy": {"total_energy": -685.414606292162}}