{"E(RIMP2 (OS))": {"E(RIMP2 (OS))": -1.4913946270413831}, "E(RIMP2 (SS))": {"E(RIMP2 (SS))": -0.5302118702115619}, "E(RIMP2)": {"E(RIMP2)": -2.021606497252945}, "E(RIMP2) SOS": {"E(RIMP2) SOS": -1.9388130151537981}, "Final E(HF)": {"Final E(HF)": -683.3918558933781}, "filename": "json_logs/G1###o3###.json", "finish_time": {"time": "Fri Feb  3 16:00:05 2023\n", "total_time": 15.072097405000001}, "start_time": {"time": "Fri Feb  3 15:59:50 2023\n"}, "title": "/scratch/kx58/jm0124/tempJsons/G1###o3###.json", "total_energy": {"total_energy": -685.413462390631}}