{"E(RIMP2 (OS))": {"E(RIMP2 (OS))": -3.5236252108162405}, "E(RIMP2 (SS))": {"E(RIMP2 (SS))": -1.365231363903737}, "E(RIMP2)": {"E(RIMP2)": -4.888856574719977}, "E(RIMP2) SOS": {"E(RIMP2) SOS": -4.580712774061113}, "Final E(HF)": {"Final E(HF)": -2636.0751898212748}, "filename": "json_logs/ANP.json", "finish_time": {"time": "Mon Feb  6 20:38:17 2023\n", "total_time": 22.605649961}, "start_time": {"time": "Mon Feb  6 20:37:55 2023\n"}, "title": "/scratch/kx58/jm0124/tempJsons/ANP.json", "total_energy": {"total_energy": -2640.9640463959945}}