{"E(RIMP2 (OS))": {"E(RIMP2 (OS))": -3.5244943956189516}, "E(RIMP2 (SS))": {"E(RIMP2 (SS))": -1.3651008774721047}, "E(RIMP2)": {"E(RIMP2)": -4.889595273091056}, "E(RIMP2) SOS": {"E(RIMP2) SOS": -4.581842714304638}, "Final E(HF)": {"Final E(HF)": -2636.0769368657266}, "filename": "json_logs/ANP_uilcplxyow.json", "finish_time": {"time": "Mon Feb  6 20:37:55 2023\n", "total_time": 23.299264942}, "start_time": {"time": "Mon Feb  6 20:37:32 2023\n"}, "title": "/scratch/kx58/jm0124/tempJsons/ANP_uilcplxyow.json", "total_energy": {"total_energy": -2640.966532138818}}