{"E(RIMP2 (OS))": {"E(RIMP2 (OS))": -3.5261401595519093}, "E(RIMP2 (SS))": {"E(RIMP2 (SS))": -1.3665570742197055}, "E(RIMP2)": {"E(RIMP2)": -4.892697233771615}, "E(RIMP2) SOS": {"E(RIMP2) SOS": -4.583982207417482}, "Final E(HF)": {"Final E(HF)": -2636.0827700687087}, "filename": "json_logs/ANP_gwwbdewuhx.json", "finish_time": {"time": "Mon Feb  6 20:37:55 2023\n", "total_time": 23.014727793}, "start_time": {"time": "Mon Feb  6 20:37:32 2023\n"}, "title": "/scratch/kx58/jm0124/tempJsons/ANP_gwwbdewuhx.json", "total_energy": {"total_energy": -2640.97546730248}}