{"E(RIMP2 (OS))": {"E(RIMP2 (OS))": -3.527308632536501}, "E(RIMP2 (SS))": {"E(RIMP2 (SS))": -1.3673291764828415}, "E(RIMP2)": {"E(RIMP2)": -4.8946378090193425}, "E(RIMP2) SOS": {"E(RIMP2) SOS": -4.585501222297451}, "Final E(HF)": {"Final E(HF)": -2636.0584663741847}, "filename": "json_logs/ANP_gxtjdnfmcf.json", "finish_time": {"time": "Mon Feb  6 20:37:55 2023\n", "total_time": 23.898835225}, "start_time": {"time": "Mon Feb  6 20:37:32 2023\n"}, "title": "/scratch/kx58/jm0124/tempJsons/ANP_gxtjdnfmcf.json", "total_energy": {"total_energy": -2640.9531041832042}}