{"E(RIMP2 (OS))": {"E(RIMP2 (OS))": -3.5299791199996675}, "E(RIMP2 (SS))": {"E(RIMP2 (SS))": -1.3700784756912656}, "E(RIMP2)": {"E(RIMP2)": -4.900057595690933}, "E(RIMP2) SOS": {"E(RIMP2) SOS": -4.588972855999568}, "Final E(HF)": {"Final E(HF)": -2636.069279162024}, "filename": "json_logs/ANP_xyugkzunkh.json", "finish_time": {"time": "Mon Feb  6 20:37:55 2023\n", "total_time": 23.287322821000004}, "start_time": {"time": "Mon Feb  6 20:37:32 2023\n"}, "title": "/scratch/kx58/jm0124/tempJsons/ANP_xyugkzunkh.json", "total_energy": {"total_energy": -2640.9693367577147}}