{"E(RIMP2 (OS))": {"E(RIMP2 (OS))": -1.4809126797115193}, "E(RIMP2 (SS))": {"E(RIMP2 (SS))": -0.5258507176027151}, "E(RIMP2)": {"E(RIMP2)": -2.0067633973142343}, "E(RIMP2) SOS": {"E(RIMP2) SOS": -1.9251864836249752}, "Final E(HF)": {"Final E(HF)": -683.4058058408533}, "filename": "json_logs/350Z7HSREF_69abss8fnh.json", "finish_time": {"time": "Tue Apr  4 07:23:37 2023\n", "total_time": 16.009846051}, "start_time": {"time": "Tue Apr  4 07:23:21 2023\n"}, "title": "/scratch/kx58/jm0124/tempJsons/350Z7HSREF_69abss8fnh.json", "total_energy": {"total_energy": -685.4125692381675}}