{"E(RIMP2 (OS))": {"E(RIMP2 (OS))": -1.4807803054566722}, "E(RIMP2 (SS))": {"E(RIMP2 (SS))": -0.52592674842712}, "E(RIMP2)": {"E(RIMP2)": -2.006707053883792}, "E(RIMP2) SOS": {"E(RIMP2) SOS": -1.925014397093674}, "Final E(HF)": {"Final E(HF)": -683.4048158110295}, "filename": "json_logs/H22R26FKY6_4cdkpvt8v1.json", "finish_time": {"time": "Tue Apr  4 07:52:21 2023\n", "total_time": 15.981533595000002}, "start_time": {"time": "Tue Apr  4 07:52:05 2023\n"}, "title": "/scratch/kx58/jm0124/tempJsons/H22R26FKY6_4cdkpvt8v1.json", "total_energy": {"total_energy": -685.4115228649132}}