{"E(RIMP2 (OS))": {"E(RIMP2 (OS))": -0.7430396678811917}, "E(RIMP2 (SS))": {"E(RIMP2 (SS))": -0.2420386643683418}, "E(RIMP2)": {"E(RIMP2)": -0.9850783322495335}, "E(RIMP2) SOS": {"E(RIMP2) SOS": -0.9659515682455492}, "Final E(HF)": {"Final E(HF)": -307.0277019015902}, "filename": "json_logs/B11_0_wevscdujnl.json", "finish_time": {"time": "Sat Feb  4 09:24:15 2023\n", "total_time": 8.368899998000002}, "start_time": {"time": "Sat Feb  4 09:24:07 2023\n"}, "title": "/scratch/kx58/jm0124/tempJsons/B11_0_wevscdujnl.json", "total_energy": {"total_energy": -308.01278023383975}}