{"E(RIMP2 (OS))": {"E(RIMP2 (OS))": -0.7413272317823235}, "E(RIMP2 (SS))": {"E(RIMP2 (SS))": -0.2404096976769984}, "E(RIMP2)": {"E(RIMP2)": -0.9817369294593219}, "E(RIMP2) SOS": {"E(RIMP2) SOS": -0.9637254013170206}, "Final E(HF)": {"Final E(HF)": -307.0236779134052}, "filename": "json_logs/B11_16_eazhubhizy.json", "finish_time": {"time": "Sat Feb  4 09:23:46 2023\n", "total_time": 9.776673725}, "start_time": {"time": "Sat Feb  4 09:23:37 2023\n"}, "title": "/scratch/kx58/jm0124/tempJsons/B11_16_eazhubhizy.json", "total_energy": {"total_energy": -308.0054148428646}}