{"E(RIMP2 (OS))": {"E(RIMP2 (OS))": -0.7408345215457123}, "E(RIMP2 (SS))": {"E(RIMP2 (SS))": -0.24009321981926163}, "E(RIMP2)": {"E(RIMP2)": -0.980927741364974}, "E(RIMP2) SOS": {"E(RIMP2) SOS": -0.963084878009426}, "Final E(HF)": {"Final E(HF)": -307.0242396859497}, "filename": "json_logs/B11_17_wdhiejuhir.json", "finish_time": {"time": "Sat Feb  4 09:23:46 2023\n", "total_time": 9.143888598}, "start_time": {"time": "Sat Feb  4 09:23:37 2023\n"}, "title": "/scratch/kx58/jm0124/tempJsons/B11_17_wdhiejuhir.json", "total_energy": {"total_energy": -308.00516742731463}}