{"E(RIMP2 (OS))": {"E(RIMP2 (OS))": -0.7413657317846117}, "E(RIMP2 (SS))": {"E(RIMP2 (SS))": -0.2404906299471369}, "E(RIMP2)": {"E(RIMP2)": -0.9818563617317486}, "E(RIMP2) SOS": {"E(RIMP2) SOS": -0.9637754513199953}, "Final E(HF)": {"Final E(HF)": -307.0237000083576}, "filename": "json_logs/B11_19_kuipmmjecg.json", "finish_time": {"time": "Sat Feb  4 09:23:45 2023\n", "total_time": 10.007562027}, "start_time": {"time": "Sat Feb  4 09:23:36 2023\n"}, "title": "/scratch/kx58/jm0124/tempJsons/B11_19_kuipmmjecg.json", "total_energy": {"total_energy": -308.0055563700894}}