{"E(RIMP2 (OS))": {"E(RIMP2 (OS))": -0.7416220317470876}, "E(RIMP2 (SS))": {"E(RIMP2 (SS))": -0.24062074015072532}, "E(RIMP2)": {"E(RIMP2)": -0.982242771897813}, "E(RIMP2) SOS": {"E(RIMP2) SOS": -0.964108641271214}, "Final E(HF)": {"Final E(HF)": -307.02316580350214}, "filename": "json_logs/B11_21_zvhgatqsqc.json", "finish_time": {"time": "Sat Feb  4 09:23:36 2023\n", "total_time": 9.935587328}, "start_time": {"time": "Sat Feb  4 09:23:26 2023\n"}, "title": "/scratch/kx58/jm0124/tempJsons/B11_21_zvhgatqsqc.json", "total_energy": {"total_energy": -308.0054085754}}