{"E(RIMP2 (OS))": {"E(RIMP2 (OS))": -0.7407759196209982}, "E(RIMP2 (SS))": {"E(RIMP2 (SS))": -0.23999128279584397}, "E(RIMP2)": {"E(RIMP2)": -0.9807672024168421}, "E(RIMP2) SOS": {"E(RIMP2) SOS": -0.9630086955072977}, "Final E(HF)": {"Final E(HF)": -307.0226741168399}, "filename": "json_logs/B11_23_sbusfbqoed.json", "finish_time": {"time": "Sat Feb  4 09:23:35 2023\n", "total_time": 8.90490893}, "start_time": {"time": "Sat Feb  4 09:23:26 2023\n"}, "title": "/scratch/kx58/jm0124/tempJsons/B11_23_sbusfbqoed.json", "total_energy": {"total_energy": -308.00344131925675}}