{"E(RIMP2 (OS))": {"E(RIMP2 (OS))": -0.7407600939392976}, "E(RIMP2 (SS))": {"E(RIMP2 (SS))": -0.23999608593053934}, "E(RIMP2)": {"E(RIMP2)": -0.980756179869837}, "E(RIMP2) SOS": {"E(RIMP2) SOS": -0.962988122121087}, "Final E(HF)": {"Final E(HF)": -307.023107768211}, "filename": "json_logs/B11_24_lcssizrocd.json", "finish_time": {"time": "Sat Feb  4 09:23:35 2023\n", "total_time": 9.634553229}, "start_time": {"time": "Sat Feb  4 09:23:26 2023\n"}, "title": "/scratch/kx58/jm0124/tempJsons/B11_24_lcssizrocd.json", "total_energy": {"total_energy": -308.00386394808083}}