{"E(RIMP2 (OS))": {"E(RIMP2 (OS))": -0.7413658651546434}, "E(RIMP2 (SS))": {"E(RIMP2 (SS))": -0.24047822110515127}, "E(RIMP2)": {"E(RIMP2)": -0.9818440862597947}, "E(RIMP2) SOS": {"E(RIMP2) SOS": -0.9637756247010365}, "Final E(HF)": {"Final E(HF)": -307.02261222551056}, "filename": "json_logs/B11_26_sirxjbsvrw.json", "finish_time": {"time": "Sat Feb  4 09:23:34 2023\n", "total_time": 9.665903127}, "start_time": {"time": "Sat Feb  4 09:23:25 2023\n"}, "title": "/scratch/kx58/jm0124/tempJsons/B11_26_sirxjbsvrw.json", "total_energy": {"total_energy": -308.00445631177035}}