{"E(RIMP2 (OS))": {"E(RIMP2 (OS))": -0.7417949421193898}, "E(RIMP2 (SS))": {"E(RIMP2 (SS))": -0.24080165108907925}, "E(RIMP2)": {"E(RIMP2)": -0.982596593208469}, "E(RIMP2) SOS": {"E(RIMP2) SOS": -0.9643334247552068}, "Final E(HF)": {"Final E(HF)": -307.02241974708556}, "filename": "json_logs/B11_27_nglpgemfzq.json", "finish_time": {"time": "Sat Feb  4 09:23:25 2023\n", "total_time": 9.31016106}, "start_time": {"time": "Sat Feb  4 09:23:16 2023\n"}, "title": "/scratch/kx58/jm0124/tempJsons/B11_27_nglpgemfzq.json", "total_energy": {"total_energy": -308.00501634029405}}