{"E(RIMP2 (OS))": {"E(RIMP2 (OS))": -0.7432861410782561}, "E(RIMP2 (SS))": {"E(RIMP2 (SS))": -0.24202826234161534}, "E(RIMP2)": {"E(RIMP2)": -0.9853144034198714}, "E(RIMP2) SOS": {"E(RIMP2) SOS": -0.9662719834017329}, "Final E(HF)": {"Final E(HF)": -307.024940663626}, "filename": "json_logs/B11_30_wvvhtkfmac.json", "finish_time": {"time": "Sat Feb  4 09:23:23 2023\n", "total_time": 7.7468574850000005}, "start_time": {"time": "Sat Feb  4 09:23:15 2023\n"}, "title": "/scratch/kx58/jm0124/tempJsons/B11_30_wvvhtkfmac.json", "total_energy": {"total_energy": -308.0102550670459}}