{"E(RIMP2 (OS))": {"E(RIMP2 (OS))": -0.7416566833165175}, "E(RIMP2 (SS))": {"E(RIMP2 (SS))": -0.24056950948659145}, "E(RIMP2)": {"E(RIMP2)": -0.9822261928031089}, "E(RIMP2) SOS": {"E(RIMP2) SOS": -0.9641536883114727}, "Final E(HF)": {"Final E(HF)": -307.02122303668085}, "filename": "json_logs/B11_36.json", "finish_time": {"time": "Sat Feb  4 09:23:25 2023\n", "total_time": 9.950964313}, "start_time": {"time": "Sat Feb  4 09:23:15 2023\n"}, "title": "/scratch/kx58/jm0124/tempJsons/B11_36.json", "total_energy": {"total_energy": -308.003449229484}}