{"E(RIMP2 (OS))": {"E(RIMP2 (OS))": -0.7428058778176166}, "E(RIMP2 (SS))": {"E(RIMP2 (SS))": -0.24159935169427119}, "E(RIMP2)": {"E(RIMP2)": -0.9844052295118878}, "E(RIMP2) SOS": {"E(RIMP2) SOS": -0.9656476411629017}, "Final E(HF)": {"Final E(HF)": -307.02573501551444}, "filename": "json_logs/B11_2_cdrkjncvql.json", "finish_time": {"time": "Sat Feb  4 09:24:08 2023\n", "total_time": 8.234937179000001}, "start_time": {"time": "Sat Feb  4 09:24:00 2023\n"}, "title": "/scratch/kx58/jm0124/tempJsons/B11_2_cdrkjncvql.json", "total_energy": {"total_energy": -308.0101402450263}}