{"E(RIMP2 (OS))": {"E(RIMP2 (OS))": -0.7420382836015418}, "E(RIMP2 (SS))": {"E(RIMP2 (SS))": -0.2408072353544555}, "E(RIMP2)": {"E(RIMP2)": -0.9828455189559973}, "E(RIMP2) SOS": {"E(RIMP2) SOS": -0.9646497686820044}, "Final E(HF)": {"Final E(HF)": -307.0200769012928}, "filename": "json_logs/B11_50_ynjwopezrx.json", "finish_time": {"time": "Sat Feb  4 09:23:24 2023\n", "total_time": 9.957675049}, "start_time": {"time": "Sat Feb  4 09:23:14 2023\n"}, "title": "/scratch/kx58/jm0124/tempJsons/B11_50_ynjwopezrx.json", "total_energy": {"total_energy": -308.00292242024875}}