{"E(RIMP2 (OS))": {"E(RIMP2 (OS))": -0.7415373025916155}, "E(RIMP2 (SS))": {"E(RIMP2 (SS))": -0.2404538191436292}, "E(RIMP2)": {"E(RIMP2)": -0.9819911217352447}, "E(RIMP2) SOS": {"E(RIMP2) SOS": -0.9639984933691003}, "Final E(HF)": {"Final E(HF)": -307.0202413254929}, "filename": "json_logs/B11_56.json", "finish_time": {"time": "Sat Feb  4 09:23:13 2023\n", "total_time": 9.609639602}, "start_time": {"time": "Sat Feb  4 09:23:04 2023\n"}, "title": "/scratch/kx58/jm0124/tempJsons/B11_56.json", "total_energy": {"total_energy": -308.00223244722815}}