{"E(RIMP2 (OS))": {"E(RIMP2 (OS))": -0.7409519602960035}, "E(RIMP2 (SS))": {"E(RIMP2 (SS))": -0.23993250034309133}, "E(RIMP2)": {"E(RIMP2)": -0.9808844606390948}, "E(RIMP2) SOS": {"E(RIMP2) SOS": -0.9632375483848046}, "Final E(HF)": {"Final E(HF)": -307.02130796406493}, "filename": "json_logs/B11_69.json", "finish_time": {"time": "Sat Feb  4 09:23:14 2023\n", "total_time": 10.066298149}, "start_time": {"time": "Sat Feb  4 09:23:04 2023\n"}, "title": "/scratch/kx58/jm0124/tempJsons/B11_69.json", "total_energy": {"total_energy": -308.00219242470405}}