{"E(RIMP2 (OS))": {"E(RIMP2 (OS))": -0.7408652671644048}, "E(RIMP2 (SS))": {"E(RIMP2 (SS))": -0.24003776832120632}, "E(RIMP2)": {"E(RIMP2)": -0.9809030354856112}, "E(RIMP2) SOS": {"E(RIMP2) SOS": -0.9631248473137263}, "Final E(HF)": {"Final E(HF)": -307.02465871155016}, "filename": "json_logs/B11_72.json", "finish_time": {"time": "Sat Feb  4 09:23:14 2023\n", "total_time": 10.30975572}, "start_time": {"time": "Sat Feb  4 09:23:04 2023\n"}, "title": "/scratch/kx58/jm0124/tempJsons/B11_72.json", "total_energy": {"total_energy": -308.00556174703576}}