{"E(RIMP2 (OS))": {"E(RIMP2 (OS))": -0.7412425941384579}, "E(RIMP2 (SS))": {"E(RIMP2 (SS))": -0.2401938456567226}, "E(RIMP2)": {"E(RIMP2)": -0.9814364397951806}, "E(RIMP2) SOS": {"E(RIMP2) SOS": -0.9636153723799954}, "Final E(HF)": {"Final E(HF)": -307.0232730112003}, "filename": "json_logs/B11_73_bsayaozkiz.json", "finish_time": {"time": "Sat Feb  4 09:23:13 2023\n", "total_time": 8.955169397}, "start_time": {"time": "Sat Feb  4 09:23:04 2023\n"}, "title": "/scratch/kx58/jm0124/tempJsons/B11_73_bsayaozkiz.json", "total_energy": {"total_energy": -308.00470945099545}}