{"E(RIMP2 (OS))": {"E(RIMP2 (OS))": -0.741332784202047}, "E(RIMP2 (SS))": {"E(RIMP2 (SS))": -0.24046270424894062}, "E(RIMP2)": {"E(RIMP2)": -0.9817954884509876}, "E(RIMP2) SOS": {"E(RIMP2) SOS": -0.9637326194626611}, "Final E(HF)": {"Final E(HF)": -307.0258196436906}, "filename": "json_logs/B11_3_cawhfbqtxg.json", "finish_time": {"time": "Sat Feb  4 09:24:09 2023\n", "total_time": 9.977254396000001}, "start_time": {"time": "Sat Feb  4 09:23:59 2023\n"}, "title": "/scratch/kx58/jm0124/tempJsons/B11_3_cawhfbqtxg.json", "total_energy": {"total_energy": -308.0076151321416}}