{"E(RIMP2 (OS))": {"E(RIMP2 (OS))": -0.7431633519003168}, "E(RIMP2 (SS))": {"E(RIMP2 (SS))": -0.24197046550505785}, "E(RIMP2)": {"E(RIMP2)": -0.9851338174053746}, "E(RIMP2) SOS": {"E(RIMP2) SOS": -0.9661123574704119}, "Final E(HF)": {"Final E(HF)": -307.02473251591584}, "filename": "json_logs/B11_4_rlbfrggkkv.json", "finish_time": {"time": "Sat Feb  4 09:24:06 2023\n", "total_time": 8.860107975000002}, "start_time": {"time": "Sat Feb  4 09:23:58 2023\n"}, "title": "/scratch/kx58/jm0124/tempJsons/B11_4_rlbfrggkkv.json", "total_energy": {"total_energy": -308.0098663333212}}