{"E(RIMP2 (OS))": {"E(RIMP2 (OS))": -0.7411691255109244}, "E(RIMP2 (SS))": {"E(RIMP2 (SS))": -0.24031685948313056}, "E(RIMP2)": {"E(RIMP2)": -0.9814859849940549}, "E(RIMP2) SOS": {"E(RIMP2) SOS": -0.9635198631642018}, "Final E(HF)": {"Final E(HF)": -307.02597121644084}, "filename": "json_logs/B11_6_ztlrofvbxa.json", "finish_time": {"time": "Sat Feb  4 09:24:05 2023\n", "total_time": 9.551604011}, "start_time": {"time": "Sat Feb  4 09:23:56 2023\n"}, "title": "/scratch/kx58/jm0124/tempJsons/B11_6_ztlrofvbxa.json", "total_energy": {"total_energy": -308.0074572014349}}