{"E(RIMP2 (OS))": {"E(RIMP2 (OS))": -0.7407984854163917}, "E(RIMP2 (SS))": {"E(RIMP2 (SS))": -0.24005549868916773}, "E(RIMP2)": {"E(RIMP2)": -0.9808539841055595}, "E(RIMP2) SOS": {"E(RIMP2) SOS": -0.9630380310413093}, "Final E(HF)": {"Final E(HF)": -307.0252639237086}, "filename": "json_logs/B11_8_nblvdgjeak.json", "finish_time": {"time": "Sat Feb  4 09:23:59 2023\n", "total_time": 10.563940227}, "start_time": {"time": "Sat Feb  4 09:23:48 2023\n"}, "title": "/scratch/kx58/jm0124/tempJsons/B11_8_nblvdgjeak.json", "total_energy": {"total_energy": -308.0061179078142}}