{"E(RIMP2 (OS))": {"E(RIMP2 (OS))": -0.743311712152236}, "E(RIMP2 (SS))": {"E(RIMP2 (SS))": -0.24191210867022409}, "E(RIMP2)": {"E(RIMP2)": -0.9852238208224601}, "E(RIMP2) SOS": {"E(RIMP2) SOS": -0.9663052257979069}, "Final E(HF)": {"Final E(HF)": -307.02519119531473}, "filename": "json_logs/B11_9_agvwzvynpm.json", "finish_time": {"time": "Sat Feb  4 09:23:54 2023\n", "total_time": 6.057145324}, "start_time": {"time": "Sat Feb  4 09:23:48 2023\n"}, "title": "/scratch/kx58/jm0124/tempJsons/B11_9_agvwzvynpm.json", "total_energy": {"total_energy": -308.01041501613724}}