{"E(RIMP2 (OS))": {"E(RIMP2 (OS))": -0.7417871534283947}, "E(RIMP2 (SS))": {"E(RIMP2 (SS))": -0.2408189685205973}, "E(RIMP2)": {"E(RIMP2)": -0.9826061219489921}, "E(RIMP2) SOS": {"E(RIMP2) SOS": -0.9643232994569132}, "Final E(HF)": {"Final E(HF)": -307.024430302452}, "filename": "json_logs/B11_10_tdjmcndgnq.json", "finish_time": {"time": "Sat Feb  4 09:23:58 2023\n", "total_time": 9.781022883}, "start_time": {"time": "Sat Feb  4 09:23:48 2023\n"}, "title": "/scratch/kx58/jm0124/tempJsons/B11_10_tdjmcndgnq.json", "total_energy": {"total_energy": -308.007036424401}}