{"E(RIMP2 (OS))": {"E(RIMP2 (OS))": -0.740281566547003}, "E(RIMP2 (SS))": {"E(RIMP2 (SS))": -0.23967273742983997}, "E(RIMP2)": {"E(RIMP2)": -0.9799543039768429}, "E(RIMP2) SOS": {"E(RIMP2) SOS": -0.9623660365111039}, "Final E(HF)": {"Final E(HF)": -307.0249860903218}, "filename": "json_logs/B11_12_vfgoggeudb.json", "finish_time": {"time": "Sat Feb  4 09:23:56 2023\n", "total_time": 9.108153387}, "start_time": {"time": "Sat Feb  4 09:23:47 2023\n"}, "title": "/scratch/kx58/jm0124/tempJsons/B11_12_vfgoggeudb.json", "total_energy": {"total_energy": -308.00494039429867}}