{"E(RIMP2 (OS))": {"E(RIMP2 (OS))": -0.7415487468567071}, "E(RIMP2 (SS))": {"E(RIMP2 (SS))": -0.24055723315272856}, "E(RIMP2)": {"E(RIMP2)": -0.9821059800094357}, "E(RIMP2) SOS": {"E(RIMP2) SOS": -0.9640133709137193}, "Final E(HF)": {"Final E(HF)": -307.0233493191555}, "filename": "json_logs/B11_13_misjeruwzr.json", "finish_time": {"time": "Sat Feb  4 09:23:45 2023\n", "total_time": 7.150892354}, "start_time": {"time": "Sat Feb  4 09:23:38 2023\n"}, "title": "/scratch/kx58/jm0124/tempJsons/B11_13_misjeruwzr.json", "total_energy": {"total_energy": -308.00545529916496}}