{"E(RIMP2 (OS))": {"E(RIMP2 (OS))": -0.4698214388746383}, "E(RIMP2 (SS))": {"E(RIMP2 (SS))": -0.09874421532433685}, "E(RIMP2)": {"E(RIMP2)": -0.5685656541989751}, "E(RIMP2) SOS": {"E(RIMP2) SOS": -0.6107678705370297}, "Final E(HF)": {"Final E(HF)": -1451.6234777085854}, "filename": "json_logs/SI5H12_1_0.json", "finish_time": {"time": "Sat Feb  4 09:47:13 2023\n", "total_time": 20.2669227}, "start_time": {"time": "Sat Feb  4 09:46:53 2023\n"}, "title": "/scratch/kx58/jm0124/tempJsons/SI5H12_1_0.json", "total_energy": {"total_energy": -1452.1920433627843}}