{"E(RIMP2 (OS))": {"E(RIMP2 (OS))": -0.46984810180473524}, "E(RIMP2 (SS))": {"E(RIMP2 (SS))": -0.09873960066401585}, "E(RIMP2)": {"E(RIMP2)": -0.5685877024687511}, "E(RIMP2) SOS": {"E(RIMP2) SOS": -0.6108025323461558}, "Final E(HF)": {"Final E(HF)": -1451.622167186515}, "filename": "json_logs/SI5H12_1_37.json", "finish_time": {"time": "Sat Feb  4 09:46:07 2023\n", "total_time": 23.801166351}, "start_time": {"time": "Sat Feb  4 09:45:43 2023\n"}, "title": "/scratch/kx58/jm0124/tempJsons/SI5H12_1_37.json", "total_energy": {"total_energy": -1452.1907548889837}}