{"E(RIMP2 (OS))": {"E(RIMP2 (OS))": -0.4706745838738069}, "E(RIMP2 (SS))": {"E(RIMP2 (SS))": -0.09954761992088434}, "E(RIMP2)": {"E(RIMP2)": -0.5702222037946912}, "E(RIMP2) SOS": {"E(RIMP2) SOS": -0.611876959035949}, "Final E(HF)": {"Final E(HF)": -1451.6230247611381}, "filename": "json_logs/SI5H12_1_38.json", "finish_time": {"time": "Sat Feb  4 09:46:03 2023\n", "total_time": 21.448741119999998}, "start_time": {"time": "Sat Feb  4 09:45:42 2023\n"}, "title": "/scratch/kx58/jm0124/tempJsons/SI5H12_1_38.json", "total_energy": {"total_energy": -1452.193246964933}}