{"E(RIMP2 (OS))": {"E(RIMP2 (OS))": -0.4704709082074781}, "E(RIMP2 (SS))": {"E(RIMP2 (SS))": -0.09929517028430199}, "E(RIMP2)": {"E(RIMP2)": -0.5697660784917801}, "E(RIMP2) SOS": {"E(RIMP2) SOS": -0.6116121806697216}, "Final E(HF)": {"Final E(HF)": -1451.6210092416218}, "filename": "json_logs/SI5H12_1_45.json", "finish_time": {"time": "Sat Feb  4 09:46:03 2023\n", "total_time": 23.523111253}, "start_time": {"time": "Sat Feb  4 09:45:40 2023\n"}, "title": "/scratch/kx58/jm0124/tempJsons/SI5H12_1_45.json", "total_energy": {"total_energy": -1452.1907753201135}}