{"E(RIMP2 (OS))": {"E(RIMP2 (OS))": -0.4709959131792462}, "E(RIMP2 (SS))": {"E(RIMP2 (SS))": -0.09971222094067629}, "E(RIMP2)": {"E(RIMP2)": -0.5707081341199225}, "E(RIMP2) SOS": {"E(RIMP2) SOS": -0.6122946871330202}, "Final E(HF)": {"Final E(HF)": -1451.6213699183509}, "filename": "json_logs/SI5H12_1_47.json", "finish_time": {"time": "Sat Feb  4 09:45:41 2023\n", "total_time": 22.433140063}, "start_time": {"time": "Sat Feb  4 09:45:19 2023\n"}, "title": "/scratch/kx58/jm0124/tempJsons/SI5H12_1_47.json", "total_energy": {"total_energy": -1452.1920780524708}}