{"E(RIMP2 (OS))": {"E(RIMP2 (OS))": -0.4699229281757398}, "E(RIMP2 (SS))": {"E(RIMP2 (SS))": -0.09883462835068096}, "E(RIMP2)": {"E(RIMP2)": -0.5687575565264207}, "E(RIMP2) SOS": {"E(RIMP2) SOS": -0.6108998066284618}, "Final E(HF)": {"Final E(HF)": -1451.6222078723997}, "filename": "json_logs/SI5H12_1_50.json", "finish_time": {"time": "Sat Feb  4 09:45:42 2023\n", "total_time": 25.849356806}, "start_time": {"time": "Sat Feb  4 09:45:17 2023\n"}, "title": "/scratch/kx58/jm0124/tempJsons/SI5H12_1_50.json", "total_energy": {"total_energy": -1452.1909654289261}}