{"E(RIMP2 (OS))": {"E(RIMP2 (OS))": -0.46988653503610617}, "E(RIMP2 (SS))": {"E(RIMP2 (SS))": -0.09877153872115166}, "E(RIMP2)": {"E(RIMP2)": -0.5686580737572579}, "E(RIMP2) SOS": {"E(RIMP2) SOS": -0.610852495546938}, "Final E(HF)": {"Final E(HF)": -1451.6216294784208}, "filename": "json_logs/SI5H12_1_52.json", "finish_time": {"time": "Sat Feb  4 09:45:40 2023\n", "total_time": 24.216862798999998}, "start_time": {"time": "Sat Feb  4 09:45:16 2023\n"}, "title": "/scratch/kx58/jm0124/tempJsons/SI5H12_1_52.json", "total_energy": {"total_energy": -1452.190287552178}}