{"E(RIMP2 (OS))": {"E(RIMP2 (OS))": -0.4699292400694226}, "E(RIMP2 (SS))": {"E(RIMP2 (SS))": -0.09882024047944911}, "E(RIMP2)": {"E(RIMP2)": -0.5687494805488718}, "E(RIMP2) SOS": {"E(RIMP2) SOS": -0.6109080120902494}, "Final E(HF)": {"Final E(HF)": -1451.622028589365}, "filename": "json_logs/SI5H12_1_55.json", "finish_time": {"time": "Sat Feb  4 09:45:38 2023\n", "total_time": 23.904775654}, "start_time": {"time": "Sat Feb  4 09:45:14 2023\n"}, "title": "/scratch/kx58/jm0124/tempJsons/SI5H12_1_55.json", "total_energy": {"total_energy": -1452.190778069914}}