{"E(RIMP2 (OS))": {"E(RIMP2 (OS))": -0.4699156848972324}, "E(RIMP2 (SS))": {"E(RIMP2 (SS))": -0.09880595571259086}, "E(RIMP2)": {"E(RIMP2)": -0.5687216406098232}, "E(RIMP2) SOS": {"E(RIMP2) SOS": -0.6108903903664021}, "Final E(HF)": {"Final E(HF)": -1451.6219934466435}, "filename": "json_logs/SI5H12_1_57.json", "finish_time": {"time": "Sat Feb  4 09:45:13 2023\n", "total_time": 17.017459527}, "start_time": {"time": "Sat Feb  4 09:44:56 2023\n"}, "title": "/scratch/kx58/jm0124/tempJsons/SI5H12_1_57.json", "total_energy": {"total_energy": -1452.1907150872532}}