{"E(RIMP2 (OS))": {"E(RIMP2 (OS))": -0.4711476431759955}, "E(RIMP2 (SS))": {"E(RIMP2 (SS))": -0.09973905683077368}, "E(RIMP2)": {"E(RIMP2)": -0.5708867000067692}, "E(RIMP2) SOS": {"E(RIMP2) SOS": -0.6124919361287942}, "Final E(HF)": {"Final E(HF)": -1451.6194332502882}, "filename": "json_logs/SI5H12_1_61.json", "finish_time": {"time": "Sat Feb  4 09:45:15 2023\n", "total_time": 20.357415732000003}, "start_time": {"time": "Sat Feb  4 09:44:55 2023\n"}, "title": "/scratch/kx58/jm0124/tempJsons/SI5H12_1_61.json", "total_energy": {"total_energy": -1452.190319950295}}