{"E(RIMP2 (OS))": {"E(RIMP2 (OS))": -0.4698213707193346}, "E(RIMP2 (SS))": {"E(RIMP2 (SS))": -0.09865694621460303}, "E(RIMP2)": {"E(RIMP2)": -0.5684783169339376}, "E(RIMP2) SOS": {"E(RIMP2) SOS": -0.610767781935135}, "Final E(HF)": {"Final E(HF)": -1451.6207079666258}, "filename": "json_logs/SI5H12_1_62.json", "finish_time": {"time": "Sat Feb  4 09:45:18 2023\n", "total_time": 23.783901136}, "start_time": {"time": "Sat Feb  4 09:44:54 2023\n"}, "title": "/scratch/kx58/jm0124/tempJsons/SI5H12_1_62.json", "total_energy": {"total_energy": -1452.1891862835596}}