{"E(RIMP2 (OS))": {"E(RIMP2 (OS))": -0.46981719500236896}, "E(RIMP2 (SS))": {"E(RIMP2 (SS))": -0.09868307245345219}, "E(RIMP2)": {"E(RIMP2)": -0.5685002674558212}, "E(RIMP2) SOS": {"E(RIMP2) SOS": -0.6107623535030796}, "Final E(HF)": {"Final E(HF)": -1451.621895146978}, "filename": "json_logs/SI5H12_1_2.json", "finish_time": {"time": "Sat Feb  4 09:46:53 2023\n", "total_time": 20.610964664}, "start_time": {"time": "Sat Feb  4 09:46:33 2023\n"}, "title": "/scratch/kx58/jm0124/tempJsons/SI5H12_1_2.json", "total_energy": {"total_energy": -1452.1903954144339}}