{"E(RIMP2 (OS))": {"E(RIMP2 (OS))": -0.47024697426645296}, "E(RIMP2 (SS))": {"E(RIMP2 (SS))": -0.09922361477825191}, "E(RIMP2)": {"E(RIMP2)": -0.5694705890447048}, "E(RIMP2) SOS": {"E(RIMP2) SOS": -0.6113210665463888}, "Final E(HF)": {"Final E(HF)": -1451.6239035144895}, "filename": "json_logs/SI5H12_1_63.json", "finish_time": {"time": "Sat Feb  4 09:45:14 2023\n", "total_time": 23.934718285}, "start_time": {"time": "Sat Feb  4 09:44:50 2023\n"}, "title": "/scratch/kx58/jm0124/tempJsons/SI5H12_1_63.json", "total_energy": {"total_energy": -1452.1933741035343}}