{"E(RIMP2 (OS))": {"E(RIMP2 (OS))": -0.47045795525520206}, "E(RIMP2 (SS))": {"E(RIMP2 (SS))": -0.09924573180092293}, "E(RIMP2)": {"E(RIMP2)": -0.569703687056125}, "E(RIMP2) SOS": {"E(RIMP2) SOS": -0.6115953418317627}, "Final E(HF)": {"Final E(HF)": -1451.6198348807634}, "filename": "json_logs/SI5H12_1_64.json", "finish_time": {"time": "Sat Feb  4 09:44:55 2023\n", "total_time": 22.202893279}, "start_time": {"time": "Sat Feb  4 09:44:33 2023\n"}, "title": "/scratch/kx58/jm0124/tempJsons/SI5H12_1_64.json", "total_energy": {"total_energy": -1452.1895385678195}}