{"E(RIMP2 (OS))": {"E(RIMP2 (OS))": -0.47078587262894606}, "E(RIMP2 (SS))": {"E(RIMP2 (SS))": -0.09949519447062186}, "E(RIMP2)": {"E(RIMP2)": -0.5702810670995679}, "E(RIMP2) SOS": {"E(RIMP2) SOS": -0.6120216344176299}, "Final E(HF)": {"Final E(HF)": -1451.6206767766755}, "filename": "json_logs/SI5H12_1_65.json", "finish_time": {"time": "Sat Feb  4 09:44:52 2023\n", "total_time": 21.918373538}, "start_time": {"time": "Sat Feb  4 09:44:31 2023\n"}, "title": "/scratch/kx58/jm0124/tempJsons/SI5H12_1_65.json", "total_energy": {"total_energy": -1452.190957843775}}