{"E(RIMP2 (OS))": {"E(RIMP2 (OS))": -0.47023210013284134}, "E(RIMP2 (SS))": {"E(RIMP2 (SS))": -0.09920691492797268}, "E(RIMP2)": {"E(RIMP2)": -0.569439015060814}, "E(RIMP2) SOS": {"E(RIMP2) SOS": -0.6113017301726937}, "Final E(HF)": {"Final E(HF)": -1451.62386865307}, "filename": "json_logs/SI5H12_1_66.json", "finish_time": {"time": "Sat Feb  4 09:44:53 2023\n", "total_time": 24.045995532000003}, "start_time": {"time": "Sat Feb  4 09:44:30 2023\n"}, "title": "/scratch/kx58/jm0124/tempJsons/SI5H12_1_66.json", "total_energy": {"total_energy": -1452.1933076681307}}