{"E(RIMP2 (OS))": {"E(RIMP2 (OS))": -0.47084281466886846}, "E(RIMP2 (SS))": {"E(RIMP2 (SS))": -0.0995663168793859}, "E(RIMP2)": {"E(RIMP2)": -0.5704091315482543}, "E(RIMP2) SOS": {"E(RIMP2) SOS": -0.612095659069529}, "Final E(HF)": {"Final E(HF)": -1451.6210366095618}, "filename": "json_logs/SI5H12_1_68.json", "finish_time": {"time": "Sat Feb  4 09:44:49 2023\n", "total_time": 21.965747585000003}, "start_time": {"time": "Sat Feb  4 09:44:27 2023\n"}, "title": "/scratch/kx58/jm0124/tempJsons/SI5H12_1_68.json", "total_energy": {"total_energy": -1452.19144574111}}