{"E(RIMP2 (OS))": {"E(RIMP2 (OS))": -0.4709992156850576}, "E(RIMP2 (SS))": {"E(RIMP2 (SS))": -0.09964554273280049}, "E(RIMP2)": {"E(RIMP2)": -0.5706447584178581}, "E(RIMP2) SOS": {"E(RIMP2) SOS": -0.6122989803905748}, "Final E(HF)": {"Final E(HF)": -1451.6199319603493}, "filename": "json_logs/SI5H12_1_74.json", "finish_time": {"time": "Sat Feb  4 09:44:29 2023\n", "total_time": 21.575283976999998}, "start_time": {"time": "Sat Feb  4 09:44:08 2023\n"}, "title": "/scratch/kx58/jm0124/tempJsons/SI5H12_1_74.json", "total_energy": {"total_energy": -1452.190576718767}}