{"E(RIMP2 (OS))": {"E(RIMP2 (OS))": -0.4700600162166986}, "E(RIMP2 (SS))": {"E(RIMP2 (SS))": -0.0989887903803869}, "E(RIMP2)": {"E(RIMP2)": -0.5690488065970855}, "E(RIMP2) SOS": {"E(RIMP2) SOS": -0.6110780210817082}, "Final E(HF)": {"Final E(HF)": -1451.6224105903989}, "filename": "json_logs/SI5H12_1_79.json", "finish_time": {"time": "Sat Feb  4 09:44:31 2023\n", "total_time": 24.038788529}, "start_time": {"time": "Sat Feb  4 09:44:07 2023\n"}, "title": "/scratch/kx58/jm0124/tempJsons/SI5H12_1_79.json", "total_energy": {"total_energy": -1452.191459396996}}