{"E(RIMP2 (OS))": {"E(RIMP2 (OS))": -0.4701527281877463}, "E(RIMP2 (SS))": {"E(RIMP2 (SS))": -0.09907126615399846}, "E(RIMP2)": {"E(RIMP2)": -0.5692239943417448}, "E(RIMP2) SOS": {"E(RIMP2) SOS": -0.6111985466440701}, "Final E(HF)": {"Final E(HF)": -1451.6221959556526}, "filename": "json_logs/SI5H12_1_81.json", "finish_time": {"time": "Sat Feb  4 09:44:28 2023\n", "total_time": 24.212809637}, "start_time": {"time": "Sat Feb  4 09:44:04 2023\n"}, "title": "/scratch/kx58/jm0124/tempJsons/SI5H12_1_81.json", "total_energy": {"total_energy": -1452.1914199499943}}