{"E(RIMP2 (OS))": {"E(RIMP2 (OS))": -0.46988273436169836}, "E(RIMP2 (SS))": {"E(RIMP2 (SS))": -0.09872233189230004}, "E(RIMP2)": {"E(RIMP2)": -0.5686050662539984}, "E(RIMP2) SOS": {"E(RIMP2) SOS": -0.6108475546702079}, "Final E(HF)": {"Final E(HF)": -1451.6206497002545}, "filename": "json_logs/SI5H12_1_85.json", "finish_time": {"time": "Sat Feb  4 09:44:26 2023\n", "total_time": 22.879382097999997}, "start_time": {"time": "Sat Feb  4 09:44:03 2023\n"}, "title": "/scratch/kx58/jm0124/tempJsons/SI5H12_1_85.json", "total_energy": {"total_energy": -1452.1892547665084}}