{"E(RIMP2 (OS))": {"E(RIMP2 (OS))": -0.47004195707362956}, "E(RIMP2 (SS))": {"E(RIMP2 (SS))": -0.09899183527142774}, "E(RIMP2)": {"E(RIMP2)": -0.5690337923450572}, "E(RIMP2) SOS": {"E(RIMP2) SOS": -0.6110545441957185}, "Final E(HF)": {"Final E(HF)": -1451.6231362032818}, "filename": "json_logs/SI5H12_1_86.json", "finish_time": {"time": "Sat Feb  4 09:44:06 2023\n", "total_time": 23.874255655000002}, "start_time": {"time": "Sat Feb  4 09:43:43 2023\n"}, "title": "/scratch/kx58/jm0124/tempJsons/SI5H12_1_86.json", "total_energy": {"total_energy": -1452.1921699956267}}