{"E(RIMP2 (OS))": {"E(RIMP2 (OS))": -0.470733394370913}, "E(RIMP2 (SS))": {"E(RIMP2 (SS))": -0.09957320681042563}, "E(RIMP2)": {"E(RIMP2)": -0.5703066011813386}, "E(RIMP2) SOS": {"E(RIMP2) SOS": -0.611953412682187}, "Final E(HF)": {"Final E(HF)": -1451.6228507642777}, "filename": "json_logs/SI5H12_1_3.json", "finish_time": {"time": "Sat Feb  4 09:46:54 2023\n", "total_time": 21.91765976}, "start_time": {"time": "Sat Feb  4 09:46:32 2023\n"}, "title": "/scratch/kx58/jm0124/tempJsons/SI5H12_1_3.json", "total_energy": {"total_energy": -1452.193157365459}}