{"E(RIMP2 (OS))": {"E(RIMP2 (OS))": -0.47000843131370007}, "E(RIMP2 (SS))": {"E(RIMP2 (SS))": -0.09894500578669412}, "E(RIMP2)": {"E(RIMP2)": -0.5689534371003941}, "E(RIMP2) SOS": {"E(RIMP2) SOS": -0.6110109607078101}, "Final E(HF)": {"Final E(HF)": -1451.622862070402}, "filename": "json_logs/SI5H12_1_88.json", "finish_time": {"time": "Sat Feb  4 09:44:06 2023\n", "total_time": 23.695904541}, "start_time": {"time": "Sat Feb  4 09:43:42 2023\n"}, "title": "/scratch/kx58/jm0124/tempJsons/SI5H12_1_88.json", "total_energy": {"total_energy": -1452.1918155075025}}