{"E(RIMP2 (OS))": {"E(RIMP2 (OS))": -0.4701469422494717}, "E(RIMP2 (SS))": {"E(RIMP2 (SS))": -0.09900965839433977}, "E(RIMP2)": {"E(RIMP2)": -0.5691566006438115}, "E(RIMP2) SOS": {"E(RIMP2) SOS": -0.6111910249243132}, "Final E(HF)": {"Final E(HF)": -1451.620576377478}, "filename": "json_logs/SI5H12_1_99.json", "finish_time": {"time": "Sat Feb  4 09:44:01 2023\n", "total_time": 22.457936369}, "start_time": {"time": "Sat Feb  4 09:43:39 2023\n"}, "title": "/scratch/kx58/jm0124/tempJsons/SI5H12_1_99.json", "total_energy": {"total_energy": -1452.189732978122}}