{"E(RIMP2 (OS))": {"E(RIMP2 (OS))": -0.4702324177474757}, "E(RIMP2 (SS))": {"E(RIMP2 (SS))": -0.09916475008009236}, "E(RIMP2)": {"E(RIMP2)": -0.5693971678275681}, "E(RIMP2) SOS": {"E(RIMP2) SOS": -0.6113021430717185}, "Final E(HF)": {"Final E(HF)": -1451.6222544525554}, "filename": "json_logs/SI5H12_1_100.json", "finish_time": {"time": "Sat Feb  4 09:44:03 2023\n", "total_time": 24.33397355}, "start_time": {"time": "Sat Feb  4 09:43:38 2023\n"}, "title": "/scratch/kx58/jm0124/tempJsons/SI5H12_1_100.json", "total_energy": {"total_energy": -1452.1916516203828}}