{"E(RIMP2 (OS))": {"E(RIMP2 (OS))": -0.47012047186393663}, "E(RIMP2 (SS))": {"E(RIMP2 (SS))": -0.0990453037120719}, "E(RIMP2)": {"E(RIMP2)": -0.5691657755760086}, "E(RIMP2) SOS": {"E(RIMP2) SOS": -0.6111566134231177}, "Final E(HF)": {"Final E(HF)": -1451.6222668788057}, "filename": "json_logs/SI5H12_1_102.json", "finish_time": {"time": "Sat Feb  4 09:43:41 2023\n", "total_time": 22.16990278}, "start_time": {"time": "Sat Feb  4 09:43:19 2023\n"}, "title": "/scratch/kx58/jm0124/tempJsons/SI5H12_1_102.json", "total_energy": {"total_energy": -1452.1914326543817}}