{"E(RIMP2 (OS))": {"E(RIMP2 (OS))": -0.4699478080703709}, "E(RIMP2 (SS))": {"E(RIMP2 (SS))": -0.09882225758366137}, "E(RIMP2)": {"E(RIMP2)": -0.5687700656540322}, "E(RIMP2) SOS": {"E(RIMP2) SOS": -0.6109321504914822}, "Final E(HF)": {"Final E(HF)": -1451.621016051241}, "filename": "json_logs/SI5H12_1_106.json", "finish_time": {"time": "Sat Feb  4 09:43:41 2023\n", "total_time": 23.893448312}, "start_time": {"time": "Sat Feb  4 09:43:17 2023\n"}, "title": "/scratch/kx58/jm0124/tempJsons/SI5H12_1_106.json", "total_energy": {"total_energy": -1452.189786116895}}