{"E(RIMP2 (OS))": {"E(RIMP2 (OS))": -0.4702478324745509}, "E(RIMP2 (SS))": {"E(RIMP2 (SS))": -0.09904021268200341}, "E(RIMP2)": {"E(RIMP2)": -0.5692880451565543}, "E(RIMP2) SOS": {"E(RIMP2) SOS": -0.6113221822169161}, "Final E(HF)": {"Final E(HF)": -1451.6219540488537}, "filename": "json_logs/SI5H12_1_107.json", "finish_time": {"time": "Sat Feb  4 09:43:37 2023\n", "total_time": 24.067251370999998}, "start_time": {"time": "Sat Feb  4 09:43:14 2023\n"}, "title": "/scratch/kx58/jm0124/tempJsons/SI5H12_1_107.json", "total_energy": {"total_energy": -1452.1912420940102}}