{"E(RIMP2 (OS))": {"E(RIMP2 (OS))": -0.4700648569202153}, "E(RIMP2 (SS))": {"E(RIMP2 (SS))": -0.09887979495426627}, "E(RIMP2)": {"E(RIMP2)": -0.5689446518744816}, "E(RIMP2) SOS": {"E(RIMP2) SOS": -0.6110843139962799}, "Final E(HF)": {"Final E(HF)": -1451.6194988431391}, "filename": "json_logs/SI5H12_1_109.json", "finish_time": {"time": "Sat Feb  4 09:43:37 2023\n", "total_time": 24.165024929}, "start_time": {"time": "Sat Feb  4 09:43:13 2023\n"}, "title": "/scratch/kx58/jm0124/tempJsons/SI5H12_1_109.json", "total_energy": {"total_energy": -1452.1884434950136}}