{"E(RIMP2 (OS))": {"E(RIMP2 (OS))": -0.4699724720650664}, "E(RIMP2 (SS))": {"E(RIMP2 (SS))": -0.09875762031943117}, "E(RIMP2)": {"E(RIMP2)": -0.5687300923844976}, "E(RIMP2) SOS": {"E(RIMP2) SOS": -0.6109642136845864}, "Final E(HF)": {"Final E(HF)": -1451.6188389204444}, "filename": "json_logs/SI5H12_1_110.json", "finish_time": {"time": "Sat Feb  4 09:43:15 2023\n", "total_time": 25.98342644}, "start_time": {"time": "Sat Feb  4 09:42:51 2023\n"}, "title": "/scratch/kx58/jm0124/tempJsons/SI5H12_1_110.json", "total_energy": {"total_energy": -1452.187569012829}}