{"E(RIMP2 (OS))": {"E(RIMP2 (OS))": -0.470042675403854}, "E(RIMP2 (SS))": {"E(RIMP2 (SS))": -0.09889298189043076}, "E(RIMP2)": {"E(RIMP2)": -0.5689356572942847}, "E(RIMP2) SOS": {"E(RIMP2) SOS": -0.6110554780250103}, "Final E(HF)": {"Final E(HF)": -1451.6203501211712}, "filename": "json_logs/SI5H12_1_111.json", "finish_time": {"time": "Sat Feb  4 09:43:12 2023\n", "total_time": 22.596796707000003}, "start_time": {"time": "Sat Feb  4 09:42:51 2023\n"}, "title": "/scratch/kx58/jm0124/tempJsons/SI5H12_1_111.json", "total_energy": {"total_energy": -1452.1892857784655}}