{"E(RIMP2 (OS))": {"E(RIMP2 (OS))": -0.4699764569418769}, "E(RIMP2 (SS))": {"E(RIMP2 (SS))": -0.0987847097959406}, "E(RIMP2)": {"E(RIMP2)": -0.5687611667378175}, "E(RIMP2) SOS": {"E(RIMP2) SOS": -0.61096939402444}, "Final E(HF)": {"Final E(HF)": -1451.619310203126}, "filename": "json_logs/SI5H12_1_112.json", "finish_time": {"time": "Sat Feb  4 09:43:18 2023\n", "total_time": 28.170996486}, "start_time": {"time": "Sat Feb  4 09:42:51 2023\n"}, "title": "/scratch/kx58/jm0124/tempJsons/SI5H12_1_112.json", "total_energy": {"total_energy": -1452.1880713698636}}