{"E(RIMP2 (OS))": {"E(RIMP2 (OS))": -0.4707354376896157}, "E(RIMP2 (SS))": {"E(RIMP2 (SS))": -0.09955850036033065}, "E(RIMP2)": {"E(RIMP2)": -0.5702939380499463}, "E(RIMP2) SOS": {"E(RIMP2) SOS": -0.6119560689965003}, "Final E(HF)": {"Final E(HF)": -1451.622688736474}, "filename": "json_logs/SI5H12_1_4.json", "finish_time": {"time": "Sat Feb  4 09:46:51 2023\n", "total_time": 21.567388724}, "start_time": {"time": "Sat Feb  4 09:46:30 2023\n"}, "title": "/scratch/kx58/jm0124/tempJsons/SI5H12_1_4.json", "total_energy": {"total_energy": -1452.1929826745238}}