{"E(RIMP2 (OS))": {"E(RIMP2 (OS))": -0.4703573366660939}, "E(RIMP2 (SS))": {"E(RIMP2 (SS))": -0.099032538935466}, "E(RIMP2)": {"E(RIMP2)": -0.56938987560156}, "E(RIMP2) SOS": {"E(RIMP2) SOS": -0.6114645376659221}, "Final E(HF)": {"Final E(HF)": -1451.6185276734484}, "filename": "json_logs/SI5H12_1_114.json", "finish_time": {"time": "Sat Feb  4 09:43:11 2023\n", "total_time": 22.02538062}, "start_time": {"time": "Sat Feb  4 09:42:51 2023\n"}, "title": "/scratch/kx58/jm0124/tempJsons/SI5H12_1_114.json", "total_energy": {"total_energy": -1452.1879175490499}}