{"E(RIMP2 (OS))": {"E(RIMP2 (OS))": -0.4709181488716713}, "E(RIMP2 (SS))": {"E(RIMP2 (SS))": -0.09964672799727109}, "E(RIMP2)": {"E(RIMP2)": -0.5705648768689424}, "E(RIMP2) SOS": {"E(RIMP2) SOS": -0.6121935935331727}, "Final E(HF)": {"Final E(HF)": -1451.621869252634}, "filename": "json_logs/SI5H12_1_10.json", "finish_time": {"time": "Sat Feb  4 09:46:53 2023\n", "total_time": 23.720468731}, "start_time": {"time": "Sat Feb  4 09:46:30 2023\n"}, "title": "/scratch/kx58/jm0124/tempJsons/SI5H12_1_10.json", "total_energy": {"total_energy": -1452.192434129503}}