{"E(RIMP2 (OS))": {"E(RIMP2 (OS))": -0.4707722203686769}, "E(RIMP2 (SS))": {"E(RIMP2 (SS))": -0.09953801314761414}, "E(RIMP2)": {"E(RIMP2)": -0.5703102335162911}, "E(RIMP2) SOS": {"E(RIMP2) SOS": -0.61200388647928}, "Final E(HF)": {"Final E(HF)": -1451.6218980643257}, "filename": "json_logs/SI5H12_1_12.json", "finish_time": {"time": "Sat Feb  4 09:46:31 2023\n", "total_time": 23.392176142}, "start_time": {"time": "Sat Feb  4 09:46:08 2023\n"}, "title": "/scratch/kx58/jm0124/tempJsons/SI5H12_1_12.json", "total_energy": {"total_energy": -1452.192208297842}}