{"E(RIMP2 (OS))": {"E(RIMP2 (OS))": -0.4699380158052226}, "E(RIMP2 (SS))": {"E(RIMP2 (SS))": -0.0988923237648957}, "E(RIMP2)": {"E(RIMP2)": -0.5688303395701183}, "E(RIMP2) SOS": {"E(RIMP2) SOS": -0.6109194205467894}, "Final E(HF)": {"Final E(HF)": -1451.6236942190435}, "filename": "json_logs/SI5H12_1_19.json", "finish_time": {"time": "Sat Feb  4 09:46:31 2023\n", "total_time": 24.166313976}, "start_time": {"time": "Sat Feb  4 09:46:07 2023\n"}, "title": "/scratch/kx58/jm0124/tempJsons/SI5H12_1_19.json", "total_energy": {"total_energy": -1452.1925245586135}}