{"E(RIMP2 (OS))": {"E(RIMP2 (OS))": -0.46994181672483154}, "E(RIMP2 (SS))": {"E(RIMP2 (SS))": -0.09889503629604007}, "E(RIMP2)": {"E(RIMP2)": -0.5688368530208716}, "E(RIMP2) SOS": {"E(RIMP2) SOS": -0.610924361742281}, "Final E(HF)": {"Final E(HF)": -1451.6236780843988}, "filename": "json_logs/SI5H12_1_20.json", "finish_time": {"time": "Sat Feb  4 09:46:28 2023\n", "total_time": 24.027798325}, "start_time": {"time": "Sat Feb  4 09:46:05 2023\n"}, "title": "/scratch/kx58/jm0124/tempJsons/SI5H12_1_20.json", "total_energy": {"total_energy": -1452.1925149374197}}