{"E(RIMP2 (OS))": {"E(RIMP2 (OS))": -0.46983173674333345}, "E(RIMP2 (SS))": {"E(RIMP2 (SS))": -0.09871671177789991}, "E(RIMP2)": {"E(RIMP2)": -0.5685484485212333}, "E(RIMP2) SOS": {"E(RIMP2) SOS": -0.6107812577663335}, "Final E(HF)": {"Final E(HF)": -1451.622081902452}, "filename": "json_logs/SI5H12_1_30.json", "finish_time": {"time": "Sat Feb  4 09:46:28 2023\n", "total_time": 23.725675369}, "start_time": {"time": "Sat Feb  4 09:46:04 2023\n"}, "title": "/scratch/kx58/jm0124/tempJsons/SI5H12_1_30.json", "total_energy": {"total_energy": -1452.1906303509732}}