{"E(RIMP2 (OS))": {"E(RIMP2 (OS))": -0.47066577468435244}, "E(RIMP2 (SS))": {"E(RIMP2 (SS))": -0.09956792528933547}, "E(RIMP2)": {"E(RIMP2)": -0.5702336999736879}, "E(RIMP2) SOS": {"E(RIMP2) SOS": -0.6118655070896581}, "Final E(HF)": {"Final E(HF)": -1451.6233377010396}, "filename": "json_logs/SI5H12_1_35.json", "finish_time": {"time": "Sat Feb  4 09:46:05 2023\n", "total_time": 21.443792781}, "start_time": {"time": "Sat Feb  4 09:45:44 2023\n"}, "title": "/scratch/kx58/jm0124/tempJsons/SI5H12_1_35.json", "total_energy": {"total_energy": -1452.1935714010135}}