{"E(RIMP2 (OS))": {"E(RIMP2 (OS))": -3.5202245869096704}, "E(RIMP2 (SS))": {"E(RIMP2 (SS))": -1.3622559568331585}, "E(RIMP2)": {"E(RIMP2)": -4.882480543742829}, "E(RIMP2) SOS": {"E(RIMP2) SOS": -4.576291962982571}, "Final E(HF)": {"Final E(HF)": -2636.0840757179694}, "filename": "json_logs/10_3v5i9z25dr.json", "finish_time": {"time": "Fri Feb 24 11:30:11 2023\n", "total_time": 22.885341883000002}, "start_time": {"time": "Fri Feb 24 11:29:48 2023\n"}, "title": "/scratch/kx58/jm0124/tempJsons/10_3v5i9z25dr.json", "total_energy": {"total_energy": -2640.966556261712}}