{"E(RIMP2 (OS))": {"E(RIMP2 (OS))": -3.5149488627375027}, "E(RIMP2 (SS))": {"E(RIMP2 (SS))": -1.35682840250344}, "E(RIMP2)": {"E(RIMP2)": -4.871777265240943}, "E(RIMP2) SOS": {"E(RIMP2) SOS": -4.569433521558754}, "Final E(HF)": {"Final E(HF)": -2636.0798000697187}, "filename": "json_logs/14_t5ik542ivr.json", "finish_time": {"time": "Fri Feb 24 11:30:03 2023\n", "total_time": 21.803726502000004}, "start_time": {"time": "Fri Feb 24 11:29:41 2023\n"}, "title": "/scratch/kx58/jm0124/tempJsons/14_t5ik542ivr.json", "total_energy": {"total_energy": -2640.95157733496}}