{"E(RIMP2 (OS))": {"E(RIMP2 (OS))": -3.5170593823895984}, "E(RIMP2 (SS))": {"E(RIMP2 (SS))": -1.358839064882944}, "E(RIMP2)": {"E(RIMP2)": -4.875898447272542}, "E(RIMP2) SOS": {"E(RIMP2) SOS": -4.572177197106478}, "Final E(HF)": {"Final E(HF)": -2636.075459197559}, "filename": "json_logs/7_k2xj3qa7r5.json", "finish_time": {"time": "Fri Feb 24 11:30:32 2023\n", "total_time": 22.194491945000003}, "start_time": {"time": "Fri Feb 24 11:30:10 2023\n"}, "title": "/scratch/kx58/jm0124/tempJsons/7_k2xj3qa7r5.json", "total_energy": {"total_energy": -2640.9513576448317}}