{"E(RIMP2 (OS))": {"E(RIMP2 (OS))": -3.5172540180930563}, "E(RIMP2 (SS))": {"E(RIMP2 (SS))": -1.3592060865422058}, "E(RIMP2)": {"E(RIMP2)": -4.876460104635262}, "E(RIMP2) SOS": {"E(RIMP2) SOS": -4.572430223520973}, "Final E(HF)": {"Final E(HF)": -2636.07461538346}, "filename": "json_logs/13_rjd9oxyoax.json", "finish_time": {"time": "Fri Feb 24 11:30:07 2023\n", "total_time": 21.981858264}, "start_time": {"time": "Fri Feb 24 11:29:45 2023\n"}, "title": "/scratch/kx58/jm0124/tempJsons/13_rjd9oxyoax.json", "total_energy": {"total_energy": -2640.951075488095}}