{"E(RIMP2 (OS))": {"E(RIMP2 (OS))": -3.516776664343185}, "E(RIMP2 (SS))": {"E(RIMP2 (SS))": -1.358292268586201}, "E(RIMP2)": {"E(RIMP2)": -4.875068932929386}, "E(RIMP2) SOS": {"E(RIMP2) SOS": -4.571809663646141}, "Final E(HF)": {"Final E(HF)": -2636.075274782085}, "filename": "json_logs/9_eygnllhhbo.json", "finish_time": {"time": "Fri Feb 24 11:30:25 2023\n", "total_time": 20.025339206}, "start_time": {"time": "Fri Feb 24 11:30:06 2023\n"}, "title": "/scratch/kx58/jm0124/tempJsons/9_eygnllhhbo.json", "total_energy": {"total_energy": -2640.9503437150147}}