{"E(RIMP2 (OS))": {"E(RIMP2 (OS))": -3.5187529824319865}, "E(RIMP2 (SS))": {"E(RIMP2 (SS))": -1.360044540971834}, "E(RIMP2)": {"E(RIMP2)": -4.87879752340382}, "E(RIMP2) SOS": {"E(RIMP2) SOS": -4.574378877161583}, "Final E(HF)": {"Final E(HF)": -2636.0711411300927}, "filename": "json_logs/ANP-ngpus4-2-0.0_2j4msazdog.json", "finish_time": {"time": "Fri Feb 24 11:28:06 2023\n", "total_time": 22.365769979}, "start_time": {"time": "Fri Feb 24 11:27:44 2023\n"}, "title": "/scratch/kx58/jm0124/tempJsons/ANP-ngpus4-2-0.0_2j4msazdog.json", "total_energy": {"total_energy": -2640.9499386534967}}