{"E(RIMP2 (OS))": {"E(RIMP2 (OS))": -3.5119114508743974}, "E(RIMP2 (SS))": {"E(RIMP2 (SS))": -1.3549606349796972}, "E(RIMP2)": {"E(RIMP2)": -4.866872085854094}, "E(RIMP2) SOS": {"E(RIMP2) SOS": -4.5654848861367165}, "Final E(HF)": {"Final E(HF)": -2636.081909477268}, "filename": "json_logs/34_8w5w2p5xsm.json", "finish_time": {"time": "Fri Feb 24 11:29:39 2023\n", "total_time": 17.524009671}, "start_time": {"time": "Fri Feb 24 11:29:21 2023\n"}, "title": "/scratch/kx58/jm0124/tempJsons/34_8w5w2p5xsm.json", "total_energy": {"total_energy": -2640.948781563122}}