{"E(RIMP2 (OS))": {"E(RIMP2 (OS))": -3.5172491891224897}, "E(RIMP2 (SS))": {"E(RIMP2 (SS))": -1.3586174640385464}, "E(RIMP2)": {"E(RIMP2)": -4.875866653161037}, "E(RIMP2) SOS": {"E(RIMP2) SOS": -4.572423945859237}, "Final E(HF)": {"Final E(HF)": -2636.0726574647633}, "filename": "json_logs/20_4ddh4l80kj.json", "finish_time": {"time": "Fri Feb 24 11:29:44 2023\n", "total_time": 21.231732675}, "start_time": {"time": "Fri Feb 24 11:29:23 2023\n"}, "title": "/scratch/kx58/jm0124/tempJsons/20_4ddh4l80kj.json", "total_energy": {"total_energy": -2640.9485241179245}}