{"E(RIMP2 (OS))": {"E(RIMP2 (OS))": -3.511036735105224}, "E(RIMP2 (SS))": {"E(RIMP2 (SS))": -1.3531205770747292}, "E(RIMP2)": {"E(RIMP2)": -4.8641573121799535}, "E(RIMP2) SOS": {"E(RIMP2) SOS": -4.564347755636791}, "Final E(HF)": {"Final E(HF)": -2636.082123158307}, "filename": "json_logs/5_z83n56k3va.json", "finish_time": {"time": "Fri Feb 24 11:30:35 2023\n", "total_time": 22.364015677}, "start_time": {"time": "Fri Feb 24 11:30:13 2023\n"}, "title": "/scratch/kx58/jm0124/tempJsons/5_z83n56k3va.json", "total_energy": {"total_energy": -2640.9462804704867}}