{"E(RIMP2 (OS))": {"E(RIMP2 (OS))": -3.5144012104476143}, "E(RIMP2 (SS))": {"E(RIMP2 (SS))": -1.3562484452848749}, "E(RIMP2)": {"E(RIMP2)": -4.870649655732489}, "E(RIMP2) SOS": {"E(RIMP2) SOS": -4.5687215735818985}, "Final E(HF)": {"Final E(HF)": -2636.073608024014}, "filename": "json_logs/4_0qj2jspbtx.json", "finish_time": {"time": "Fri Feb 24 11:30:46 2023\n", "total_time": 18.671227084999998}, "start_time": {"time": "Fri Feb 24 11:30:28 2023\n"}, "title": "/scratch/kx58/jm0124/tempJsons/4_0qj2jspbtx.json", "total_energy": {"total_energy": -2640.9442576797464}}