{"E(RIMP2 (OS))": {"E(RIMP2 (OS))": -3.518201948687266}, "E(RIMP2 (SS))": {"E(RIMP2 (SS))": -1.3588877644088109}, "E(RIMP2)": {"E(RIMP2)": -4.877089713096077}, "E(RIMP2) SOS": {"E(RIMP2) SOS": -4.5736625332934455}, "Final E(HF)": {"Final E(HF)": -2636.066889231255}, "filename": "json_logs/43_3spx63uu1j.json", "finish_time": {"time": "Fri Feb 24 11:29:18 2023\n", "total_time": 21.279518714}, "start_time": {"time": "Fri Feb 24 11:28:57 2023\n"}, "title": "/scratch/kx58/jm0124/tempJsons/43_3spx63uu1j.json", "total_energy": {"total_energy": -2640.9439789443513}}