{"E(RIMP2 (OS))": {"E(RIMP2 (OS))": -3.517930249670921}, "E(RIMP2 (SS))": {"E(RIMP2 (SS))": -1.359876786767706}, "E(RIMP2)": {"E(RIMP2)": -4.877807036438627}, "E(RIMP2) SOS": {"E(RIMP2) SOS": -4.573309324572198}, "Final E(HF)": {"Final E(HF)": -2636.083051076912}, "filename": "json_logs/ANP-ngpus4-2-90.0_j8yywbfvgt.json", "finish_time": {"time": "Fri Feb 24 11:28:07 2023\n", "total_time": 22.939371763}, "start_time": {"time": "Fri Feb 24 11:27:44 2023\n"}, "title": "/scratch/kx58/jm0124/tempJsons/ANP-ngpus4-2-90.0_j8yywbfvgt.json", "total_energy": {"total_energy": -2640.9608581133507}}