{"E(RIMP2 (OS))": {"E(RIMP2 (OS))": -3.530102535983}, "E(RIMP2 (SS))": {"E(RIMP2 (SS))": -1.3684278340795586}, "E(RIMP2)": {"E(RIMP2)": -4.898530370062558}, "E(RIMP2) SOS": {"E(RIMP2) SOS": -4.5891332967779}, "Final E(HF)": {"Final E(HF)": -2636.0629708184797}, "filename": "json_logs/39_8db0ywtwh6.json", "finish_time": {"time": "Fri Feb 24 11:29:24 2023\n", "total_time": 22.983894136}, "start_time": {"time": "Fri Feb 24 11:29:01 2023\n"}, "title": "/scratch/kx58/jm0124/tempJsons/39_8db0ywtwh6.json", "total_energy": {"total_energy": -2640.9615011885426}}