{"E(RIMP2 (OS))": {"E(RIMP2 (OS))": -3.517016696700601}, "E(RIMP2 (SS))": {"E(RIMP2 (SS))": -1.3598462145055976}, "E(RIMP2)": {"E(RIMP2)": -4.8768629112061985}, "E(RIMP2) SOS": {"E(RIMP2) SOS": -4.5721217057107815}, "Final E(HF)": {"Final E(HF)": -2636.0815037192633}, "filename": "json_logs/54_tsvy05nbzh.json", "finish_time": {"time": "Fri Feb 24 11:28:32 2023\n", "total_time": 20.869762411}, "start_time": {"time": "Fri Feb 24 11:28:11 2023\n"}, "title": "/scratch/kx58/jm0124/tempJsons/54_tsvy05nbzh.json", "total_energy": {"total_energy": -2640.9583666304693}}