{"E(RIMP2 (OS))": {"E(RIMP2 (OS))": -3.5229015063026026}, "E(RIMP2 (SS))": {"E(RIMP2 (SS))": -1.3644783870882344}, "E(RIMP2)": {"E(RIMP2)": -4.887379893390837}, "E(RIMP2) SOS": {"E(RIMP2) SOS": -4.579771958193383}, "Final E(HF)": {"Final E(HF)": -2636.0681869037016}, "filename": "json_logs/8_0h9h0p774l.json", "finish_time": {"time": "Fri Feb 24 11:30:29 2023\n", "total_time": 20.038600966}, "start_time": {"time": "Fri Feb 24 11:30:09 2023\n"}, "title": "/scratch/kx58/jm0124/tempJsons/8_0h9h0p774l.json", "total_energy": {"total_energy": -2640.9555667970926}}