{"E(RIMP2 (OS))": {"E(RIMP2 (OS))": -3.518796093561295}, "E(RIMP2 (SS))": {"E(RIMP2 (SS))": -1.3613991912514312}, "E(RIMP2)": {"E(RIMP2)": -4.880195284812727}, "E(RIMP2) SOS": {"E(RIMP2) SOS": -4.574434921629684}, "Final E(HF)": {"Final E(HF)": -2636.074411038686}, "filename": "json_logs/3_di46wao8h4.json", "finish_time": {"time": "Fri Feb 24 11:30:52 2023\n", "total_time": 20.707074142000003}, "start_time": {"time": "Fri Feb 24 11:30:32 2023\n"}, "title": "/scratch/kx58/jm0124/tempJsons/3_di46wao8h4.json", "total_energy": {"total_energy": -2640.954606323499}}