{"E(RIMP2 (OS))": {"E(RIMP2 (OS))": -3.5119435013542035}, "E(RIMP2 (SS))": {"E(RIMP2 (SS))": -1.3554523576958108}, "E(RIMP2)": {"E(RIMP2)": -4.867395859050014}, "E(RIMP2) SOS": {"E(RIMP2) SOS": -4.565526551760465}, "Final E(HF)": {"Final E(HF)": -2636.08664355605}, "filename": "json_logs/ANP-ngpus4-2-180.0_0dlfq9knmc.json", "finish_time": {"time": "Fri Feb 24 11:28:08 2023\n", "total_time": 23.753135626}, "start_time": {"time": "Fri Feb 24 11:27:44 2023\n"}, "title": "/scratch/kx58/jm0124/tempJsons/ANP-ngpus4-2-180.0_0dlfq9knmc.json", "total_energy": {"total_energy": -2640.9540394151004}}