{"E(RIMP2 (OS))": {"E(RIMP2 (OS))": -3.5174457577199902}, "E(RIMP2 (SS))": {"E(RIMP2 (SS))": -1.3584053375642948}, "E(RIMP2)": {"E(RIMP2)": -4.875851095284285}, "E(RIMP2) SOS": {"E(RIMP2) SOS": -4.572679485035987}, "Final E(HF)": {"Final E(HF)": -2636.078641176865}, "filename": "json_logs/40_z2ll34mn2w.json", "finish_time": {"time": "Fri Feb 24 11:29:18 2023\n", "total_time": 19.451427843}, "start_time": {"time": "Fri Feb 24 11:28:59 2023\n"}, "title": "/scratch/kx58/jm0124/tempJsons/40_z2ll34mn2w.json", "total_energy": {"total_energy": -2640.9544922721493}}