{"E(RIMP2 (OS))": {"E(RIMP2 (OS))": -3.513106370988097}, "E(RIMP2 (SS))": {"E(RIMP2 (SS))": -1.3560208940316354}, "E(RIMP2)": {"E(RIMP2)": -4.869127265019733}, "E(RIMP2) SOS": {"E(RIMP2) SOS": -4.567038282284527}, "Final E(HF)": {"Final E(HF)": -2636.083889500474}, "filename": "json_logs/12_25sf28lrlu.json", "finish_time": {"time": "Fri Feb 24 11:30:07 2023\n", "total_time": 18.820315332}, "start_time": {"time": "Fri Feb 24 11:29:48 2023\n"}, "title": "/scratch/kx58/jm0124/tempJsons/12_25sf28lrlu.json", "total_energy": {"total_energy": -2640.953016765494}}