{"E(RIMP2 (OS))": {"E(RIMP2 (OS))": -3.5166125494358482}, "E(RIMP2 (SS))": {"E(RIMP2 (SS))": -1.3585588172924286}, "E(RIMP2)": {"E(RIMP2)": -4.875171366728277}, "E(RIMP2) SOS": {"E(RIMP2) SOS": -4.5715963142666025}, "Final E(HF)": {"Final E(HF)": -2636.0778238120383}, "filename": "json_logs/48_pazg5yn58o.json", "finish_time": {"time": "Fri Feb 24 11:28:57 2023\n", "total_time": 22.525898741000002}, "start_time": {"time": "Fri Feb 24 11:28:35 2023\n"}, "title": "/scratch/kx58/jm0124/tempJsons/48_pazg5yn58o.json", "total_energy": {"total_energy": -2640.9529951787663}}