{"E(RIMP2 (OS))": {"E(RIMP2 (OS))": -1.623208641425926}, "E(RIMP2 (SS))": {"E(RIMP2 (SS))": -0.487867356720099}, "E(RIMP2)": {"E(RIMP2)": -2.111075998146025}, "E(RIMP2) SOS": {"E(RIMP2) SOS": -2.1101712338537038}, "Final E(HF)": {"Final E(HF)": -547.6692824008944}, "filename": "json_logs/F14f###o0###.json", "finish_time": {"time": "Mon Feb  6 12:39:06 2023\n", "total_time": 16.416669533}, "start_time": {"time": "Mon Feb  6 12:38:49 2023\n"}, "title": "/scratch/kx58/jm0124/tempJsons/F14f###o0###.json", "total_energy": {"total_energy": -549.7803583990404}}