{"E(RIMP2 (OS))": {"E(RIMP2 (OS))": -1.6181234426030964}, "E(RIMP2 (SS))": {"E(RIMP2 (SS))": -0.48399050444218905}, "E(RIMP2)": {"E(RIMP2)": -2.1021139470452854}, "E(RIMP2) SOS": {"E(RIMP2) SOS": -2.1035604753840254}, "Final E(HF)": {"Final E(HF)": -547.6836445543844}, "filename": "json_logs/F14f###o1###.json", "finish_time": {"time": "Mon Feb  6 12:39:02 2023\n", "total_time": 12.711151555}, "start_time": {"time": "Mon Feb  6 12:38:49 2023\n"}, "title": "/scratch/kx58/jm0124/tempJsons/F14f###o1###.json", "total_energy": {"total_energy": -549.7857585014297}}