{"E(RIMP2 (OS))": {"E(RIMP2 (OS))": -0.46972257828650804}, "E(RIMP2 (SS))": {"E(RIMP2 (SS))": -0.09870165589317516}, "E(RIMP2)": {"E(RIMP2)": -0.5684242341796832}, "E(RIMP2) SOS": {"E(RIMP2) SOS": -0.6106393517724604}, "Final E(HF)": {"Final E(HF)": -1451.6320514981123}, "filename": "json_logs/SI5H12_1###o0###.json", "finish_time": {"time": "Sat Feb  4 09:47:39 2023\n", "total_time": 24.397595217}, "start_time": {"time": "Sat Feb  4 09:47:15 2023\n"}, "title": "/scratch/kx58/jm0124/tempJsons/SI5H12_1###o0###.json", "total_energy": {"total_energy": -1452.200475732292}}