{"E(RIMP2 (OS))": {"E(RIMP2 (OS))": -0.469186973592735}, "E(RIMP2 (SS))": {"E(RIMP2 (SS))": -0.09828593985761286}, "E(RIMP2)": {"E(RIMP2)": -0.5674729134503478}, "E(RIMP2) SOS": {"E(RIMP2) SOS": -0.6099430656705555}, "Final E(HF)": {"Final E(HF)": -1451.6329009863261}, "filename": "json_logs/SI5H12_1###o1###.json", "finish_time": {"time": "Sat Feb  4 09:47:38 2023\n", "total_time": 22.641737582999998}, "start_time": {"time": "Sat Feb  4 09:47:15 2023\n"}, "title": "/scratch/kx58/jm0124/tempJsons/SI5H12_1###o1###.json", "total_energy": {"total_energy": -1452.2003738997764}}