{"E(RIMP2 (OS))": {"E(RIMP2 (OS))": -0.46997765604924396}, "E(RIMP2 (SS))": {"E(RIMP2 (SS))": -0.098701045941732}, "E(RIMP2)": {"E(RIMP2)": -0.5686787019909759}, "E(RIMP2) SOS": {"E(RIMP2) SOS": -0.6109709528640171}, "Final E(HF)": {"Final E(HF)": -1451.6300309186283}, "filename": "json_logs/SI5H12_1###o2###.json", "finish_time": {"time": "Sat Feb  4 09:47:39 2023\n", "total_time": 24.222801678}, "start_time": {"time": "Sat Feb  4 09:47:15 2023\n"}, "title": "/scratch/kx58/jm0124/tempJsons/SI5H12_1###o2###.json", "total_energy": {"total_energy": -1452.1987096206192}}