{"E(RIMP2 (OS))": {"E(RIMP2 (OS))": -0.47057728375653574}, "E(RIMP2 (SS))": {"E(RIMP2 (SS))": -0.09885221593063202}, "E(RIMP2)": {"E(RIMP2)": -0.5694294996871677}, "E(RIMP2) SOS": {"E(RIMP2) SOS": -0.6117504688834965}, "Final E(HF)": {"Final E(HF)": -1451.624710275384}, "filename": "json_logs/SI5H12_1###o3###.json", "finish_time": {"time": "Sat Feb  4 09:47:38 2023\n", "total_time": 23.400769019}, "start_time": {"time": "Sat Feb  4 09:47:15 2023\n"}, "title": "/scratch/kx58/jm0124/tempJsons/SI5H12_1###o3###.json", "total_energy": {"total_energy": -1452.194139775071}}