{"E(RIMP2 (OS))": {"E(RIMP2 (OS))": -7.1926200657842125}, "E(RIMP2 (SS))": {"E(RIMP2 (SS))": -2.766606946178396}, "E(RIMP2)": {"E(RIMP2)": -9.959227011962609}, "E(RIMP2) SOS": {"E(RIMP2) SOS": -9.350406085519477}, "Final E(HF)": {"Final E(HF)": -4370.696915789349}, "filename": "json_logs/51_n0ix61309x.json", "finish_time": {"time": "Thu Mar  2 18:45:30 2023\n", "total_time": 98.82146539700001}, "start_time": {"time": "Thu Mar  2 18:43:52 2023\n"}, "title": "/scratch/kx58/jm0124/tempJsons/51_n0ix61309x.json", "total_energy": {"total_energy": -4380.656142801312}}