{"E(RIMP2 (OS))": {"E(RIMP2 (OS))": -7.1853355343811245}, "E(RIMP2 (SS))": {"E(RIMP2 (SS))": -2.7596867340175724}, "E(RIMP2)": {"E(RIMP2)": -9.945022268398697}, "E(RIMP2) SOS": {"E(RIMP2) SOS": -9.340936194695463}, "Final E(HF)": {"Final E(HF)": -4370.692138921115}, "filename": "json_logs/43_rwrdjletsq.json", "finish_time": {"time": "Sat Mar  4 06:01:50 2023\n", "total_time": 93.868829463}, "start_time": {"time": "Sat Mar  4 06:00:16 2023\n"}, "title": "/scratch/kx58/jm0124/tempJsons/43_rwrdjletsq.json", "total_energy": {"total_energy": -4380.637161189513}}