{"E(RIMP2 (OS))": {"E(RIMP2 (OS))": -7.168767008344323}, "E(RIMP2 (SS))": {"E(RIMP2 (SS))": -2.7458638227197056}, "E(RIMP2)": {"E(RIMP2)": -9.914630831064029}, "E(RIMP2) SOS": {"E(RIMP2) SOS": -9.319397110847621}, "Final E(HF)": {"Final E(HF)": -4370.704811356685}, "filename": "json_logs/43_mjfl7p3kxz.json", "finish_time": {"time": "Thu Mar  2 17:07:12 2023\n", "total_time": 88.509378978}, "start_time": {"time": "Thu Mar  2 17:05:44 2023\n"}, "title": "/scratch/kx58/jm0124/tempJsons/43_mjfl7p3kxz.json", "total_energy": {"total_energy": -4380.61944218775}}