{"E(RIMP2 (OS))": {"E(RIMP2 (OS))": -7.170959161666478}, "E(RIMP2 (SS))": {"E(RIMP2 (SS))": -2.748945165294782}, "E(RIMP2)": {"E(RIMP2)": -9.91990432696126}, "E(RIMP2) SOS": {"E(RIMP2) SOS": -9.322246910166422}, "Final E(HF)": {"Final E(HF)": -4370.69758567952}, "filename": "json_logs/43_41c50fw5b9.json", "finish_time": {"time": "Sat Mar  4 05:17:03 2023\n", "total_time": 87.85007986100001}, "start_time": {"time": "Sat Mar  4 05:15:36 2023\n"}, "title": "/scratch/kx58/jm0124/tempJsons/43_41c50fw5b9.json", "total_energy": {"total_energy": -4380.617490006481}}