{"E(RIMP2 (OS))": {"E(RIMP2 (OS))": -7.17991925036643}, "E(RIMP2 (SS))": {"E(RIMP2 (SS))": -2.754707263290432}, "E(RIMP2)": {"E(RIMP2)": -9.934626513656863}, "E(RIMP2) SOS": {"E(RIMP2) SOS": -9.333895025476359}, "Final E(HF)": {"Final E(HF)": -4370.683199360075}, "filename": "json_logs/56_6qawo88a6a.json", "finish_time": {"time": "Sat Mar  4 08:35:42 2023\n", "total_time": 93.38974640400001}, "start_time": {"time": "Sat Mar  4 08:34:08 2023\n"}, "title": "/scratch/kx58/jm0124/tempJsons/56_6qawo88a6a.json", "total_energy": {"total_energy": -4380.617825873733}}