{"E(RIMP2 (OS))": {"E(RIMP2 (OS))": -7.171459766086378}, "E(RIMP2 (SS))": {"E(RIMP2 (SS))": -2.749241088569078}, "E(RIMP2)": {"E(RIMP2)": -9.920700854655456}, "E(RIMP2) SOS": {"E(RIMP2) SOS": -9.322897695912292}, "Final E(HF)": {"Final E(HF)": -4370.698095339489}, "filename": "json_logs/75_7fj8znxf7p.json", "finish_time": {"time": "Thu Mar  2 19:12:03 2023\n", "total_time": 72.641296664}, "start_time": {"time": "Thu Mar  2 19:10:50 2023\n"}, "title": "/scratch/kx58/jm0124/tempJsons/75_7fj8znxf7p.json", "total_energy": {"total_energy": -4380.618796194144}}