{"E(RIMP2 (OS))": {"E(RIMP2 (OS))": -7.1796515533439536}, "E(RIMP2 (SS))": {"E(RIMP2 (SS))": -2.755327448833267}, "E(RIMP2)": {"E(RIMP2)": -9.93497900217722}, "E(RIMP2) SOS": {"E(RIMP2) SOS": -9.33354701934714}, "Final E(HF)": {"Final E(HF)": -4370.68212920254}, "filename": "json_logs/43_f6txvav4mt.json", "finish_time": {"time": "Sat Mar  4 05:47:47 2023\n", "total_time": 95.74237816}, "start_time": {"time": "Sat Mar  4 05:46:11 2023\n"}, "title": "/scratch/kx58/jm0124/tempJsons/43_f6txvav4mt.json", "total_energy": {"total_energy": -4380.617108204718}}