{"E(RIMP2 (OS))": {"E(RIMP2 (OS))": -7.170959161663024}, "E(RIMP2 (SS))": {"E(RIMP2 (SS))": -2.748945165292842}, "E(RIMP2)": {"E(RIMP2)": -9.919904326955866}, "E(RIMP2) SOS": {"E(RIMP2) SOS": -9.322246910161931}, "Final E(HF)": {"Final E(HF)": -4370.697585679483}, "filename": "json_logs/43_9opxwui80d.json", "finish_time": {"time": "Thu Mar  2 17:25:57 2023\n", "total_time": 87.37926160100001}, "start_time": {"time": "Thu Mar  2 17:24:30 2023\n"}, "title": "/scratch/kx58/jm0124/tempJsons/43_9opxwui80d.json", "total_energy": {"total_energy": -4380.617490006439}}