{"E(RIMP2 (OS))": {"E(RIMP2 (OS))": -7.190060591332132}, "E(RIMP2 (SS))": {"E(RIMP2 (SS))": -2.7629409682770083}, "E(RIMP2)": {"E(RIMP2)": -9.95300155960914}, "E(RIMP2) SOS": {"E(RIMP2) SOS": -9.347078768731771}, "Final E(HF)": {"Final E(HF)": -4370.6644212672545}, "filename": "json_logs/51_k7xx6x827w.json", "finish_time": {"time": "Sat Mar  4 06:58:08 2023\n", "total_time": 94.75782048100001}, "start_time": {"time": "Sat Mar  4 06:56:34 2023\n"}, "title": "/scratch/kx58/jm0124/tempJsons/51_k7xx6x827w.json", "total_energy": {"total_energy": -4380.617422826864}}