{"E(RIMP2 (OS))": {"E(RIMP2 (OS))": -7.185463767530033}, "E(RIMP2 (SS))": {"E(RIMP2 (SS))": -2.757585450732079}, "E(RIMP2)": {"E(RIMP2)": -9.94304921826211}, "E(RIMP2) SOS": {"E(RIMP2) SOS": -9.341102897789042}, "Final E(HF)": {"Final E(HF)": -4370.676546556968}, "filename": "json_logs/32_xe2fyzmncu.json", "finish_time": {"time": "Thu Mar  2 19:13:39 2023\n", "total_time": 94.497778643}, "start_time": {"time": "Thu Mar  2 19:12:05 2023\n"}, "title": "/scratch/kx58/jm0124/tempJsons/32_xe2fyzmncu.json", "total_energy": {"total_energy": -4380.61959577523}}