{"E(RIMP2 (OS))": {"E(RIMP2 (OS))": -7.173536542262933}, "E(RIMP2 (SS))": {"E(RIMP2 (SS))": -2.7491880202358727}, "E(RIMP2)": {"E(RIMP2)": -9.922724562498805}, "E(RIMP2) SOS": {"E(RIMP2) SOS": -9.325597504941813}, "Final E(HF)": {"Final E(HF)": -4370.694288878478}, "filename": "json_logs/63_dy79ogpc0a.json", "finish_time": {"time": "Thu Mar  2 17:32:48 2023\n", "total_time": 89.513849956}, "start_time": {"time": "Thu Mar  2 17:31:19 2023\n"}, "title": "/scratch/kx58/jm0124/tempJsons/63_dy79ogpc0a.json", "total_energy": {"total_energy": -4380.617013440977}}