{"E(RIMP2 (OS))": {"E(RIMP2 (OS))": -7.174933439638296}, "E(RIMP2 (SS))": {"E(RIMP2 (SS))": -2.751576933272411}, "E(RIMP2)": {"E(RIMP2)": -9.926510372910707}, "E(RIMP2) SOS": {"E(RIMP2) SOS": -9.327413471529784}, "Final E(HF)": {"Final E(HF)": -4370.689704143375}, "filename": "json_logs/56_m6117v3w78.json", "finish_time": {"time": "Sat Mar  4 07:38:45 2023\n", "total_time": 89.076120789}, "start_time": {"time": "Sat Mar  4 07:37:16 2023\n"}, "title": "/scratch/kx58/jm0124/tempJsons/56_m6117v3w78.json", "total_energy": {"total_energy": -4380.616214516285}}