{"E(RIMP2 (OS))": {"E(RIMP2 (OS))": -7.181859087131751}, "E(RIMP2 (SS))": {"E(RIMP2 (SS))": -2.753940348357593}, "E(RIMP2)": {"E(RIMP2)": -9.935799435489344}, "E(RIMP2) SOS": {"E(RIMP2) SOS": -9.336416813271276}, "Final E(HF)": {"Final E(HF)": -4370.681983804303}, "filename": "json_logs/63_56ut46nsnl.json", "finish_time": {"time": "Thu Mar  2 17:55:19 2023\n", "total_time": 90.378184418}, "start_time": {"time": "Thu Mar  2 17:53:48 2023\n"}, "title": "/scratch/kx58/jm0124/tempJsons/63_56ut46nsnl.json", "total_energy": {"total_energy": -4380.6177832397925}}