{"E(RIMP2 (OS))": {"E(RIMP2 (OS))": -7.1826146002260804}, "E(RIMP2 (SS))": {"E(RIMP2 (SS))": -2.7579011744640067}, "E(RIMP2)": {"E(RIMP2)": -9.940515774690088}, "E(RIMP2) SOS": {"E(RIMP2) SOS": -9.337398980293905}, "Final E(HF)": {"Final E(HF)": -4370.675648235254}, "filename": "json_logs/56_jikbxu4n0w.json", "finish_time": {"time": "Sat Mar  4 07:35:51 2023\n", "total_time": 98.46937466600001}, "start_time": {"time": "Sat Mar  4 07:34:13 2023\n"}, "title": "/scratch/kx58/jm0124/tempJsons/56_jikbxu4n0w.json", "total_energy": {"total_energy": -4380.6161640099435}}