{"E(RIMP2 (OS))": {"E(RIMP2 (OS))": -7.177057649323692}, "E(RIMP2 (SS))": {"E(RIMP2 (SS))": -2.7507584000405623}, "E(RIMP2)": {"E(RIMP2)": -9.927816049364255}, "E(RIMP2) SOS": {"E(RIMP2) SOS": -9.3301749441208}, "Final E(HF)": {"Final E(HF)": -4370.6892032982505}, "filename": "json_logs/75_ibwnsins5f.json", "finish_time": {"time": "Sat Mar  4 09:12:02 2023\n", "total_time": 95.77766895500001}, "start_time": {"time": "Sat Mar  4 09:10:27 2023\n"}, "title": "/scratch/kx58/jm0124/tempJsons/75_ibwnsins5f.json", "total_energy": {"total_energy": -4380.617019347615}}