{"E(RIMP2 (OS))": {"E(RIMP2 (OS))": -7.164509067960316}, "E(RIMP2 (SS))": {"E(RIMP2 (SS))": -2.741837025905013}, "E(RIMP2)": {"E(RIMP2)": -9.906346093865329}, "E(RIMP2) SOS": {"E(RIMP2) SOS": -9.313861788348412}, "Final E(HF)": {"Final E(HF)": -4370.708886027545}, "filename": "json_logs/7_81nuc3oa0k.json", "finish_time": {"time": "Thu Mar  2 17:11:33 2023\n", "total_time": 85.01953718}, "start_time": {"time": "Thu Mar  2 17:10:08 2023\n"}, "title": "/scratch/kx58/jm0124/tempJsons/7_81nuc3oa0k.json", "total_energy": {"total_energy": -4380.61523212141}}