{"E(RIMP2 (OS))": {"E(RIMP2 (OS))": -7.191081023973353}, "E(RIMP2 (SS))": {"E(RIMP2 (SS))": -2.7650271358637113}, "E(RIMP2)": {"E(RIMP2)": -9.956108159837065}, "E(RIMP2) SOS": {"E(RIMP2) SOS": -9.34840533116536}, "Final E(HF)": {"Final E(HF)": -4370.658640564017}, "filename": "json_logs/37_uatjhbzdcb.json", "finish_time": {"time": "Thu Mar  2 17:30:44 2023\n", "total_time": 94.603347048}, "start_time": {"time": "Thu Mar  2 17:29:10 2023\n"}, "title": "/scratch/kx58/jm0124/tempJsons/37_uatjhbzdcb.json", "total_energy": {"total_energy": -4380.614748723854}}