{"E(RIMP2 (OS))": {"E(RIMP2 (OS))": -7.18798765546333}, "E(RIMP2 (SS))": {"E(RIMP2 (SS))": -2.7602058254973807}, "E(RIMP2)": {"E(RIMP2)": -9.948193480960711}, "E(RIMP2) SOS": {"E(RIMP2) SOS": -9.34438395210233}, "Final E(HF)": {"Final E(HF)": -4370.668397437659}, "filename": "json_logs/36_mpfilexeyk.json", "finish_time": {"time": "Sat Mar  4 07:57:31 2023\n", "total_time": 78.26029592600001}, "start_time": {"time": "Sat Mar  4 07:56:13 2023\n"}, "title": "/scratch/kx58/jm0124/tempJsons/36_mpfilexeyk.json", "total_energy": {"total_energy": -4380.616590918619}}