{"E(RIMP2 (OS))": {"E(RIMP2 (OS))": -7.164509067960065}, "E(RIMP2 (SS))": {"E(RIMP2 (SS))": -2.741837025904579}, "E(RIMP2)": {"E(RIMP2)": -9.906346093864643}, "E(RIMP2) SOS": {"E(RIMP2) SOS": -9.313861788348085}, "Final E(HF)": {"Final E(HF)": -4370.708886027527}, "filename": "json_logs/7_zvkopoi1ju.json", "finish_time": {"time": "Sat Mar  4 05:02:38 2023\n", "total_time": 84.195354264}, "start_time": {"time": "Sat Mar  4 05:01:14 2023\n"}, "title": "/scratch/kx58/jm0124/tempJsons/7_zvkopoi1ju.json", "total_energy": {"total_energy": -4380.615232121392}}