{"E(RIMP2 (OS))": {"E(RIMP2 (OS))": -7.175363627956593}, "E(RIMP2 (SS))": {"E(RIMP2 (SS))": -2.752336685552102}, "E(RIMP2)": {"E(RIMP2)": -9.927700313508694}, "E(RIMP2) SOS": {"E(RIMP2) SOS": -9.327972716343572}, "Final E(HF)": {"Final E(HF)": -4370.680665035259}, "filename": "json_logs/75_cncv307r50.json", "finish_time": {"time": "Thu Mar  2 19:14:22 2023\n", "total_time": 94.13900446}, "start_time": {"time": "Thu Mar  2 19:12:48 2023\n"}, "title": "/scratch/kx58/jm0124/tempJsons/75_cncv307r50.json", "total_energy": {"total_energy": -4380.608365348768}}