{"E(RIMP2 (OS))": {"E(RIMP2 (OS))": -7.181014015138481}, "E(RIMP2 (SS))": {"E(RIMP2 (SS))": -2.7553386364347827}, "E(RIMP2)": {"E(RIMP2)": -9.936352651573264}, "E(RIMP2) SOS": {"E(RIMP2) SOS": -9.335318219680026}, "Final E(HF)": {"Final E(HF)": -4370.678956464657}, "filename": "json_logs/75_ourcmdf3uf.json", "finish_time": {"time": "Sat Mar  4 09:12:00 2023\n", "total_time": 94.10181584700001}, "start_time": {"time": "Sat Mar  4 09:10:27 2023\n"}, "title": "/scratch/kx58/jm0124/tempJsons/75_ourcmdf3uf.json", "total_energy": {"total_energy": -4380.6153091162305}}