{"E(RIMP2 (OS))": {"E(RIMP2 (OS))": -7.169979605475276}, "E(RIMP2 (SS))": {"E(RIMP2 (SS))": -2.746855150840121}, "E(RIMP2)": {"E(RIMP2)": -9.916834756315396}, "E(RIMP2) SOS": {"E(RIMP2) SOS": -9.32097348711786}, "Final E(HF)": {"Final E(HF)": -4370.690734763046}, "filename": "json_logs/28_0z8chmo9je.json", "finish_time": {"time": "Thu Mar  2 17:29:07 2023\n", "total_time": 91.743632025}, "start_time": {"time": "Thu Mar  2 17:27:36 2023\n"}, "title": "/scratch/kx58/jm0124/tempJsons/28_0z8chmo9je.json", "total_energy": {"total_energy": -4380.607569519361}}