{"E(RIMP2 (OS))": {"E(RIMP2 (OS))": -7.1771388945342505}, "E(RIMP2 (SS))": {"E(RIMP2 (SS))": -2.7532165398127937}, "E(RIMP2)": {"E(RIMP2)": -9.930355434347044}, "E(RIMP2) SOS": {"E(RIMP2) SOS": -9.330280562894526}, "Final E(HF)": {"Final E(HF)": -4370.705888202558}, "filename": "json_logs/75_798sfrjpc2.json", "finish_time": {"time": "Thu Mar  2 18:01:51 2023\n", "total_time": 93.5608893}, "start_time": {"time": "Thu Mar  2 18:00:18 2023\n"}, "title": "/scratch/kx58/jm0124/tempJsons/75_798sfrjpc2.json", "total_energy": {"total_energy": -4380.6362436369045}}