{"E(RIMP2 (OS))": {"E(RIMP2 (OS))": -7.1975950696729845}, "E(RIMP2 (SS))": {"E(RIMP2 (SS))": -2.7687578364862984}, "E(RIMP2)": {"E(RIMP2)": -9.966352906159283}, "E(RIMP2) SOS": {"E(RIMP2) SOS": -9.35687359057488}, "Final E(HF)": {"Final E(HF)": -4370.671253195147}, "filename": "json_logs/36_d2br4xfqzr.json", "finish_time": {"time": "Sat Mar  4 08:18:10 2023\n", "total_time": 106.135159361}, "start_time": {"time": "Sat Mar  4 08:16:24 2023\n"}, "title": "/scratch/kx58/jm0124/tempJsons/36_d2br4xfqzr.json", "total_energy": {"total_energy": -4380.637606101307}}