{"E(RIMP2 (OS))": {"E(RIMP2 (OS))": -7.170364801723647}, "E(RIMP2 (SS))": {"E(RIMP2 (SS))": -2.7463715979367014}, "E(RIMP2)": {"E(RIMP2)": -9.916736399660348}, "E(RIMP2) SOS": {"E(RIMP2) SOS": -9.321474242240742}, "Final E(HF)": {"Final E(HF)": -4370.709775616495}, "filename": "json_logs/1_78vb4keqam.json", "finish_time": {"time": "Sat Mar  4 05:23:25 2023\n", "total_time": 91.107583292}, "start_time": {"time": "Sat Mar  4 05:21:54 2023\n"}, "title": "/scratch/kx58/jm0124/tempJsons/1_78vb4keqam.json", "total_energy": {"total_energy": -4380.626512016155}}