{"E(RIMP2 (OS))": {"E(RIMP2 (OS))": -7.179910973667037}, "E(RIMP2 (SS))": {"E(RIMP2 (SS))": -2.7557060145028283}, "E(RIMP2)": {"E(RIMP2)": -9.935616988169865}, "E(RIMP2) SOS": {"E(RIMP2) SOS": -9.333884265767148}, "Final E(HF)": {"Final E(HF)": -4370.699383286163}, "filename": "json_logs/68_1kge5nthr7.json", "finish_time": {"time": "Thu Mar  2 17:46:14 2023\n", "total_time": 92.020248921}, "start_time": {"time": "Thu Mar  2 17:44:42 2023\n"}, "title": "/scratch/kx58/jm0124/tempJsons/68_1kge5nthr7.json", "total_energy": {"total_energy": -4380.635000274332}}