{"E(RIMP2 (OS))": {"E(RIMP2 (OS))": -7.18629487693281}, "E(RIMP2 (SS))": {"E(RIMP2 (SS))": -2.7605303071766265}, "E(RIMP2)": {"E(RIMP2)": -9.946825184109436}, "E(RIMP2) SOS": {"E(RIMP2) SOS": -9.342183340012653}, "Final E(HF)": {"Final E(HF)": -4370.679542436372}, "filename": "json_logs/32_jam7p0kpb0.json", "finish_time": {"time": "Sat Mar  4 07:41:51 2023\n", "total_time": 95.851836283}, "start_time": {"time": "Sat Mar  4 07:40:16 2023\n"}, "title": "/scratch/kx58/jm0124/tempJsons/32_jam7p0kpb0.json", "total_energy": {"total_energy": -4380.626367620482}}