{"E(RIMP2 (OS))": {"E(RIMP2 (OS))": -7.181191425437174}, "E(RIMP2 (SS))": {"E(RIMP2 (SS))": -2.7566465036876995}, "E(RIMP2)": {"E(RIMP2)": -9.937837929124873}, "E(RIMP2) SOS": {"E(RIMP2) SOS": -9.335548853068326}, "Final E(HF)": {"Final E(HF)": -4370.697185633493}, "filename": "json_logs/46_7hdnp571kq.json", "finish_time": {"time": "Thu Mar  2 17:53:29 2023\n", "total_time": 94.055906394}, "start_time": {"time": "Thu Mar  2 17:51:55 2023\n"}, "title": "/scratch/kx58/jm0124/tempJsons/46_7hdnp571kq.json", "total_energy": {"total_energy": -4380.635023562618}}