{"E(RIMP2 (OS))": {"E(RIMP2 (OS))": -7.190018632779333}, "E(RIMP2 (SS))": {"E(RIMP2 (SS))": -2.7639266491646244}, "E(RIMP2)": {"E(RIMP2)": -9.953945281943957}, "E(RIMP2) SOS": {"E(RIMP2) SOS": -9.347024222613133}, "Final E(HF)": {"Final E(HF)": -4370.676456635574}, "filename": "json_logs/62_hra5319bgk.json", "finish_time": {"time": "Thu Mar  2 19:12:28 2023\n", "total_time": 98.216764885}, "start_time": {"time": "Thu Mar  2 19:10:50 2023\n"}, "title": "/scratch/kx58/jm0124/tempJsons/62_hra5319bgk.json", "total_energy": {"total_energy": -4380.630401917518}}