{"E(RIMP2 (OS))": {"E(RIMP2 (OS))": -7.180500251892652}, "E(RIMP2 (SS))": {"E(RIMP2 (SS))": -2.7554832981834703}, "E(RIMP2)": {"E(RIMP2)": -9.935983550076122}, "E(RIMP2) SOS": {"E(RIMP2) SOS": -9.334650327460448}, "Final E(HF)": {"Final E(HF)": -4370.690286646628}, "filename": "json_logs/75_pht52uyolm.json", "finish_time": {"time": "Sat Mar  4 05:22:18 2023\n", "total_time": 90.76420157999999}, "start_time": {"time": "Sat Mar  4 05:20:47 2023\n"}, "title": "/scratch/kx58/jm0124/tempJsons/75_pht52uyolm.json", "total_energy": {"total_energy": -4380.626270196703}}