{"E(RIMP2 (OS))": {"E(RIMP2 (OS))": -7.188880610955033}, "E(RIMP2 (SS))": {"E(RIMP2 (SS))": -2.761067147380992}, "E(RIMP2)": {"E(RIMP2)": -9.949947758336025}, "E(RIMP2) SOS": {"E(RIMP2) SOS": -9.345544794241544}, "Final E(HF)": {"Final E(HF)": -4370.679118013619}, "filename": "json_logs/62_s6gfchjcuo.json", "finish_time": {"time": "Thu Mar  2 18:34:46 2023\n", "total_time": 96.278508475}, "start_time": {"time": "Thu Mar  2 18:33:10 2023\n"}, "title": "/scratch/kx58/jm0124/tempJsons/62_s6gfchjcuo.json", "total_energy": {"total_energy": -4380.629065771955}}