{"E(RIMP2 (OS))": {"E(RIMP2 (OS))": -7.184810372805424}, "E(RIMP2 (SS))": {"E(RIMP2 (SS))": -2.7576052934935706}, "E(RIMP2)": {"E(RIMP2)": -9.942415666298995}, "E(RIMP2) SOS": {"E(RIMP2) SOS": -9.34025348464705}, "Final E(HF)": {"Final E(HF)": -4370.678830292743}, "filename": "json_logs/75_nt23cml7vi.json", "finish_time": {"time": "Sat Mar  4 08:19:19 2023\n", "total_time": 93.17270345}, "start_time": {"time": "Sat Mar  4 08:17:46 2023\n"}, "title": "/scratch/kx58/jm0124/tempJsons/75_nt23cml7vi.json", "total_energy": {"total_energy": -4380.621245959042}}