{"E(RIMP2 (OS))": {"E(RIMP2 (OS))": -7.1703648017342}, "E(RIMP2 (SS))": {"E(RIMP2 (SS))": -2.746371597942851}, "E(RIMP2)": {"E(RIMP2)": -9.91673639967705}, "E(RIMP2) SOS": {"E(RIMP2) SOS": -9.32147424225446}, "Final E(HF)": {"Final E(HF)": -4370.709775616535}, "filename": "json_logs/1_f097yhoftg.json", "finish_time": {"time": "Thu Mar  2 17:32:18 2023\n", "total_time": 90.682978565}, "start_time": {"time": "Thu Mar  2 17:30:47 2023\n"}, "title": "/scratch/kx58/jm0124/tempJsons/1_f097yhoftg.json", "total_energy": {"total_energy": -4380.6265120162125}}