{"E(RIMP2 (OS))": {"E(RIMP2 (OS))": -7.173656813722998}, "E(RIMP2 (SS))": {"E(RIMP2 (SS))": -2.749495995898399}, "E(RIMP2)": {"E(RIMP2)": -9.923152809621396}, "E(RIMP2) SOS": {"E(RIMP2) SOS": -9.325753857839898}, "Final E(HF)": {"Final E(HF)": -4370.696857186231}, "filename": "json_logs/63_l53zburcvd.json", "finish_time": {"time": "Sat Mar  4 06:00:13 2023\n", "total_time": 87.971911268}, "start_time": {"time": "Sat Mar  4 05:58:46 2023\n"}, "title": "/scratch/kx58/jm0124/tempJsons/63_l53zburcvd.json", "total_energy": {"total_energy": -4380.620009995852}}