{"E(RIMP2 (OS))": {"E(RIMP2 (OS))": -7.180500251878093}, "E(RIMP2 (SS))": {"E(RIMP2 (SS))": -2.7554832981742168}, "E(RIMP2)": {"E(RIMP2)": -9.93598355005231}, "E(RIMP2) SOS": {"E(RIMP2) SOS": -9.334650327441521}, "Final E(HF)": {"Final E(HF)": -4370.6902866467735}, "filename": "json_logs/75_gvr3awm2ct.json", "finish_time": {"time": "Thu Mar  2 17:31:16 2023\n", "total_time": 91.849799984}, "start_time": {"time": "Thu Mar  2 17:29:45 2023\n"}, "title": "/scratch/kx58/jm0124/tempJsons/75_gvr3awm2ct.json", "total_energy": {"total_energy": -4380.626270196825}}