{"E(RIMP2 (OS))": {"E(RIMP2 (OS))": -7.168767008333716}, "E(RIMP2 (SS))": {"E(RIMP2 (SS))": -2.745863822713727}, "E(RIMP2)": {"E(RIMP2)": -9.914630831047443}, "E(RIMP2) SOS": {"E(RIMP2) SOS": -9.319397110833831}, "Final E(HF)": {"Final E(HF)": -4370.704811356696}, "filename": "json_logs/43_ilk5cscfyg.json", "finish_time": {"time": "Sat Mar  4 04:58:20 2023\n", "total_time": 88.892928545}, "start_time": {"time": "Sat Mar  4 04:56:51 2023\n"}, "title": "/scratch/kx58/jm0124/tempJsons/43_ilk5cscfyg.json", "total_energy": {"total_energy": -4380.6194421877435}}