{"E(RIMP2 (OS))": {"E(RIMP2 (OS))": -7.1872089647362065}, "E(RIMP2 (SS))": {"E(RIMP2 (SS))": -2.7614635999851007}, "E(RIMP2)": {"E(RIMP2)": -9.948672564721306}, "E(RIMP2) SOS": {"E(RIMP2) SOS": -9.34337165415707}, "Final E(HF)": {"Final E(HF)": -4370.670188850632}, "filename": "json_logs/56_gki422o28k.json", "finish_time": {"time": "Sat Mar  4 09:18:51 2023\n", "total_time": 94.47970089399999}, "start_time": {"time": "Sat Mar  4 09:17:17 2023\n"}, "title": "/scratch/kx58/jm0124/tempJsons/56_gki422o28k.json", "total_energy": {"total_energy": -4380.618861415353}}