{"E(RIMP2 (OS))": {"E(RIMP2 (OS))": -7.17660991867518}, "E(RIMP2 (SS))": {"E(RIMP2 (SS))": -2.7524753027185214}, "E(RIMP2)": {"E(RIMP2)": -9.929085221393702}, "E(RIMP2) SOS": {"E(RIMP2) SOS": -9.329592894277734}, "Final E(HF)": {"Final E(HF)": -4370.69676251047}, "filename": "json_logs/68_inetpe5noc.json", "finish_time": {"time": "Thu Mar  2 18:00:12 2023\n", "total_time": 99.52160750600001}, "start_time": {"time": "Thu Mar  2 17:58:32 2023\n"}, "title": "/scratch/kx58/jm0124/tempJsons/68_inetpe5noc.json", "total_energy": {"total_energy": -4380.625847731863}}