{"E(RIMP2 (OS))": {"E(RIMP2 (OS))": -7.177987956617596}, "E(RIMP2 (SS))": {"E(RIMP2 (SS))": -2.7507602538864964}, "E(RIMP2)": {"E(RIMP2)": -9.928748210504093}, "E(RIMP2) SOS": {"E(RIMP2) SOS": -9.331384343602874}, "Final E(HF)": {"Final E(HF)": -4370.693036275343}, "filename": "json_logs/32_609f7xz7k6.json", "finish_time": {"time": "Thu Mar  2 18:40:31 2023\n", "total_time": 92.836228227}, "start_time": {"time": "Thu Mar  2 18:38:59 2023\n"}, "title": "/scratch/kx58/jm0124/tempJsons/32_609f7xz7k6.json", "total_energy": {"total_energy": -4380.621784485847}}