{"E(RIMP2 (OS))": {"E(RIMP2 (OS))": -7.179955722428129}, "E(RIMP2 (SS))": {"E(RIMP2 (SS))": -2.7536534080684443}, "E(RIMP2)": {"E(RIMP2)": -9.933609130496574}, "E(RIMP2) SOS": {"E(RIMP2) SOS": -9.33394243915657}, "Final E(HF)": {"Final E(HF)": -4370.685626548615}, "filename": "json_logs/1_hwzia33c9u.json", "finish_time": {"time": "Sat Mar  4 06:27:40 2023\n", "total_time": 89.98474557200001}, "start_time": {"time": "Sat Mar  4 06:26:10 2023\n"}, "title": "/scratch/kx58/jm0124/tempJsons/1_hwzia33c9u.json", "total_energy": {"total_energy": -4380.619235679112}}