{"E(RIMP2 (OS))": {"E(RIMP2 (OS))": -1.0581415382063963}, "E(RIMP2 (SS))": {"E(RIMP2 (SS))": -0.36877427835726123}, "E(RIMP2)": {"E(RIMP2)": -1.4269158165636575}, "E(RIMP2) SOS": {"E(RIMP2) SOS": -1.3755839996683152}, "Final E(HF)": {"Final E(HF)": -453.86187851101204}, "filename": "json_logs/Y01Q33N6BN_qwt9u86cjl.json", "finish_time": {"time": "Tue Apr  4 08:49:33 2023\n", "total_time": 9.723582873}, "start_time": {"time": "Tue Apr  4 08:49:23 2023\n"}, "title": "/scratch/kx58/jm0124/tempJsons/Y01Q33N6BN_qwt9u86cjl.json", "total_energy": {"total_energy": -455.28879432757566}}