{"E(RIMP2 (OS))": {"E(RIMP2 (OS))": -1.0581369166317607}, "E(RIMP2 (SS))": {"E(RIMP2 (SS))": -0.36877279773188243}, "E(RIMP2)": {"E(RIMP2)": -1.4269097143636431}, "E(RIMP2) SOS": {"E(RIMP2) SOS": -1.375577991621289}, "Final E(HF)": {"Final E(HF)": -453.86186072733244}, "filename": "json_logs/Gjooko6cbwa.json", "finish_time": {"time": "Tue Apr  4 08:46:58 2023\n", "total_time": 12.195278884}, "start_time": {"time": "Tue Apr  4 08:46:46 2023\n"}, "title": "/scratch/kx58/jm0124/tempJsons/Gjooko6cbwa.json", "total_energy": {"total_energy": -455.2887704416961}}