{"E(RIMP2 (OS))": {"E(RIMP2 (OS))": -1.055367863248646}, "E(RIMP2 (SS))": {"E(RIMP2 (SS))": -0.3670264083008777}, "E(RIMP2)": {"E(RIMP2)": -1.4223942715495237}, "E(RIMP2) SOS": {"E(RIMP2) SOS": -1.37197822222324}, "Final E(HF)": {"Final E(HF)": -453.8635883136938}, "filename": "json_logs/JADQM617TH_87iuoniskd.json", "finish_time": {"time": "Tue Apr  4 09:08:58 2023\n", "total_time": 11.170366447000001}, "start_time": {"time": "Tue Apr  4 09:08:47 2023\n"}, "title": "/scratch/kx58/jm0124/tempJsons/JADQM617TH_87iuoniskd.json", "total_energy": {"total_energy": -455.28598258524335}}