{"E(RIMP2 (OS))": {"E(RIMP2 (OS))": -1.2722912413875094}, "E(RIMP2 (SS))": {"E(RIMP2 (SS))": -0.4734936111247357}, "E(RIMP2)": {"E(RIMP2)": -1.745784852512245}, "E(RIMP2) SOS": {"E(RIMP2) SOS": -1.6539786138037622}, "Final E(HF)": {"Final E(HF)": -946.72677931416}, "filename": "json_logs/PEZ.json", "finish_time": {"time": "Mon Feb  6 20:41:02 2023\n", "total_time": 10.800279037000001}, "start_time": {"time": "Mon Feb  6 20:40:51 2023\n"}, "title": "/scratch/kx58/jm0124/tempJsons/PEZ.json", "total_energy": {"total_energy": -948.4725641666722}}