{"E(RIMP2 (OS))": {"E(RIMP2 (OS))": -1.2736447517727716}, "E(RIMP2 (SS))": {"E(RIMP2 (SS))": -0.4749488467624807}, "E(RIMP2)": {"E(RIMP2)": -1.7485935985352523}, "E(RIMP2) SOS": {"E(RIMP2) SOS": -1.6557381773046032}, "Final E(HF)": {"Final E(HF)": -946.719902550459}, "filename": "json_logs/PEZ_zebpngvgwf.json", "finish_time": {"time": "Mon Feb  6 20:40:38 2023\n", "total_time": 11.951532104}, "start_time": {"time": "Mon Feb  6 20:40:26 2023\n"}, "title": "/scratch/kx58/jm0124/tempJsons/PEZ_zebpngvgwf.json", "total_energy": {"total_energy": -948.4684961489942}}