{"E(RIMP2 (OS))": {"E(RIMP2 (OS))": -1.2719987531312957}, "E(RIMP2 (SS))": {"E(RIMP2 (SS))": -0.4739233741029582}, "E(RIMP2)": {"E(RIMP2)": -1.745922127234254}, "E(RIMP2) SOS": {"E(RIMP2) SOS": -1.6535983790706845}, "Final E(HF)": {"Final E(HF)": -946.7269596273989}, "filename": "json_logs/PEZ_cyqxbdaxrr.json", "finish_time": {"time": "Mon Feb  6 20:40:36 2023\n", "total_time": 11.535903091}, "start_time": {"time": "Mon Feb  6 20:40:25 2023\n"}, "title": "/scratch/kx58/jm0124/tempJsons/PEZ_cyqxbdaxrr.json", "total_energy": {"total_energy": -948.472881754633}}