{"E(RIMP2 (OS))": {"E(RIMP2 (OS))": -1.2745323107708941}, "E(RIMP2 (SS))": {"E(RIMP2 (SS))": -0.4748892224557979}, "E(RIMP2)": {"E(RIMP2)": -1.749421533226692}, "E(RIMP2) SOS": {"E(RIMP2) SOS": -1.6568920040021624}, "Final E(HF)": {"Final E(HF)": -946.7178264841336}, "filename": "json_logs/PEZ_qcheebbvvo.json", "finish_time": {"time": "Mon Feb  6 20:40:27 2023\n", "total_time": 11.963226535}, "start_time": {"time": "Mon Feb  6 20:40:16 2023\n"}, "title": "/scratch/kx58/jm0124/tempJsons/PEZ_qcheebbvvo.json", "total_energy": {"total_energy": -948.4672480173602}}