{"E(RIMP2 (OS))": {"E(RIMP2 (OS))": -1.2726029908618433}, "E(RIMP2 (SS))": {"E(RIMP2 (SS))": -0.4737446442964554}, "E(RIMP2)": {"E(RIMP2)": -1.7463476351582987}, "E(RIMP2) SOS": {"E(RIMP2) SOS": -1.6543838881203963}, "Final E(HF)": {"Final E(HF)": -946.7181574407982}, "filename": "json_logs/PEZ_qyshwcjppc.json", "finish_time": {"time": "Mon Feb  6 20:40:26 2023\n", "total_time": 11.386816468000001}, "start_time": {"time": "Mon Feb  6 20:40:15 2023\n"}, "title": "/scratch/kx58/jm0124/tempJsons/PEZ_qyshwcjppc.json", "total_energy": {"total_energy": -948.4645050759565}}