{"E(RIMP2 (OS))": {"E(RIMP2 (OS))": -1.2716376421771287}, "E(RIMP2 (SS))": {"E(RIMP2 (SS))": -0.4729823283837427}, "E(RIMP2)": {"E(RIMP2)": -1.7446199705608714}, "E(RIMP2) SOS": {"E(RIMP2) SOS": -1.6531289348302673}, "Final E(HF)": {"Final E(HF)": -946.7272597512981}, "filename": "json_logs/PEZ_oucuiigwyr.json", "finish_time": {"time": "Mon Feb  6 20:40:25 2023\n", "total_time": 11.342906654}, "start_time": {"time": "Mon Feb  6 20:40:14 2023\n"}, "title": "/scratch/kx58/jm0124/tempJsons/PEZ_oucuiigwyr.json", "total_energy": {"total_energy": -948.471879721859}}