{"E(RIMP2 (OS))": {"E(RIMP2 (OS))": -1.272115360387321}, "E(RIMP2 (SS))": {"E(RIMP2 (SS))": -0.47382964537285477}, "E(RIMP2)": {"E(RIMP2)": -1.7459450057601757}, "E(RIMP2) SOS": {"E(RIMP2) SOS": -1.6537499685035173}, "Final E(HF)": {"Final E(HF)": -946.7270342528913}, "filename": "json_logs/PEZ_ishoioxweu.json", "finish_time": {"time": "Mon Feb  6 20:40:25 2023\n", "total_time": 10.734060544}, "start_time": {"time": "Mon Feb  6 20:40:14 2023\n"}, "title": "/scratch/kx58/jm0124/tempJsons/PEZ_ishoioxweu.json", "total_energy": {"total_energy": -948.4729792586514}}