{"E(RIMP2 (OS))": {"E(RIMP2 (OS))": -1.2723768108707347}, "E(RIMP2 (SS))": {"E(RIMP2 (SS))": -0.4742178055165433}, "E(RIMP2)": {"E(RIMP2)": -1.746594616387278}, "E(RIMP2) SOS": {"E(RIMP2) SOS": -1.6540898541319553}, "Final E(HF)": {"Final E(HF)": -946.7285078475525}, "filename": "json_logs/PEZ_ebjlorozee.json", "finish_time": {"time": "Mon Feb  6 20:40:14 2023\n", "total_time": 11.126748781}, "start_time": {"time": "Mon Feb  6 20:40:03 2023\n"}, "title": "/scratch/kx58/jm0124/tempJsons/PEZ_ebjlorozee.json", "total_energy": {"total_energy": -948.4751024639397}}