{"E(RIMP2 (OS))": {"E(RIMP2 (OS))": -1.271908638009313}, "E(RIMP2 (SS))": {"E(RIMP2 (SS))": -0.47326748688843756}, "E(RIMP2)": {"E(RIMP2)": -1.7451761248977506}, "E(RIMP2) SOS": {"E(RIMP2) SOS": -1.6534812294121068}, "Final E(HF)": {"Final E(HF)": -946.7202020190798}, "filename": "json_logs/PEZ_tdelcfjjmu.json", "finish_time": {"time": "Mon Feb  6 20:40:14 2023\n", "total_time": 10.866140601}, "start_time": {"time": "Mon Feb  6 20:40:03 2023\n"}, "title": "/scratch/kx58/jm0124/tempJsons/PEZ_tdelcfjjmu.json", "total_energy": {"total_energy": -948.4653781439775}}