{"E(RIMP2 (OS))": {"E(RIMP2 (OS))": -1.2729010259684121}, "E(RIMP2 (SS))": {"E(RIMP2 (SS))": -0.4739631599369176}, "E(RIMP2)": {"E(RIMP2)": -1.7468641859053298}, "E(RIMP2) SOS": {"E(RIMP2) SOS": -1.6547713337589358}, "Final E(HF)": {"Final E(HF)": -946.7235943415845}, "filename": "json_logs/PEZ_dzxkmkkhod.json", "finish_time": {"time": "Mon Feb  6 20:40:15 2023\n", "total_time": 12.303027908}, "start_time": {"time": "Mon Feb  6 20:40:03 2023\n"}, "title": "/scratch/kx58/jm0124/tempJsons/PEZ_dzxkmkkhod.json", "total_energy": {"total_energy": -948.4704585274899}}