{"E(RIMP2 (OS))": {"E(RIMP2 (OS))": -1.272292473662857}, "E(RIMP2 (SS))": {"E(RIMP2 (SS))": -0.47420261189854684}, "E(RIMP2)": {"E(RIMP2)": -1.7464950855614036}, "E(RIMP2) SOS": {"E(RIMP2) SOS": -1.653980215761714}, "Final E(HF)": {"Final E(HF)": -946.7280865944092}, "filename": "json_logs/PEZ_zxwvjctalj.json", "finish_time": {"time": "Mon Feb  6 20:40:15 2023\n", "total_time": 12.026494997}, "start_time": {"time": "Mon Feb  6 20:40:03 2023\n"}, "title": "/scratch/kx58/jm0124/tempJsons/PEZ_zxwvjctalj.json", "total_energy": {"total_energy": -948.4745816799707}}