{"E(RIMP2 (OS))": {"E(RIMP2 (OS))": -1.2719347825346163}, "E(RIMP2 (SS))": {"E(RIMP2 (SS))": -0.4739079417614132}, "E(RIMP2)": {"E(RIMP2)": -1.7458427242960295}, "E(RIMP2) SOS": {"E(RIMP2) SOS": -1.6535152172950014}, "Final E(HF)": {"Final E(HF)": -946.7283681342828}, "filename": "json_logs/PEZ_tcymchhnfi.json", "finish_time": {"time": "Mon Feb  6 20:41:01 2023\n", "total_time": 10.902786313}, "start_time": {"time": "Mon Feb  6 20:40:50 2023\n"}, "title": "/scratch/kx58/jm0124/tempJsons/PEZ_tcymchhnfi.json", "total_energy": {"total_energy": -948.4742108585789}}