{"E(RIMP2 (OS))": {"E(RIMP2 (OS))": -1.2720460779438256}, "E(RIMP2 (SS))": {"E(RIMP2 (SS))": -0.4738099694909448}, "E(RIMP2)": {"E(RIMP2)": -1.7458560474347704}, "E(RIMP2) SOS": {"E(RIMP2) SOS": -1.6536599013269733}, "Final E(HF)": {"Final E(HF)": -946.7242384054242}, "filename": "json_logs/PEZ_wlvxammsbb.json", "finish_time": {"time": "Mon Feb  6 20:41:00 2023\n", "total_time": 11.706319434}, "start_time": {"time": "Mon Feb  6 20:40:49 2023\n"}, "title": "/scratch/kx58/jm0124/tempJsons/PEZ_wlvxammsbb.json", "total_energy": {"total_energy": -948.470094452859}}