{"E(RIMP2 (OS))": {"E(RIMP2 (OS))": -1.2721936494868449}, "E(RIMP2 (SS))": {"E(RIMP2 (SS))": -0.47394255107504457}, "E(RIMP2)": {"E(RIMP2)": -1.7461362005618895}, "E(RIMP2) SOS": {"E(RIMP2) SOS": -1.6538517443328984}, "Final E(HF)": {"Final E(HF)": -946.7308158148508}, "filename": "json_logs/PEZ_fxqkcpcnhr.json", "finish_time": {"time": "Mon Feb  6 20:40:59 2023\n", "total_time": 11.056889904}, "start_time": {"time": "Mon Feb  6 20:40:48 2023\n"}, "title": "/scratch/kx58/jm0124/tempJsons/PEZ_fxqkcpcnhr.json", "total_energy": {"total_energy": -948.4769520154127}}