{"E(RIMP2 (OS))": {"E(RIMP2 (OS))": -1.272058120773835}, "E(RIMP2 (SS))": {"E(RIMP2 (SS))": -0.4739284621144608}, "E(RIMP2)": {"E(RIMP2)": -1.745986582888296}, "E(RIMP2) SOS": {"E(RIMP2) SOS": -1.6536755570059856}, "Final E(HF)": {"Final E(HF)": -946.7320604142484}, "filename": "json_logs/PEZ_woiibvjmvn.json", "finish_time": {"time": "Mon Feb  6 20:40:51 2023\n", "total_time": 11.665384051000002}, "start_time": {"time": "Mon Feb  6 20:40:39 2023\n"}, "title": "/scratch/kx58/jm0124/tempJsons/PEZ_woiibvjmvn.json", "total_energy": {"total_energy": -948.4780469971367}}