{"E(RIMP2 (OS))": {"E(RIMP2 (OS))": -1.272428518804113}, "E(RIMP2 (SS))": {"E(RIMP2 (SS))": -0.47419678372735435}, "E(RIMP2)": {"E(RIMP2)": -1.7466253025314673}, "E(RIMP2) SOS": {"E(RIMP2) SOS": -1.6541570744453469}, "Final E(HF)": {"Final E(HF)": -946.7251243466883}, "filename": "json_logs/PEZ_kbmrrosktn.json", "finish_time": {"time": "Mon Feb  6 20:40:50 2023\n", "total_time": 11.935178184}, "start_time": {"time": "Mon Feb  6 20:40:38 2023\n"}, "title": "/scratch/kx58/jm0124/tempJsons/PEZ_kbmrrosktn.json", "total_energy": {"total_energy": -948.4717496492198}}