{"E(RIMP2 (OS))": {"E(RIMP2 (OS))": -1.2712814742400151}, "E(RIMP2 (SS))": {"E(RIMP2 (SS))": -0.47334700361585724}, "E(RIMP2)": {"E(RIMP2)": -1.7446284778558723}, "E(RIMP2) SOS": {"E(RIMP2) SOS": -1.6526659165120197}, "Final E(HF)": {"Final E(HF)": -946.7327427132603}, "filename": "json_logs/PEZ_tcyqrdxgyl.json", "finish_time": {"time": "Mon Feb  6 20:40:48 2023\n", "total_time": 11.18690057}, "start_time": {"time": "Mon Feb  6 20:40:37 2023\n"}, "title": "/scratch/kx58/jm0124/tempJsons/PEZ_tcyqrdxgyl.json", "total_energy": {"total_energy": -948.4773711911163}}