{"E(RIMP2 (OS))": {"E(RIMP2 (OS))": -1.2731585620071975}, "E(RIMP2 (SS))": {"E(RIMP2 (SS))": -0.47433005093045777}, "E(RIMP2)": {"E(RIMP2)": -1.7474886129376552}, "E(RIMP2) SOS": {"E(RIMP2) SOS": -1.6551061306093569}, "Final E(HF)": {"Final E(HF)": -946.7213058438493}, "filename": "json_logs/PEZ_mazlyngxib.json", "finish_time": {"time": "Mon Feb  6 20:40:48 2023\n", "total_time": 11.43620954}, "start_time": {"time": "Mon Feb  6 20:40:37 2023\n"}, "title": "/scratch/kx58/jm0124/tempJsons/PEZ_mazlyngxib.json", "total_energy": {"total_energy": -948.468794456787}}