{"E(RIMP2 (OS))": {"E(RIMP2 (OS))": -1.2731144247952293}, "E(RIMP2 (SS))": {"E(RIMP2 (SS))": -0.4740811691205168}, "E(RIMP2)": {"E(RIMP2)": -1.747195593915746}, "E(RIMP2) SOS": {"E(RIMP2) SOS": -1.6550487522337982}, "Final E(HF)": {"Final E(HF)": -946.7216719287117}, "filename": "json_logs/PEZ_knbcyqacwu.json", "finish_time": {"time": "Mon Feb  6 20:40:39 2023\n", "total_time": 11.679966922}, "start_time": {"time": "Mon Feb  6 20:40:28 2023\n"}, "title": "/scratch/kx58/jm0124/tempJsons/PEZ_knbcyqacwu.json", "total_energy": {"total_energy": -948.4688675226274}}