{"E(RIMP2 (OS))": {"E(RIMP2 (OS))": -1.2726156125280692}, "E(RIMP2 (SS))": {"E(RIMP2 (SS))": -0.4742482522004806}, "E(RIMP2)": {"E(RIMP2)": -1.74686386472855}, "E(RIMP2) SOS": {"E(RIMP2) SOS": -1.65440029628649}, "Final E(HF)": {"Final E(HF)": -946.7269329973066}, "filename": "json_logs/PEZ_zqqrahanui.json", "finish_time": {"time": "Mon Feb  6 20:40:37 2023\n", "total_time": 10.433280578}, "start_time": {"time": "Mon Feb  6 20:40:27 2023\n"}, "title": "/scratch/kx58/jm0124/tempJsons/PEZ_zqqrahanui.json", "total_energy": {"total_energy": -948.4737968620351}}