{"E(RIMP2 (OS))": {"E(RIMP2 (OS))": -0.6797283257484344}, "E(RIMP2 (SS))": {"E(RIMP2 (SS))": -0.22816438185158283}, "E(RIMP2)": {"E(RIMP2)": -0.9078927076000173}, "E(RIMP2) SOS": {"E(RIMP2) SOS": -0.8836468234729649}, "Final E(HF)": {"Final E(HF)": -306.99339278374896}, "filename": "json_logs/YBQB2FZVDL_5p4fgxj34p.json", "finish_time": {"time": "Sat Apr 15 02:41:52 2023\n", "total_time": 4.199001152}, "start_time": {"time": "Sat Apr 15 02:41:48 2023\n"}, "title": "/scratch/kx58/jm0124/tempJsons/YBQB2FZVDL_5p4fgxj34p.json", "total_energy": {"total_energy": -307.901285491349}}