{"E(RIMP2 (OS))": {"E(RIMP2 (OS))": -0.6797307302056599}, "E(RIMP2 (SS))": {"E(RIMP2 (SS))": -0.22816548493550778}, "E(RIMP2)": {"E(RIMP2)": -0.9078962151411677}, "E(RIMP2) SOS": {"E(RIMP2) SOS": -0.8836499492673578}, "Final E(HF)": {"Final E(HF)": -306.9928494298738}, "filename": "json_logs/6Y28ZOAZ98_pif8bz4p5f.json", "finish_time": {"time": "Sat Apr 15 02:34:29 2023\n", "total_time": 4.087797579}, "start_time": {"time": "Sat Apr 15 02:34:25 2023\n"}, "title": "/scratch/kx58/jm0124/tempJsons/6Y28ZOAZ98_pif8bz4p5f.json", "total_energy": {"total_energy": -307.900745645015}}