{"E(RIMP2 (OS))": {"E(RIMP2 (OS))": -0.6794420303214989}, "E(RIMP2 (SS))": {"E(RIMP2 (SS))": -0.22780739041475034}, "E(RIMP2)": {"E(RIMP2)": -0.9072494207362491}, "E(RIMP2) SOS": {"E(RIMP2) SOS": -0.8832746394179486}, "Final E(HF)": {"Final E(HF)": -306.99299434787}, "filename": "json_logs/B11-229.0909090909091_m2seszwa2o.json", "finish_time": {"time": "Sat Apr 15 02:22:42 2023\n", "total_time": 5.012296705}, "start_time": {"time": "Sat Apr 15 02:22:37 2023\n"}, "title": "/scratch/kx58/jm0124/tempJsons/B11-229.0909090909091_m2seszwa2o.json", "total_energy": {"total_energy": -307.9002437686063}}