{"E(RIMP2 (OS))": {"E(RIMP2 (OS))": -0.679443180775178}, "E(RIMP2 (SS))": {"E(RIMP2 (SS))": -0.22780738235504727}, "E(RIMP2)": {"E(RIMP2)": -0.9072505631302252}, "E(RIMP2) SOS": {"E(RIMP2) SOS": -0.8832761350077314}, "Final E(HF)": {"Final E(HF)": -306.9929806713326}, "filename": "json_logs/9OBXCFRWA3_252zew1sex.json", "finish_time": {"time": "Sat Apr 15 02:31:55 2023\n", "total_time": 5.038828051}, "start_time": {"time": "Sat Apr 15 02:31:50 2023\n"}, "title": "/scratch/kx58/jm0124/tempJsons/9OBXCFRWA3_252zew1sex.json", "total_energy": {"total_energy": -307.9002312344628}}