{"E(RIMP2 (OS))": {"E(RIMP2 (OS))": -0.6801533989287081}, "E(RIMP2 (SS))": {"E(RIMP2 (SS))": -0.22821838357134744}, "E(RIMP2)": {"E(RIMP2)": -0.9083717825000555}, "E(RIMP2) SOS": {"E(RIMP2) SOS": -0.8841994186073205}, "Final E(HF)": {"Final E(HF)": -306.9901447336649}, "filename": "json_logs/B11-229.0909090909091_khoa7es1sf.json", "finish_time": {"time": "Sat Apr 15 02:18:12 2023\n", "total_time": 5.213623915}, "start_time": {"time": "Sat Apr 15 02:18:07 2023\n"}, "title": "/scratch/kx58/jm0124/tempJsons/B11-229.0909090909091_khoa7es1sf.json", "total_energy": {"total_energy": -307.898516516165}}