{"E(RIMP2 (OS))": {"E(RIMP2 (OS))": -0.5462467234374772}, "E(RIMP2 (SS))": {"E(RIMP2 (SS))": -0.12607243714037208}, "E(RIMP2)": {"E(RIMP2)": -0.6723191605778492}, "E(RIMP2) SOS": {"E(RIMP2) SOS": -0.7101207404687203}, "Final E(HF)": {"Final E(HF)": -671.6474166393626}, "filename": "json_logs/MEYUN586K2_4cbz8n718t.json", "finish_time": {"time": "Fri Feb  3 23:27:13 2023\n", "total_time": 2.951133664}, "start_time": {"time": "Fri Feb  3 23:27:10 2023\n"}, "title": "/scratch/kx58/jm0124/tempJsons/MEYUN586K2_4cbz8n718t.json", "total_energy": {"total_energy": -672.3197357999404}}