{"E(RIMP2 (OS))": {"E(RIMP2 (OS))": -0.5464383038502387}, "E(RIMP2 (SS))": {"E(RIMP2 (SS))": -0.1253289280137515}, "E(RIMP2)": {"E(RIMP2)": -0.6717672318639902}, "E(RIMP2) SOS": {"E(RIMP2) SOS": -0.7103697950053104}, "Final E(HF)": {"Final E(HF)": -671.6387714987868}, "filename": "json_logs/G1V1UY1OKY_re4f1yuahd.json", "finish_time": {"time": "Fri Feb  3 23:35:44 2023\n", "total_time": 2.845970195}, "start_time": {"time": "Fri Feb  3 23:35:41 2023\n"}, "title": "/scratch/kx58/jm0124/tempJsons/G1V1UY1OKY_re4f1yuahd.json", "total_energy": {"total_energy": -672.3105387306508}}