{"E(RIMP2 (OS))": {"E(RIMP2 (OS))": -0.5452960082036423}, "E(RIMP2 (SS))": {"E(RIMP2 (SS))": -0.12422887875240586}, "E(RIMP2)": {"E(RIMP2)": -0.6695248869560482}, "E(RIMP2) SOS": {"E(RIMP2) SOS": -0.7088848106647351}, "Final E(HF)": {"Final E(HF)": -671.6403961219107}, "filename": "json_logs/36_zo6828cp1i.json", "finish_time": {"time": "Fri Feb  3 23:23:02 2023\n", "total_time": 2.903357098}, "start_time": {"time": "Fri Feb  3 23:22:59 2023\n"}, "title": "/scratch/kx58/jm0124/tempJsons/36_zo6828cp1i.json", "total_energy": {"total_energy": -672.3099210088668}}