{"E(RIMP2 (OS))": {"E(RIMP2 (OS))": -0.5436302618759511}, "E(RIMP2 (SS))": {"E(RIMP2 (SS))": -0.12328100497882002}, "E(RIMP2)": {"E(RIMP2)": -0.6669112668547711}, "E(RIMP2) SOS": {"E(RIMP2) SOS": -0.7067193404387364}, "Final E(HF)": {"Final E(HF)": -671.6427300120088}, "filename": "json_logs/RX7RIL8FIN_vb34f263xd.json", "finish_time": {"time": "Fri Feb  3 23:28:04 2023\n", "total_time": 2.7456758199999998}, "start_time": {"time": "Fri Feb  3 23:28:01 2023\n"}, "title": "/scratch/kx58/jm0124/tempJsons/RX7RIL8FIN_vb34f263xd.json", "total_energy": {"total_energy": -672.3096412788635}}