{"E(RIMP2 (OS))": {"E(RIMP2 (OS))": -0.546180813320106}, "E(RIMP2 (SS))": {"E(RIMP2 (SS))": -0.12573207393938376}, "E(RIMP2)": {"E(RIMP2)": -0.6719128872594898}, "E(RIMP2) SOS": {"E(RIMP2) SOS": -0.7100350573161379}, "Final E(HF)": {"Final E(HF)": -671.6372625936147}, "filename": "json_logs/G1V1UY1OKY_rdw3w0ukxt.json", "finish_time": {"time": "Fri Feb  3 23:29:01 2023\n", "total_time": 2.9350774299999998}, "start_time": {"time": "Fri Feb  3 23:28:59 2023\n"}, "title": "/scratch/kx58/jm0124/tempJsons/G1V1UY1OKY_rdw3w0ukxt.json", "total_energy": {"total_energy": -672.3091754808742}}