{"E(RIMP2 (OS))": {"E(RIMP2 (OS))": -0.5438372495657474}, "E(RIMP2 (SS))": {"E(RIMP2 (SS))": -0.12337571203010245}, "E(RIMP2)": {"E(RIMP2)": -0.6672129615958499}, "E(RIMP2) SOS": {"E(RIMP2) SOS": -0.7069884244354717}, "Final E(HF)": {"Final E(HF)": -671.6421106106766}, "filename": "json_logs/15_jl4239bzhz.json", "finish_time": {"time": "Fri Feb  3 23:24:45 2023\n", "total_time": 2.618858095}, "start_time": {"time": "Fri Feb  3 23:24:42 2023\n"}, "title": "/scratch/kx58/jm0124/tempJsons/15_jl4239bzhz.json", "total_energy": {"total_energy": -672.3093235722724}}