{"E(RIMP2 (OS))": {"E(RIMP2 (OS))": -0.5459951646841107}, "E(RIMP2 (SS))": {"E(RIMP2 (SS))": -0.12462095212313712}, "E(RIMP2)": {"E(RIMP2)": -0.6706161168072478}, "E(RIMP2) SOS": {"E(RIMP2) SOS": -0.7097937140893439}, "Final E(HF)": {"Final E(HF)": -671.6387466080376}, "filename": "json_logs/G1V1UY1OKY_ris2g7sz35.json", "finish_time": {"time": "Fri Feb  3 23:36:52 2023\n", "total_time": 2.776961451}, "start_time": {"time": "Fri Feb  3 23:36:49 2023\n"}, "title": "/scratch/kx58/jm0124/tempJsons/G1V1UY1OKY_ris2g7sz35.json", "total_energy": {"total_energy": -672.3093627248448}}