{"E(RIMP2 (OS))": {"E(RIMP2 (OS))": -0.5249573684249362}, "E(RIMP2 (SS))": {"E(RIMP2 (SS))": -0.1119166570738617}, "E(RIMP2)": {"E(RIMP2)": -0.6368740254987979}, "E(RIMP2) SOS": {"E(RIMP2) SOS": -0.6824445789524172}, "Final E(HF)": {"Final E(HF)": -671.6693140763452}, "filename": "json_logs/ZQXXJV0CRY_xj7osvt238.json", "finish_time": {"time": "Fri Feb  3 23:32:11 2023\n", "total_time": 2.789116909}, "start_time": {"time": "Fri Feb  3 23:32:08 2023\n"}, "title": "/scratch/kx58/jm0124/tempJsons/ZQXXJV0CRY_xj7osvt238.json", "total_energy": {"total_energy": -672.306188101844}}