{"E(RIMP2 (OS))": {"E(RIMP2 (OS))": -0.5471362743315978}, "E(RIMP2 (SS))": {"E(RIMP2 (SS))": -0.12670802454872598}, "E(RIMP2)": {"E(RIMP2)": -0.6738442988803238}, "E(RIMP2) SOS": {"E(RIMP2) SOS": -0.7112771566310773}, "Final E(HF)": {"Final E(HF)": -671.6346236289996}, "filename": "json_logs/S43A0XPS0T_0xfocryjs5.json", "finish_time": {"time": "Fri Feb  3 23:34:37 2023\n", "total_time": 2.9056367890000003}, "start_time": {"time": "Fri Feb  3 23:34:34 2023\n"}, "title": "/scratch/kx58/jm0124/tempJsons/S43A0XPS0T_0xfocryjs5.json", "total_energy": {"total_energy": -672.30846792788}}