{"E(RIMP2 (OS))": {"E(RIMP2 (OS))": -0.5453563833452015}, "E(RIMP2 (SS))": {"E(RIMP2 (SS))": -0.12451827610826972}, "E(RIMP2)": {"E(RIMP2)": -0.6698746594534712}, "E(RIMP2) SOS": {"E(RIMP2) SOS": -0.708963298348762}, "Final E(HF)": {"Final E(HF)": -671.6388564978239}, "filename": "json_logs/1F0H6TLH1U_21bjc03vtu.json", "finish_time": {"time": "Fri Feb  3 23:31:12 2023\n", "total_time": 2.542842393}, "start_time": {"time": "Fri Feb  3 23:31:10 2023\n"}, "title": "/scratch/kx58/jm0124/tempJsons/1F0H6TLH1U_21bjc03vtu.json", "total_energy": {"total_energy": -672.3087311572773}}