{"E(RIMP2 (OS))": {"E(RIMP2 (OS))": -0.5439566055838658}, "E(RIMP2 (SS))": {"E(RIMP2 (SS))": -0.12281241262544156}, "E(RIMP2)": {"E(RIMP2)": -0.6667690182093073}, "E(RIMP2) SOS": {"E(RIMP2) SOS": -0.7071435872590256}, "Final E(HF)": {"Final E(HF)": -671.641945765046}, "filename": "json_logs/B1SXPMOYGS_w644lwdhi3.json", "finish_time": {"time": "Fri Feb  3 23:28:05 2023\n", "total_time": 2.989706707}, "start_time": {"time": "Fri Feb  3 23:28:02 2023\n"}, "title": "/scratch/kx58/jm0124/tempJsons/B1SXPMOYGS_w644lwdhi3.json", "total_energy": {"total_energy": -672.3087147832553}}