{"E(RIMP2 (OS))": {"E(RIMP2 (OS))": -0.5456095964306522}, "E(RIMP2 (SS))": {"E(RIMP2 (SS))": -0.12546914373306003}, "E(RIMP2)": {"E(RIMP2)": -0.6710787401637123}, "E(RIMP2) SOS": {"E(RIMP2) SOS": -0.7092924753598479}, "Final E(HF)": {"Final E(HF)": -671.6445152147113}, "filename": "json_logs/SL9UPLQ4JH_68dwedot6q.json", "finish_time": {"time": "Fri Feb  3 23:23:51 2023\n", "total_time": 2.6743226960000004}, "start_time": {"time": "Fri Feb  3 23:23:49 2023\n"}, "title": "/scratch/kx58/jm0124/tempJsons/SL9UPLQ4JH_68dwedot6q.json", "total_energy": {"total_energy": -672.315593954875}}