{"E(RIMP2 (OS))": {"E(RIMP2 (OS))": -0.5443791091032564}, "E(RIMP2 (SS))": {"E(RIMP2 (SS))": -0.1240152282620159}, "E(RIMP2)": {"E(RIMP2)": -0.6683943373652723}, "E(RIMP2) SOS": {"E(RIMP2) SOS": -0.7076928418342333}, "Final E(HF)": {"Final E(HF)": -671.646284494157}, "filename": "json_logs/15_o0r0ln3am9.json", "finish_time": {"time": "Fri Feb  3 23:27:13 2023\n", "total_time": 2.738048131}, "start_time": {"time": "Fri Feb  3 23:27:11 2023\n"}, "title": "/scratch/kx58/jm0124/tempJsons/15_o0r0ln3am9.json", "total_energy": {"total_energy": -672.3146788315223}}