{"E(RIMP2 (OS))": {"E(RIMP2 (OS))": -0.5440644868272413}, "E(RIMP2 (SS))": {"E(RIMP2 (SS))": -0.12424561861589685}, "E(RIMP2)": {"E(RIMP2)": -0.6683101054431382}, "E(RIMP2) SOS": {"E(RIMP2) SOS": -0.7072838328754137}, "Final E(HF)": {"Final E(HF)": -671.6451156105371}, "filename": "json_logs/15_7d4ivig3jx.json", "finish_time": {"time": "Fri Feb  3 23:25:50 2023\n", "total_time": 2.886672397}, "start_time": {"time": "Fri Feb  3 23:25:47 2023\n"}, "title": "/scratch/kx58/jm0124/tempJsons/15_7d4ivig3jx.json", "total_energy": {"total_energy": -672.3134257159802}}