{"E(RIMP2 (OS))": {"E(RIMP2 (OS))": -0.5448697969117319}, "E(RIMP2 (SS))": {"E(RIMP2 (SS))": -0.12437209831151066}, "E(RIMP2)": {"E(RIMP2)": -0.6692418952232425}, "E(RIMP2) SOS": {"E(RIMP2) SOS": -0.7083307359852514}, "Final E(HF)": {"Final E(HF)": -671.6438284737245}, "filename": "json_logs/ZCS21TF7CT_ykbw1gcfcx.json", "finish_time": {"time": "Fri Feb  3 23:31:08 2023\n", "total_time": 2.7086324850000003}, "start_time": {"time": "Fri Feb  3 23:31:06 2023\n"}, "title": "/scratch/kx58/jm0124/tempJsons/ZCS21TF7CT_ykbw1gcfcx.json", "total_energy": {"total_energy": -672.3130703689477}}