{"E(RIMP2 (OS))": {"E(RIMP2 (OS))": -0.5444525409244216}, "E(RIMP2 (SS))": {"E(RIMP2 (SS))": -0.1237259564566804}, "E(RIMP2)": {"E(RIMP2)": -0.668178497381102}, "E(RIMP2) SOS": {"E(RIMP2) SOS": -0.7077883032017481}, "Final E(HF)": {"Final E(HF)": -671.6445949834977}, "filename": "json_logs/SCKO18H0IV_9jz9topde2.json", "finish_time": {"time": "Fri Feb  3 23:33:25 2023\n", "total_time": 2.958936963}, "start_time": {"time": "Fri Feb  3 23:33:22 2023\n"}, "title": "/scratch/kx58/jm0124/tempJsons/SCKO18H0IV_9jz9topde2.json", "total_energy": {"total_energy": -672.3127734808788}}