{"E(RIMP2 (OS))": {"E(RIMP2 (OS))": -0.5455222752090308}, "E(RIMP2 (SS))": {"E(RIMP2 (SS))": -0.12431211575748892}, "E(RIMP2)": {"E(RIMP2)": -0.6698343909665198}, "E(RIMP2) SOS": {"E(RIMP2) SOS": -0.7091789577717401}, "Final E(HF)": {"Final E(HF)": -671.6426459358695}, "filename": "json_logs/18_yzlpoyc2p3.json", "finish_time": {"time": "Fri Feb  3 23:24:43 2023\n", "total_time": 2.8575085159999998}, "start_time": {"time": "Fri Feb  3 23:24:41 2023\n"}, "title": "/scratch/kx58/jm0124/tempJsons/18_yzlpoyc2p3.json", "total_energy": {"total_energy": -672.312480326836}}