{"E(RIMP2 (OS))": {"E(RIMP2 (OS))": -0.5449142196454761}, "E(RIMP2 (SS))": {"E(RIMP2 (SS))": -0.12423541373886172}, "E(RIMP2)": {"E(RIMP2)": -0.6691496333843379}, "E(RIMP2) SOS": {"E(RIMP2) SOS": -0.708388485539119}, "Final E(HF)": {"Final E(HF)": -671.6424072895682}, "filename": "json_logs/CKGZX382BP_syw7vul59v.json", "finish_time": {"time": "Fri Feb  3 23:25:49 2023\n", "total_time": 2.7356304490000003}, "start_time": {"time": "Fri Feb  3 23:25:47 2023\n"}, "title": "/scratch/kx58/jm0124/tempJsons/CKGZX382BP_syw7vul59v.json", "total_energy": {"total_energy": -672.3115569229525}}