{"E(RIMP2 (OS))": {"E(RIMP2 (OS))": -0.5455112243632977}, "E(RIMP2 (SS))": {"E(RIMP2 (SS))": -0.12516822627872026}, "E(RIMP2)": {"E(RIMP2)": -0.670679450642018}, "E(RIMP2) SOS": {"E(RIMP2) SOS": -0.7091645916722871}, "Final E(HF)": {"Final E(HF)": -671.6405568726705}, "filename": "json_logs/23_wcdew0ig02.json", "finish_time": {"time": "Fri Feb  3 23:23:50 2023\n", "total_time": 2.921061006}, "start_time": {"time": "Fri Feb  3 23:23:47 2023\n"}, "title": "/scratch/kx58/jm0124/tempJsons/23_wcdew0ig02.json", "total_energy": {"total_energy": -672.3112363233124}}