{"E(RIMP2 (OS))": {"E(RIMP2 (OS))": -0.5440971140364881}, "E(RIMP2 (SS))": {"E(RIMP2 (SS))": -0.1234457348365468}, "E(RIMP2)": {"E(RIMP2)": -0.6675428488730348}, "E(RIMP2) SOS": {"E(RIMP2) SOS": -0.7073262482474345}, "Final E(HF)": {"Final E(HF)": -671.6430264038945}, "filename": "json_logs/19_mjn2hod3h0.json", "finish_time": {"time": "Fri Feb  3 23:24:46 2023\n", "total_time": 2.496729239}, "start_time": {"time": "Fri Feb  3 23:24:43 2023\n"}, "title": "/scratch/kx58/jm0124/tempJsons/19_mjn2hod3h0.json", "total_energy": {"total_energy": -672.3105692527676}}