{"E(RIMP2 (OS))": {"E(RIMP2 (OS))": -7.397368549972424}, "E(RIMP2 (SS))": {"E(RIMP2 (SS))": -2.8614334209605286}, "E(RIMP2)": {"E(RIMP2)": -10.258801970932954}, "E(RIMP2) SOS": {"E(RIMP2) SOS": -9.616579114964152}, "Final E(HF)": {"Final E(HF)": -4420.62273735933}, "filename": "json_logs/GAC-ngpus4-0_0.json", "finish_time": {"time": "Thu Mar  2 22:51:49 2023\n", "total_time": 123.57993257300001}, "start_time": {"time": "Thu Mar  2 22:49:46 2023\n"}, "title": "/scratch/kx58/jm0124/tempJsons/GAC-ngpus4-0_0.json", "total_energy": {"total_energy": -4430.881539330263}}