{"E(RIMP2 (OS))": {"E(RIMP2 (OS))": -7.378095661852672}, "E(RIMP2 (SS))": {"E(RIMP2 (SS))": -2.8471115792358055}, "E(RIMP2)": {"E(RIMP2)": -10.225207241088478}, "E(RIMP2) SOS": {"E(RIMP2) SOS": -9.591524360408474}, "Final E(HF)": {"Final E(HF)": -4420.627728093736}, "filename": "json_logs/GAC-ngpus4-0_21.json", "finish_time": {"time": "Thu Mar  2 22:45:19 2023\n", "total_time": 116.28086113799999}, "start_time": {"time": "Thu Mar  2 22:43:23 2023\n"}, "title": "/scratch/kx58/jm0124/tempJsons/GAC-ngpus4-0_21.json", "total_energy": {"total_energy": -4430.852935334824}}