{"E(RIMP2 (OS))": {"E(RIMP2 (OS))": -7.39078377206062}, "E(RIMP2 (SS))": {"E(RIMP2 (SS))": -2.856258395347319}, "E(RIMP2)": {"E(RIMP2)": -10.247042167407939}, "E(RIMP2) SOS": {"E(RIMP2) SOS": -9.608018903678806}, "Final E(HF)": {"Final E(HF)": -4420.57885024477}, "filename": "json_logs/GAC-ngpus4-0_24.json", "finish_time": {"time": "Thu Mar  2 22:52:42 2023\n", "total_time": 559.934600045}, "start_time": {"time": "Thu Mar  2 22:43:23 2023\n"}, "title": "/scratch/kx58/jm0124/tempJsons/GAC-ngpus4-0_24.json", "total_energy": {"total_energy": -4430.825892412178}}