{"E(RIMP2 (OS))": {"E(RIMP2 (OS))": -7.390568520074381}, "E(RIMP2 (SS))": {"E(RIMP2 (SS))": -2.8547855094077494}, "E(RIMP2)": {"E(RIMP2)": -10.24535402948213}, "E(RIMP2) SOS": {"E(RIMP2) SOS": -9.607739076096696}, "Final E(HF)": {"Final E(HF)": -4420.610827606393}, "filename": "json_logs/GAC-ngpus4-0_27.json", "finish_time": {"time": "Thu Mar  2 22:45:23 2023\n", "total_time": 120.60463211599999}, "start_time": {"time": "Thu Mar  2 22:43:23 2023\n"}, "title": "/scratch/kx58/jm0124/tempJsons/GAC-ngpus4-0_27.json", "total_energy": {"total_energy": -4430.856181635875}}