{"E(RIMP2 (OS))": {"E(RIMP2 (OS))": -7.3955232945650025}, "E(RIMP2 (SS))": {"E(RIMP2 (SS))": -2.8594418942738837}, "E(RIMP2)": {"E(RIMP2)": -10.254965188838886}, "E(RIMP2) SOS": {"E(RIMP2) SOS": -9.614180282934504}, "Final E(HF)": {"Final E(HF)": -4420.605268986841}, "filename": "json_logs/GAC-ngpus4-0_1.json", "finish_time": {"time": "Thu Mar  2 22:51:44 2023\n", "total_time": 123.002274978}, "start_time": {"time": "Thu Mar  2 22:49:42 2023\n"}, "title": "/scratch/kx58/jm0124/tempJsons/GAC-ngpus4-0_1.json", "total_energy": {"total_energy": -4430.86023417568}}