{"E(RIMP2 (OS))": {"E(RIMP2 (OS))": -7.4638806339927575}, "E(RIMP2 (SS))": {"E(RIMP2 (SS))": -2.878164982447669}, "E(RIMP2)": {"E(RIMP2)": -10.342045616440426}, "E(RIMP2) SOS": {"E(RIMP2) SOS": -9.703044824190584}, "Final E(HF)": {"Final E(HF)": -4420.57381556978}, "filename": "json_logs/GAC-ngpus4-0_3.json", "finish_time": {"time": "Thu Mar  2 22:51:37 2023\n", "total_time": 125.608956328}, "start_time": {"time": "Thu Mar  2 22:49:31 2023\n"}, "title": "/scratch/kx58/jm0124/tempJsons/GAC-ngpus4-0_3.json", "total_energy": {"total_energy": -4430.91586118622}}