{"E(RIMP2 (OS))": {"E(RIMP2 (OS))": -7.394003798301398}, "E(RIMP2 (SS))": {"E(RIMP2 (SS))": -2.8580881198569}, "E(RIMP2)": {"E(RIMP2)": -10.252091918158298}, "E(RIMP2) SOS": {"E(RIMP2) SOS": -9.612204937791818}, "Final E(HF)": {"Final E(HF)": -4420.615584425457}, "filename": "json_logs/GAC-ngpus4-0_6.json", "finish_time": {"time": "Thu Mar  2 22:49:39 2023\n", "total_time": 116.33801128500001}, "start_time": {"time": "Thu Mar  2 22:47:43 2023\n"}, "title": "/scratch/kx58/jm0124/tempJsons/GAC-ngpus4-0_6.json", "total_energy": {"total_energy": -4430.867676343615}}