{"E(RIMP2 (OS))": {"E(RIMP2 (OS))": -7.434684953195669}, "E(RIMP2 (SS))": {"E(RIMP2 (SS))": -2.869209757267653}, "E(RIMP2)": {"E(RIMP2)": -10.303894710463322}, "E(RIMP2) SOS": {"E(RIMP2) SOS": -9.665090439154369}, "Final E(HF)": {"Final E(HF)": -4420.60587296013}, "filename": "json_logs/GAC-ngpus4-0_7.json", "finish_time": {"time": "Thu Mar  2 22:49:43 2023\n", "total_time": 126.331240202}, "start_time": {"time": "Thu Mar  2 22:47:37 2023\n"}, "title": "/scratch/kx58/jm0124/tempJsons/GAC-ngpus4-0_7.json", "total_energy": {"total_energy": -4430.909767670593}}