{"E(RIMP2 (OS))": {"E(RIMP2 (OS))": -7.380196712054274}, "E(RIMP2 (SS))": {"E(RIMP2 (SS))": -2.849251554600541}, "E(RIMP2)": {"E(RIMP2)": -10.229448266654815}, "E(RIMP2) SOS": {"E(RIMP2) SOS": -9.594255725670557}, "Final E(HF)": {"Final E(HF)": -4420.626342102989}, "filename": "json_logs/GAC-ngpus4-0_10.json", "finish_time": {"time": "Thu Mar  2 22:49:28 2023\n", "total_time": 115.249271007}, "start_time": {"time": "Thu Mar  2 22:47:33 2023\n"}, "title": "/scratch/kx58/jm0124/tempJsons/GAC-ngpus4-0_10.json", "total_energy": {"total_energy": -4430.855790369644}}