{"E(RIMP2 (OS))": {"E(RIMP2 (OS))": -7.392148359719732}, "E(RIMP2 (SS))": {"E(RIMP2 (SS))": -2.855246126138085}, "E(RIMP2)": {"E(RIMP2)": -10.247394485857818}, "E(RIMP2) SOS": {"E(RIMP2) SOS": -9.609792867635651}, "Final E(HF)": {"Final E(HF)": -4420.611541747347}, "filename": "json_logs/GAC-ngpus4-0_13.json", "finish_time": {"time": "Thu Mar  2 22:47:31 2023\n", "total_time": 118.24340357700001}, "start_time": {"time": "Thu Mar  2 22:45:33 2023\n"}, "title": "/scratch/kx58/jm0124/tempJsons/GAC-ngpus4-0_13.json", "total_energy": {"total_energy": -4430.858936233204}}