{"E(RIMP2 (OS))": {"E(RIMP2 (OS))": -7.483289583217893}, "E(RIMP2 (SS))": {"E(RIMP2 (SS))": -2.8761754151666032}, "E(RIMP2)": {"E(RIMP2)": -10.359464998384496}, "E(RIMP2) SOS": {"E(RIMP2) SOS": -9.728276458183261}, "Final E(HF)": {"Final E(HF)": -4420.603234835986}, "filename": "json_logs/GAC-ngpus4-0_15.json", "finish_time": {"time": "Thu Mar  2 22:47:34 2023\n", "total_time": 128.60776182200001}, "start_time": {"time": "Thu Mar  2 22:45:26 2023\n"}, "title": "/scratch/kx58/jm0124/tempJsons/GAC-ngpus4-0_15.json", "total_energy": {"total_energy": -4430.96269983437}}