{"E(RIMP2 (OS))": {"E(RIMP2 (OS))": -7.411670895502915}, "E(RIMP2 (SS))": {"E(RIMP2 (SS))": -2.8680166279565107}, "E(RIMP2)": {"E(RIMP2)": -10.279687523459426}, "E(RIMP2) SOS": {"E(RIMP2) SOS": -9.63517216415379}, "Final E(HF)": {"Final E(HF)": -4420.577320527722}, "filename": "json_logs/GAC-ngpus4-0_19.json", "finish_time": {"time": "Thu Mar  2 22:47:40 2023\n", "total_time": 138.892263073}, "start_time": {"time": "Thu Mar  2 22:45:21 2023\n"}, "title": "/scratch/kx58/jm0124/tempJsons/GAC-ngpus4-0_19.json", "total_energy": {"total_energy": -4430.857008051181}}