{"E(RIMP2 (OS))": {"E(RIMP2 (OS))": -7.487114817018484}, "E(RIMP2 (SS))": {"E(RIMP2 (SS))": -2.877251727283647}, "E(RIMP2)": {"E(RIMP2)": -10.364366544302131}, "E(RIMP2) SOS": {"E(RIMP2) SOS": -9.73324926212403}, "Final E(HF)": {"Final E(HF)": -4420.603212767708}, "filename": "json_logs/GAC-ngpus4-0_20.json", "finish_time": {"time": "Thu Mar  2 22:45:30 2023\n", "total_time": 127.549182057}, "start_time": {"time": "Thu Mar  2 22:43:23 2023\n"}, "title": "/scratch/kx58/jm0124/tempJsons/GAC-ngpus4-0_20.json", "total_energy": {"total_energy": -4430.9675793120105}}