{"E(RIMP2 (OS))": {"E(RIMP2 (OS))": -1.5195348952800232}, "E(RIMP2 (SS))": {"E(RIMP2 (SS))": -0.5139066899547438}, "E(RIMP2)": {"E(RIMP2)": -2.033441585234767}, "E(RIMP2) SOS": {"E(RIMP2) SOS": -1.9753953638640303}, "Final E(HF)": {"Final E(HF)": -610.0101674017873}, "filename": "json_logs/ILE_xaj_0.json", "finish_time": {"time": "Sat Feb  4 10:30:50 2023\n", "total_time": 18.906073755}, "start_time": {"time": "Sat Feb  4 10:30:31 2023\n"}, "title": "/scratch/kx58/jm0124/tempJsons/ILE_xaj_0.json", "total_energy": {"total_energy": -612.043608987022}}