{"E(RIMP2 (OS))": {"E(RIMP2 (OS))": -1.5195759672404845}, "E(RIMP2 (SS))": {"E(RIMP2 (SS))": -0.5140276388037505}, "E(RIMP2)": {"E(RIMP2)": -2.033603606044235}, "E(RIMP2) SOS": {"E(RIMP2) SOS": -1.9754487574126298}, "Final E(HF)": {"Final E(HF)": -610.0089270790793}, "filename": "json_logs/ILE_xaj_21.json", "finish_time": {"time": "Sat Feb  4 10:29:58 2023\n", "total_time": 18.623101451}, "start_time": {"time": "Sat Feb  4 10:29:40 2023\n"}, "title": "/scratch/kx58/jm0124/tempJsons/ILE_xaj_21.json", "total_energy": {"total_energy": -612.0425306851236}}