{"E(RIMP2 (OS))": {"E(RIMP2 (OS))": -1.5209211705917955}, "E(RIMP2 (SS))": {"E(RIMP2 (SS))": -0.5151896913368258}, "E(RIMP2)": {"E(RIMP2)": -2.0361108619286212}, "E(RIMP2) SOS": {"E(RIMP2) SOS": -1.9771975217693343}, "Final E(HF)": {"Final E(HF)": -610.0054840153542}, "filename": "json_logs/ILE_xaj_22.json", "finish_time": {"time": "Sat Feb  4 10:29:56 2023\n", "total_time": 17.465651823}, "start_time": {"time": "Sat Feb  4 10:29:38 2023\n"}, "title": "/scratch/kx58/jm0124/tempJsons/ILE_xaj_22.json", "total_energy": {"total_energy": -612.0415948772828}}