{"E(RIMP2 (OS))": {"E(RIMP2 (OS))": -1.5191457679395832}, "E(RIMP2 (SS))": {"E(RIMP2 (SS))": -0.5136371692334549}, "E(RIMP2)": {"E(RIMP2)": -2.032782937173038}, "E(RIMP2) SOS": {"E(RIMP2) SOS": -1.9748894983214582}, "Final E(HF)": {"Final E(HF)": -610.0098575664167}, "filename": "json_logs/ILE_xaj_23.json", "finish_time": {"time": "Sat Feb  4 10:29:51 2023\n", "total_time": 15.790001119000001}, "start_time": {"time": "Sat Feb  4 10:29:35 2023\n"}, "title": "/scratch/kx58/jm0124/tempJsons/ILE_xaj_23.json", "total_energy": {"total_energy": -612.0426405035897}}