{"E(RIMP2 (OS))": {"E(RIMP2 (OS))": -1.519386020278277}, "E(RIMP2 (SS))": {"E(RIMP2 (SS))": -0.5135287110286311}, "E(RIMP2)": {"E(RIMP2)": -2.0329147313069083}, "E(RIMP2) SOS": {"E(RIMP2) SOS": -1.9752018263617601}, "Final E(HF)": {"Final E(HF)": -610.00669291118}, "filename": "json_logs/ILE_xaj_24.json", "finish_time": {"time": "Sat Feb  4 10:29:37 2023\n", "total_time": 16.367152699000002}, "start_time": {"time": "Sat Feb  4 10:29:21 2023\n"}, "title": "/scratch/kx58/jm0124/tempJsons/ILE_xaj_24.json", "total_energy": {"total_energy": -612.0396076424869}}