{"E(RIMP2 (OS))": {"E(RIMP2 (OS))": -1.520672035321121}, "E(RIMP2 (SS))": {"E(RIMP2 (SS))": -0.5148448930897679}, "E(RIMP2)": {"E(RIMP2)": -2.035516928410889}, "E(RIMP2) SOS": {"E(RIMP2) SOS": -1.9768736459174574}, "Final E(HF)": {"Final E(HF)": -610.0063565625477}, "filename": "json_logs/ILE_xaj_35.json", "finish_time": {"time": "Sat Feb  4 10:29:40 2023\n", "total_time": 19.656713312}, "start_time": {"time": "Sat Feb  4 10:29:20 2023\n"}, "title": "/scratch/kx58/jm0124/tempJsons/ILE_xaj_35.json", "total_energy": {"total_energy": -612.0418734909586}}