{"E(RIMP2 (OS))": {"E(RIMP2 (OS))": -1.521324817846604}, "E(RIMP2 (SS))": {"E(RIMP2 (SS))": -0.5149237296250958}, "E(RIMP2)": {"E(RIMP2)": -2.0362485474716996}, "E(RIMP2) SOS": {"E(RIMP2) SOS": -1.977722263200585}, "Final E(HF)": {"Final E(HF)": -610.0025634070163}, "filename": "json_logs/ILE_xaj_36.json", "finish_time": {"time": "Sat Feb  4 10:29:38 2023\n", "total_time": 18.568444884}, "start_time": {"time": "Sat Feb  4 10:29:20 2023\n"}, "title": "/scratch/kx58/jm0124/tempJsons/ILE_xaj_36.json", "total_energy": {"total_energy": -612.038811954488}}