{"E(RIMP2 (OS))": {"E(RIMP2 (OS))": -1.5207971171723231}, "E(RIMP2 (SS))": {"E(RIMP2 (SS))": -0.5150856176178176}, "E(RIMP2)": {"E(RIMP2)": -2.0358827347901407}, "E(RIMP2) SOS": {"E(RIMP2) SOS": -1.9770362523240201}, "Final E(HF)": {"Final E(HF)": -610.0032738707865}, "filename": "json_logs/ILE_xaj_38.json", "finish_time": {"time": "Sat Feb  4 10:29:33 2023\n", "total_time": 16.739334444}, "start_time": {"time": "Sat Feb  4 10:29:17 2023\n"}, "title": "/scratch/kx58/jm0124/tempJsons/ILE_xaj_38.json", "total_energy": {"total_energy": -612.0391566055767}}