{"E(RIMP2 (OS))": {"E(RIMP2 (OS))": -1.5205253342395266}, "E(RIMP2 (SS))": {"E(RIMP2 (SS))": -0.5143768641354417}, "E(RIMP2)": {"E(RIMP2)": -2.034902198374968}, "E(RIMP2) SOS": {"E(RIMP2) SOS": -1.9766829345113848}, "Final E(HF)": {"Final E(HF)": -610.0036205258839}, "filename": "json_logs/ILE_xaj_42.json", "finish_time": {"time": "Sat Feb  4 10:29:19 2023\n", "total_time": 17.567138233999998}, "start_time": {"time": "Sat Feb  4 10:29:02 2023\n"}, "title": "/scratch/kx58/jm0124/tempJsons/ILE_xaj_42.json", "total_energy": {"total_energy": -612.0385227242589}}