{"E(RIMP2 (OS))": {"E(RIMP2 (OS))": -1.5217588955402759}, "E(RIMP2 (SS))": {"E(RIMP2 (SS))": -0.5155155069676247}, "E(RIMP2)": {"E(RIMP2)": -2.037274402507901}, "E(RIMP2) SOS": {"E(RIMP2) SOS": -1.9782865642023588}, "Final E(HF)": {"Final E(HF)": -609.9980890611964}, "filename": "json_logs/ILE_xaj_44.json", "finish_time": {"time": "Sat Feb  4 10:29:15 2023\n", "total_time": 13.879554275}, "start_time": {"time": "Sat Feb  4 10:29:02 2023\n"}, "title": "/scratch/kx58/jm0124/tempJsons/ILE_xaj_44.json", "total_energy": {"total_energy": -612.0353634637044}}