{"E(RIMP2 (OS))": {"E(RIMP2 (OS))": -1.5225953709537816}, "E(RIMP2 (SS))": {"E(RIMP2 (SS))": -0.5159436479984163}, "E(RIMP2)": {"E(RIMP2)": -2.038539018952198}, "E(RIMP2) SOS": {"E(RIMP2) SOS": -1.9793739822399161}, "Final E(HF)": {"Final E(HF)": -609.9956276647627}, "filename": "json_logs/ILE_xaj_45.json", "finish_time": {"time": "Sat Feb  4 10:29:18 2023\n", "total_time": 16.936062600000003}, "start_time": {"time": "Sat Feb  4 10:29:01 2023\n"}, "title": "/scratch/kx58/jm0124/tempJsons/ILE_xaj_45.json", "total_energy": {"total_energy": -612.0341666837148}}