{"E(RIMP2 (OS))": {"E(RIMP2 (OS))": -1.5203289699347806}, "E(RIMP2 (SS))": {"E(RIMP2 (SS))": -0.5144973409558236}, "E(RIMP2)": {"E(RIMP2)": -2.034826310890604}, "E(RIMP2) SOS": {"E(RIMP2) SOS": -1.976427660915215}, "Final E(HF)": {"Final E(HF)": -610.009777115628}, "filename": "json_logs/ILE_xaj_1.json", "finish_time": {"time": "Sat Feb  4 10:30:40 2023\n", "total_time": 19.254637773}, "start_time": {"time": "Sat Feb  4 10:30:21 2023\n"}, "title": "/scratch/kx58/jm0124/tempJsons/ILE_xaj_1.json", "total_energy": {"total_energy": -612.0446034265186}}