{"E(RIMP2 (OS))": {"E(RIMP2 (OS))": -1.5219383898108758}, "E(RIMP2 (SS))": {"E(RIMP2 (SS))": -0.5156145092573212}, "E(RIMP2)": {"E(RIMP2)": -2.037552899068197}, "E(RIMP2) SOS": {"E(RIMP2) SOS": -1.9785199067541386}, "Final E(HF)": {"Final E(HF)": -609.9986450982896}, "filename": "json_logs/ILE_xaj_46.json", "finish_time": {"time": "Sat Feb  4 10:29:19 2023\n", "total_time": 17.709119526}, "start_time": {"time": "Sat Feb  4 10:29:01 2023\n"}, "title": "/scratch/kx58/jm0124/tempJsons/ILE_xaj_46.json", "total_energy": {"total_energy": -612.0361979973578}}