{"E(RIMP2 (OS))": {"E(RIMP2 (OS))": -1.5230253975126322}, "E(RIMP2 (SS))": {"E(RIMP2 (SS))": -0.5165592024142537}, "E(RIMP2)": {"E(RIMP2)": -2.039584599926886}, "E(RIMP2) SOS": {"E(RIMP2) SOS": -1.979933016766422}, "Final E(HF)": {"Final E(HF)": -609.9954383007448}, "filename": "json_logs/ILE_xaj_48.json", "finish_time": {"time": "Sat Feb  4 10:29:00 2023\n", "total_time": 19.060561496}, "start_time": {"time": "Sat Feb  4 10:28:41 2023\n"}, "title": "/scratch/kx58/jm0124/tempJsons/ILE_xaj_48.json", "total_energy": {"total_energy": -612.0350229006716}}