{"E(RIMP2 (OS))": {"E(RIMP2 (OS))": -1.5204582785360274}, "E(RIMP2 (SS))": {"E(RIMP2 (SS))": -0.5141055383401066}, "E(RIMP2)": {"E(RIMP2)": -2.034563816876134}, "E(RIMP2) SOS": {"E(RIMP2) SOS": -1.9765957620968357}, "Final E(HF)": {"Final E(HF)": -609.9988793461858}, "filename": "json_logs/ILE_xaj_49.json", "finish_time": {"time": "Sat Feb  4 10:29:00 2023\n", "total_time": 19.693478052}, "start_time": {"time": "Sat Feb  4 10:28:41 2023\n"}, "title": "/scratch/kx58/jm0124/tempJsons/ILE_xaj_49.json", "total_energy": {"total_energy": -612.033443163062}}