{"E(RIMP2 (OS))": {"E(RIMP2 (OS))": -1.5217234607778558}, "E(RIMP2 (SS))": {"E(RIMP2 (SS))": -0.5144874583705088}, "E(RIMP2)": {"E(RIMP2)": -2.0362109191483646}, "E(RIMP2) SOS": {"E(RIMP2) SOS": -1.9782404990112126}, "Final E(HF)": {"Final E(HF)": -609.9988438035776}, "filename": "json_logs/ILE_xaj_50.json", "finish_time": {"time": "Sat Feb  4 10:29:00 2023\n", "total_time": 19.68548473}, "start_time": {"time": "Sat Feb  4 10:28:41 2023\n"}, "title": "/scratch/kx58/jm0124/tempJsons/ILE_xaj_50.json", "total_energy": {"total_energy": -612.0350547227259}}