{"E(RIMP2 (OS))": {"E(RIMP2 (OS))": -1.5194589157146061}, "E(RIMP2 (SS))": {"E(RIMP2 (SS))": -0.5131453063328363}, "E(RIMP2)": {"E(RIMP2)": -2.0326042220474423}, "E(RIMP2) SOS": {"E(RIMP2) SOS": -1.975296590428988}, "Final E(HF)": {"Final E(HF)": -609.9999262142538}, "filename": "json_logs/ILE_xaj_51.json", "finish_time": {"time": "Sat Feb  4 10:29:00 2023\n", "total_time": 19.315617727000003}, "start_time": {"time": "Sat Feb  4 10:28:41 2023\n"}, "title": "/scratch/kx58/jm0124/tempJsons/ILE_xaj_51.json", "total_energy": {"total_energy": -612.0325304363013}}