{"E(RIMP2 (OS))": {"E(RIMP2 (OS))": -1.5196732469520629}, "E(RIMP2 (SS))": {"E(RIMP2 (SS))": -0.5140405596558618}, "E(RIMP2)": {"E(RIMP2)": -2.0337138066079246}, "E(RIMP2) SOS": {"E(RIMP2) SOS": -1.9755752210376818}, "Final E(HF)": {"Final E(HF)": -610.0096114300503}, "filename": "json_logs/ILE_xaj_3.json", "finish_time": {"time": "Sat Feb  4 10:30:36 2023\n", "total_time": 19.202214297999998}, "start_time": {"time": "Sat Feb  4 10:30:17 2023\n"}, "title": "/scratch/kx58/jm0124/tempJsons/ILE_xaj_3.json", "total_energy": {"total_energy": -612.0433252366582}}