{"E(RIMP2 (OS))": {"E(RIMP2 (OS))": -1.5209340717404067}, "E(RIMP2 (SS))": {"E(RIMP2 (SS))": -0.5149492193139}, "E(RIMP2)": {"E(RIMP2)": -2.035883291054307}, "E(RIMP2) SOS": {"E(RIMP2) SOS": -1.9772142932625287}, "Final E(HF)": {"Final E(HF)": -610.0053257025065}, "filename": "json_logs/ILE_xaj_5.json", "finish_time": {"time": "Sat Feb  4 10:30:35 2023\n", "total_time": 18.515725576}, "start_time": {"time": "Sat Feb  4 10:30:16 2023\n"}, "title": "/scratch/kx58/jm0124/tempJsons/ILE_xaj_5.json", "total_energy": {"total_energy": -612.0412089935608}}