{"E(RIMP2 (OS))": {"E(RIMP2 (OS))": -1.5197553915507287}, "E(RIMP2 (SS))": {"E(RIMP2 (SS))": -0.5141784019648664}, "E(RIMP2)": {"E(RIMP2)": -2.0339337935155952}, "E(RIMP2) SOS": {"E(RIMP2) SOS": -1.9756820090159475}, "Final E(HF)": {"Final E(HF)": -610.00877651612}, "filename": "json_logs/ILE_xaj_6.json", "finish_time": {"time": "Sat Feb  4 10:30:30 2023\n", "total_time": 17.66509282}, "start_time": {"time": "Sat Feb  4 10:30:12 2023\n"}, "title": "/scratch/kx58/jm0124/tempJsons/ILE_xaj_6.json", "total_energy": {"total_energy": -612.0427103096355}}