{"E(RIMP2 (OS))": {"E(RIMP2 (OS))": -1.5205088926775094}, "E(RIMP2 (SS))": {"E(RIMP2 (SS))": -0.514727166616764}, "E(RIMP2)": {"E(RIMP2)": -2.0352360592942733}, "E(RIMP2) SOS": {"E(RIMP2) SOS": -1.9766615604807622}, "Final E(HF)": {"Final E(HF)": -610.0073176619933}, "filename": "json_logs/ILE_xaj_9.json", "finish_time": {"time": "Sat Feb  4 10:30:20 2023\n", "total_time": 18.468294959999998}, "start_time": {"time": "Sat Feb  4 10:30:01 2023\n"}, "title": "/scratch/kx58/jm0124/tempJsons/ILE_xaj_9.json", "total_energy": {"total_energy": -612.0425537212876}}