{"E(RIMP2 (OS))": {"E(RIMP2 (OS))": -1.5187587990522746}, "E(RIMP2 (SS))": {"E(RIMP2 (SS))": -0.5132990702176271}, "E(RIMP2)": {"E(RIMP2)": -2.032057869269902}, "E(RIMP2) SOS": {"E(RIMP2) SOS": -1.974386438767957}, "Final E(HF)": {"Final E(HF)": -610.0106700063747}, "filename": "json_logs/ILE_xaj_10.json", "finish_time": {"time": "Sat Feb  4 10:30:15 2023\n", "total_time": 15.652067395}, "start_time": {"time": "Sat Feb  4 10:29:59 2023\n"}, "title": "/scratch/kx58/jm0124/tempJsons/ILE_xaj_10.json", "total_energy": {"total_energy": -612.0427278756446}}