{"E(RIMP2 (OS))": {"E(RIMP2 (OS))": -1.5215217512168953}, "E(RIMP2 (SS))": {"E(RIMP2 (SS))": -0.5153689357279166}, "E(RIMP2)": {"E(RIMP2)": -2.036890686944812}, "E(RIMP2) SOS": {"E(RIMP2) SOS": -1.977978276581964}, "Final E(HF)": {"Final E(HF)": -610.0043517368194}, "filename": "json_logs/ILE_xaj_11.json", "finish_time": {"time": "Sat Feb  4 10:30:16 2023\n", "total_time": 18.740789743}, "start_time": {"time": "Sat Feb  4 10:29:57 2023\n"}, "title": "/scratch/kx58/jm0124/tempJsons/ILE_xaj_11.json", "total_energy": {"total_energy": -612.0412424237643}}