{"E(RIMP2 (OS))": {"E(RIMP2 (OS))": -1.5223795317858968}, "E(RIMP2 (SS))": {"E(RIMP2 (SS))": -0.515771496848785}, "E(RIMP2)": {"E(RIMP2)": -2.038151028634682}, "E(RIMP2) SOS": {"E(RIMP2) SOS": -1.979093391321666}, "Final E(HF)": {"Final E(HF)": -610.0010892849447}, "filename": "json_logs/ILE_xaj_16.json", "finish_time": {"time": "Sat Feb  4 10:30:11 2023\n", "total_time": 18.804585993}, "start_time": {"time": "Sat Feb  4 10:29:52 2023\n"}, "title": "/scratch/kx58/jm0124/tempJsons/ILE_xaj_16.json", "total_energy": {"total_energy": -612.0392403135793}}