{"E(RIMP2 (OS))": {"E(RIMP2 (OS))": -1.51985621963164}, "E(RIMP2 (SS))": {"E(RIMP2 (SS))": -0.5142638769313388}, "E(RIMP2)": {"E(RIMP2)": -2.0341200965629787}, "E(RIMP2) SOS": {"E(RIMP2) SOS": -1.9758130855211322}, "Final E(HF)": {"Final E(HF)": -610.0078350287403}, "filename": "json_logs/ILE_xaj_17.json", "finish_time": {"time": "Sat Feb  4 10:30:00 2023\n", "total_time": 18.779011955999998}, "start_time": {"time": "Sat Feb  4 10:29:41 2023\n"}, "title": "/scratch/kx58/jm0124/tempJsons/ILE_xaj_17.json", "total_energy": {"total_energy": -612.0419551253032}}