{"E(RIMP2 (OS))": {"E(RIMP2 (OS))": -0.5688845289373571}, "E(RIMP2 (SS))": {"E(RIMP2 (SS))": -0.1083300972396699}, "E(RIMP2)": {"E(RIMP2)": -0.677214626177027}, "E(RIMP2) SOS": {"E(RIMP2) SOS": -0.7395498876185642}, "Final E(HF)": {"Final E(HF)": -602.3017087666251}, "filename": "json_logs/ILEy2bzugt6os.json", "finish_time": {"time": "Sat Feb  4 11:50:21 2023\n", "total_time": 3.0938663190000004}, "start_time": {"time": "Sat Feb  4 11:50:18 2023\n"}, "title": "/scratch/kx58/jm0124/tempJsons/ILEy2bzugt6os.json", "total_energy": {"total_energy": -602.9789233928021}}