{"E(RIMP2 (OS))": {"E(RIMP2 (OS))": -0.5684437617055306}, "E(RIMP2 (SS))": {"E(RIMP2 (SS))": -0.10790926452708079}, "E(RIMP2)": {"E(RIMP2)": -0.6763530262326114}, "E(RIMP2) SOS": {"E(RIMP2) SOS": -0.7389768902171898}, "Final E(HF)": {"Final E(HF)": -602.2995455956755}, "filename": "json_logs/34_xf39q6vl2c.json", "finish_time": {"time": "Sat Feb  4 11:53:58 2023\n", "total_time": 2.88219437}, "start_time": {"time": "Sat Feb  4 11:53:55 2023\n"}, "title": "/scratch/kx58/jm0124/tempJsons/34_xf39q6vl2c.json", "total_energy": {"total_energy": -602.9758986219081}}