{"E(RIMP2 (OS))": {"E(RIMP2 (OS))": -0.571237989220772}, "E(RIMP2 (SS))": {"E(RIMP2 (SS))": -0.10981798030254786}, "E(RIMP2)": {"E(RIMP2)": -0.6810559695233198}, "E(RIMP2) SOS": {"E(RIMP2) SOS": -0.7426093859870035}, "Final E(HF)": {"Final E(HF)": -602.2949974426197}, "filename": "json_logs/TVKAHL677F_dcef7qog92.json", "finish_time": {"time": "Sat Feb  4 11:53:55 2023\n", "total_time": 2.839115028}, "start_time": {"time": "Sat Feb  4 11:53:52 2023\n"}, "title": "/scratch/kx58/jm0124/tempJsons/TVKAHL677F_dcef7qog92.json", "total_energy": {"total_energy": -602.976053412143}}