{"E(RIMP2 (OS))": {"E(RIMP2 (OS))": -0.569288369930334}, "E(RIMP2 (SS))": {"E(RIMP2 (SS))": -0.10840838954753218}, "E(RIMP2)": {"E(RIMP2)": -0.6776967594778662}, "E(RIMP2) SOS": {"E(RIMP2) SOS": -0.7400748809094343}, "Final E(HF)": {"Final E(HF)": -602.2981616798756}, "filename": "json_logs/XTO41E82J3_636bj0zxan.json", "finish_time": {"time": "Sat Feb  4 11:54:58 2023\n", "total_time": 2.626507042}, "start_time": {"time": "Sat Feb  4 11:54:56 2023\n"}, "title": "/scratch/kx58/jm0124/tempJsons/XTO41E82J3_636bj0zxan.json", "total_energy": {"total_energy": -602.9758584393535}}