{"E(RIMP2 (OS))": {"E(RIMP2 (OS))": -0.5687102100735075}, "E(RIMP2 (SS))": {"E(RIMP2 (SS))": -0.10819674278264622}, "E(RIMP2)": {"E(RIMP2)": -0.6769069528561538}, "E(RIMP2) SOS": {"E(RIMP2) SOS": -0.7393232730955598}, "Final E(HF)": {"Final E(HF)": -602.2987613359633}, "filename": "json_logs/RH2B7HV8QU_7asfmjzj44.json", "finish_time": {"time": "Sat Feb  4 11:59:35 2023\n", "total_time": 2.683811687}, "start_time": {"time": "Sat Feb  4 11:59:33 2023\n"}, "title": "/scratch/kx58/jm0124/tempJsons/RH2B7HV8QU_7asfmjzj44.json", "total_energy": {"total_energy": -602.9756682888194}}