{"E(RIMP2 (OS))": {"E(RIMP2 (OS))": -0.571003688645207}, "E(RIMP2 (SS))": {"E(RIMP2 (SS))": -0.1097189170738245}, "E(RIMP2)": {"E(RIMP2)": -0.6807226057190315}, "E(RIMP2) SOS": {"E(RIMP2) SOS": -0.7423047952387691}, "Final E(HF)": {"Final E(HF)": -602.2947584097554}, "filename": "json_logs/51_39u9l75ju9.json", "finish_time": {"time": "Sat Feb  4 11:50:24 2023\n", "total_time": 2.823862176}, "start_time": {"time": "Sat Feb  4 11:50:21 2023\n"}, "title": "/scratch/kx58/jm0124/tempJsons/51_39u9l75ju9.json", "total_energy": {"total_energy": -602.9754810154744}}