{"E(RIMP2 (OS))": {"E(RIMP2 (OS))": -0.57008425972321}, "E(RIMP2 (SS))": {"E(RIMP2 (SS))": -0.10922096172586657}, "E(RIMP2)": {"E(RIMP2)": -0.6793052214490766}, "E(RIMP2) SOS": {"E(RIMP2) SOS": -0.741109537640173}, "Final E(HF)": {"Final E(HF)": -602.295963013652}, "filename": "json_logs/86_jmpp56ca4m.json", "finish_time": {"time": "Sat Feb  4 11:58:25 2023\n", "total_time": 2.657086825}, "start_time": {"time": "Sat Feb  4 11:58:22 2023\n"}, "title": "/scratch/kx58/jm0124/tempJsons/86_jmpp56ca4m.json", "total_energy": {"total_energy": -602.9752682351011}}