{"E(RIMP2 (OS))": {"E(RIMP2 (OS))": -0.5690930340644975}, "E(RIMP2 (SS))": {"E(RIMP2 (SS))": -0.10841236537909049}, "E(RIMP2)": {"E(RIMP2)": -0.677505399443588}, "E(RIMP2) SOS": {"E(RIMP2) SOS": -0.7398209442838468}, "Final E(HF)": {"Final E(HF)": -602.2976453646594}, "filename": "json_logs/P1VLJGWZNP_tfixrg7ifo.json", "finish_time": {"time": "Sat Feb  4 11:51:57 2023\n", "total_time": 2.655059479}, "start_time": {"time": "Sat Feb  4 11:51:55 2023\n"}, "title": "/scratch/kx58/jm0124/tempJsons/P1VLJGWZNP_tfixrg7ifo.json", "total_energy": {"total_energy": -602.975150764103}}