{"E(RIMP2 (OS))": {"E(RIMP2 (OS))": -0.5698198918106095}, "E(RIMP2 (SS))": {"E(RIMP2 (SS))": -0.10880487522589893}, "E(RIMP2)": {"E(RIMP2)": -0.6786247670365084}, "E(RIMP2) SOS": {"E(RIMP2) SOS": -0.7407658593537925}, "Final E(HF)": {"Final E(HF)": -602.296214793372}, "filename": "json_logs/47_hlqis6j4dg.json", "finish_time": {"time": "Sat Feb  4 11:52:58 2023\n", "total_time": 2.769405361}, "start_time": {"time": "Sat Feb  4 11:52:55 2023\n"}, "title": "/scratch/kx58/jm0124/tempJsons/47_hlqis6j4dg.json", "total_energy": {"total_energy": -602.9748395604086}}