{"E(RIMP2 (OS))": {"E(RIMP2 (OS))": -0.5691635077074626}, "E(RIMP2 (SS))": {"E(RIMP2 (SS))": -0.10770329767640006}, "E(RIMP2)": {"E(RIMP2)": -0.6768668053838627}, "E(RIMP2) SOS": {"E(RIMP2) SOS": -0.7399125600197014}, "Final E(HF)": {"Final E(HF)": -602.2977035214493}, "filename": "json_logs/8EJ0LUZ1O5_wvztz312ny.json", "finish_time": {"time": "Sat Feb  4 11:52:57 2023\n", "total_time": 3.003744905}, "start_time": {"time": "Sat Feb  4 11:52:54 2023\n"}, "title": "/scratch/kx58/jm0124/tempJsons/8EJ0LUZ1O5_wvztz312ny.json", "total_energy": {"total_energy": -602.9745703268331}}