{"E(RIMP2 (OS))": {"E(RIMP2 (OS))": -0.5685973649022196}, "E(RIMP2 (SS))": {"E(RIMP2 (SS))": -0.10770075954294378}, "E(RIMP2)": {"E(RIMP2)": -0.6762981244451634}, "E(RIMP2) SOS": {"E(RIMP2) SOS": -0.7391765743728854}, "Final E(HF)": {"Final E(HF)": -602.2970335707885}, "filename": "json_logs/3_jv9tmfbjcv.json", "finish_time": {"time": "Sat Feb  4 11:51:08 2023\n", "total_time": 2.7584835610000003}, "start_time": {"time": "Sat Feb  4 11:51:06 2023\n"}, "title": "/scratch/kx58/jm0124/tempJsons/3_jv9tmfbjcv.json", "total_energy": {"total_energy": -602.9733316952336}}