{"E(RIMP2 (OS))": {"E(RIMP2 (OS))": -0.5691622182562902}, "E(RIMP2 (SS))": {"E(RIMP2 (SS))": -0.10862293935828267}, "E(RIMP2)": {"E(RIMP2)": -0.6777851576145729}, "E(RIMP2) SOS": {"E(RIMP2) SOS": -0.7399108837331773}, "Final E(HF)": {"Final E(HF)": -602.3009567428405}, "filename": "json_logs/P1VLJGWZNP_672lakxod3.json", "finish_time": {"time": "Sat Feb  4 11:51:59 2023\n", "total_time": 2.819100681}, "start_time": {"time": "Sat Feb  4 11:51:57 2023\n"}, "title": "/scratch/kx58/jm0124/tempJsons/P1VLJGWZNP_672lakxod3.json", "total_energy": {"total_energy": -602.9787419004551}}