{"E(RIMP2 (OS))": {"E(RIMP2 (OS))": -0.5695254241960138}, "E(RIMP2 (SS))": {"E(RIMP2 (SS))": -0.10888404464340343}, "E(RIMP2)": {"E(RIMP2)": -0.6784094688394172}, "E(RIMP2) SOS": {"E(RIMP2) SOS": -0.740383051454818}, "Final E(HF)": {"Final E(HF)": -602.3002452643414}, "filename": "json_logs/0_72cy3d4vvb.json", "finish_time": {"time": "Sat Feb  4 11:51:07 2023\n", "total_time": 2.890106061}, "start_time": {"time": "Sat Feb  4 11:51:04 2023\n"}, "title": "/scratch/kx58/jm0124/tempJsons/0_72cy3d4vvb.json", "total_energy": {"total_energy": -602.9786547331809}}