{"E(RIMP2 (OS))": {"E(RIMP2 (OS))": -0.5700380077811592}, "E(RIMP2 (SS))": {"E(RIMP2 (SS))": -0.10912824562415097}, "E(RIMP2)": {"E(RIMP2)": -0.6791662534053102}, "E(RIMP2) SOS": {"E(RIMP2) SOS": -0.741049410115507}, "Final E(HF)": {"Final E(HF)": -602.2993556673351}, "filename": "json_logs/C25MF85OS8_kswysjb91m.json", "finish_time": {"time": "Sat Feb  4 11:52:01 2023\n", "total_time": 2.563395502}, "start_time": {"time": "Sat Feb  4 11:51:58 2023\n"}, "title": "/scratch/kx58/jm0124/tempJsons/C25MF85OS8_kswysjb91m.json", "total_energy": {"total_energy": -602.9785219207404}}