{"E(RIMP2 (OS))": {"E(RIMP2 (OS))": -0.5690021374435378}, "E(RIMP2 (SS))": {"E(RIMP2 (SS))": -0.10841903345162895}, "E(RIMP2)": {"E(RIMP2)": -0.6774211708951667}, "E(RIMP2) SOS": {"E(RIMP2) SOS": -0.7397027786765992}, "Final E(HF)": {"Final E(HF)": -602.3006826456314}, "filename": "json_logs/YEV8PSNP5R_hesknocqcp.json", "finish_time": {"time": "Sat Feb  4 11:51:10 2023\n", "total_time": 2.914132006}, "start_time": {"time": "Sat Feb  4 11:51:07 2023\n"}, "title": "/scratch/kx58/jm0124/tempJsons/YEV8PSNP5R_hesknocqcp.json", "total_energy": {"total_energy": -602.9781038165265}}