{"E(RIMP2 (OS))": {"E(RIMP2 (OS))": -0.5684596517467979}, "E(RIMP2 (SS))": {"E(RIMP2 (SS))": -0.10800944522504086}, "E(RIMP2)": {"E(RIMP2)": -0.6764690969718388}, "E(RIMP2) SOS": {"E(RIMP2) SOS": -0.7389975472708373}, "Final E(HF)": {"Final E(HF)": -602.3014540599734}, "filename": "json_logs/P1VLJGWZNP_zv942h4mxa.json", "finish_time": {"time": "Sat Feb  4 11:52:59 2023\n", "total_time": 2.679485674}, "start_time": {"time": "Sat Feb  4 11:52:56 2023\n"}, "title": "/scratch/kx58/jm0124/tempJsons/P1VLJGWZNP_zv942h4mxa.json", "total_energy": {"total_energy": -602.9779231569453}}