{"E(RIMP2 (OS))": {"E(RIMP2 (OS))": -0.5697852830246799}, "E(RIMP2 (SS))": {"E(RIMP2 (SS))": -0.10913129269090246}, "E(RIMP2)": {"E(RIMP2)": -0.6789165757155824}, "E(RIMP2) SOS": {"E(RIMP2) SOS": -0.7407208679320839}, "Final E(HF)": {"Final E(HF)": -602.2977037638968}, "filename": "json_logs/0_k5ilvvckcf.json", "finish_time": {"time": "Sat Feb  4 11:52:00 2023\n", "total_time": 2.613019319}, "start_time": {"time": "Sat Feb  4 11:51:58 2023\n"}, "title": "/scratch/kx58/jm0124/tempJsons/0_k5ilvvckcf.json", "total_energy": {"total_energy": -602.9766203396124}}