{"E(RIMP2 (OS))": {"E(RIMP2 (OS))": -0.5701933259879958}, "E(RIMP2 (SS))": {"E(RIMP2 (SS))": -0.10913312087990616}, "E(RIMP2)": {"E(RIMP2)": -0.6793264468679019}, "E(RIMP2) SOS": {"E(RIMP2) SOS": -0.7412513237843945}, "Final E(HF)": {"Final E(HF)": -602.2972319255254}, "filename": "json_logs/P1VLJGWZNP_xhkiqf7otw.json", "finish_time": {"time": "Sat Feb  4 11:56:03 2023\n", "total_time": 3.164257349}, "start_time": {"time": "Sat Feb  4 11:56:00 2023\n"}, "title": "/scratch/kx58/jm0124/tempJsons/P1VLJGWZNP_xhkiqf7otw.json", "total_energy": {"total_energy": -602.9765583723934}}