{"E(RIMP2 (OS))": {"E(RIMP2 (OS))": -0.5685924155818023}, "E(RIMP2 (SS))": {"E(RIMP2 (SS))": -0.10814613062305492}, "E(RIMP2)": {"E(RIMP2)": -0.6767385462048572}, "E(RIMP2) SOS": {"E(RIMP2) SOS": -0.739170140256343}, "Final E(HF)": {"Final E(HF)": -602.299338359116}, "filename": "json_logs/47_yeqjlb3ywz.json", "finish_time": {"time": "Sat Feb  4 11:51:12 2023\n", "total_time": 2.6426041540000003}, "start_time": {"time": "Sat Feb  4 11:51:09 2023\n"}, "title": "/scratch/kx58/jm0124/tempJsons/47_yeqjlb3ywz.json", "total_energy": {"total_energy": -602.9760769053207}}