{"E(RIMP2 (OS))": {"E(RIMP2 (OS))": -0.5493621678610647}, "E(RIMP2 (SS))": {"E(RIMP2 (SS))": -0.09645452487625673}, "E(RIMP2)": {"E(RIMP2)": -0.6458166927373215}, "E(RIMP2) SOS": {"E(RIMP2) SOS": -0.7141708182193842}, "Final E(HF)": {"Final E(HF)": -602.3273544256831}, "filename": "json_logs/RJFYID77AK_3bbt36b98m.json", "finish_time": {"time": "Sat Feb  4 12:05:01 2023\n", "total_time": 2.633630209}, "start_time": {"time": "Sat Feb  4 12:04:58 2023\n"}, "title": "/scratch/kx58/jm0124/tempJsons/RJFYID77AK_3bbt36b98m.json", "total_energy": {"total_energy": -602.9731711184204}}