{"E(RIMP2 (OS))": {"E(RIMP2 (OS))": -3.523000475137929}, "E(RIMP2 (SS))": {"E(RIMP2 (SS))": -1.3643759554190809}, "E(RIMP2)": {"E(RIMP2)": -4.88737643055701}, "E(RIMP2) SOS": {"E(RIMP2) SOS": -4.579900617679308}, "Final E(HF)": {"Final E(HF)": -2636.0859199907945}, "filename": "json_logs/4_r3zjj31g7n.json", "finish_time": {"time": "Fri Feb 24 20:53:53 2023\n", "total_time": 22.066043082}, "start_time": {"time": "Fri Feb 24 20:53:31 2023\n"}, "title": "/scratch/kx58/jm0124/tempJsons/4_r3zjj31g7n.json", "total_energy": {"total_energy": -2640.9732964213517}}