{"E(RIMP2 (OS))": {"E(RIMP2 (OS))": -3.524801737037799}, "E(RIMP2 (SS))": {"E(RIMP2 (SS))": -1.3637625270388594}, "E(RIMP2)": {"E(RIMP2)": -4.888564264076658}, "E(RIMP2) SOS": {"E(RIMP2) SOS": -4.582242258149138}, "Final E(HF)": {"Final E(HF)": -2636.0779370442397}, "filename": "json_logs/20_3izn4iepvs.json", "finish_time": {"time": "Fri Feb 24 21:12:38 2023\n", "total_time": 20.295533959}, "start_time": {"time": "Fri Feb 24 21:12:18 2023\n"}, "title": "/scratch/kx58/jm0124/tempJsons/20_3izn4iepvs.json", "total_energy": {"total_energy": -2640.9665013083163}}