{"E(RIMP2 (OS))": {"E(RIMP2 (OS))": -3.5197410708172168}, "E(RIMP2 (SS))": {"E(RIMP2 (SS))": -1.3621138702519284}, "E(RIMP2)": {"E(RIMP2)": -4.881854941069145}, "E(RIMP2) SOS": {"E(RIMP2) SOS": -4.575663392062382}, "Final E(HF)": {"Final E(HF)": -2636.081738819499}, "filename": "json_logs/14_whict6uw9u.json", "finish_time": {"time": "Fri Feb 24 21:31:58 2023\n", "total_time": 17.426327369}, "start_time": {"time": "Fri Feb 24 21:31:41 2023\n"}, "title": "/scratch/kx58/jm0124/tempJsons/14_whict6uw9u.json", "total_energy": {"total_energy": -2640.9635937605685}}