{"E(RIMP2 (OS))": {"E(RIMP2 (OS))": -3.5316015379143786}, "E(RIMP2 (SS))": {"E(RIMP2 (SS))": -1.3706738285882598}, "E(RIMP2)": {"E(RIMP2)": -4.902275366502638}, "E(RIMP2) SOS": {"E(RIMP2) SOS": -4.591081999288693}, "Final E(HF)": {"Final E(HF)": -2636.0615348286256}, "filename": "json_logs/4_nccf8tggk8.json", "finish_time": {"time": "Fri Feb 24 20:51:51 2023\n", "total_time": 19.676905349000002}, "start_time": {"time": "Fri Feb 24 20:51:31 2023\n"}, "title": "/scratch/kx58/jm0124/tempJsons/4_nccf8tggk8.json", "total_energy": {"total_energy": -2640.963810195128}}