{"E(RIMP2 (OS))": {"E(RIMP2 (OS))": -3.516370394907201}, "E(RIMP2 (SS))": {"E(RIMP2 (SS))": -1.3578399761724835}, "E(RIMP2)": {"E(RIMP2)": -4.874210371079684}, "E(RIMP2) SOS": {"E(RIMP2) SOS": -4.571281513379361}, "Final E(HF)": {"Final E(HF)": -2636.088084997393}, "filename": "json_logs/14_a6rsybszbj.json", "finish_time": {"time": "Fri Feb 24 21:30:33 2023\n", "total_time": 20.281142484}, "start_time": {"time": "Fri Feb 24 21:30:13 2023\n"}, "title": "/scratch/kx58/jm0124/tempJsons/14_a6rsybszbj.json", "total_energy": {"total_energy": -2640.9622953684725}}