{"E(RIMP2 (OS))": {"E(RIMP2 (OS))": -3.5245052327903017}, "E(RIMP2 (SS))": {"E(RIMP2 (SS))": -1.3642204681811347}, "E(RIMP2)": {"E(RIMP2)": -4.888725700971436}, "E(RIMP2) SOS": {"E(RIMP2) SOS": -4.581856802627392}, "Final E(HF)": {"Final E(HF)": -2636.073819062156}, "filename": "json_logs/43_ygxs7izppw.json", "finish_time": {"time": "Fri Feb 24 21:05:52 2023\n", "total_time": 20.45874934}, "start_time": {"time": "Fri Feb 24 21:05:32 2023\n"}, "title": "/scratch/kx58/jm0124/tempJsons/43_ygxs7izppw.json", "total_energy": {"total_energy": -2640.9625447631274}}