{"E(RIMP2 (OS))": {"E(RIMP2 (OS))": -3.5169676350167856}, "E(RIMP2 (SS))": {"E(RIMP2 (SS))": -1.3583909277022985}, "E(RIMP2)": {"E(RIMP2)": -4.875358562719084}, "E(RIMP2) SOS": {"E(RIMP2) SOS": -4.572057925521821}, "Final E(HF)": {"Final E(HF)": -2636.0862840262507}, "filename": "json_logs/14_p0epuksqaw.json", "finish_time": {"time": "Fri Feb 24 21:11:54 2023\n", "total_time": 20.352913723999997}, "start_time": {"time": "Fri Feb 24 21:11:34 2023\n"}, "title": "/scratch/kx58/jm0124/tempJsons/14_p0epuksqaw.json", "total_energy": {"total_energy": -2640.96164258897}}