{"E(RIMP2 (OS))": {"E(RIMP2 (OS))": -3.5318189502960067}, "E(RIMP2 (SS))": {"E(RIMP2 (SS))": -1.368767597948379}, "E(RIMP2)": {"E(RIMP2)": -4.9005865482443856}, "E(RIMP2) SOS": {"E(RIMP2) SOS": -4.591364635384809}, "Final E(HF)": {"Final E(HF)": -2636.0622123471503}, "filename": "json_logs/8_xs8euqx336.json", "finish_time": {"time": "Fri Feb 24 21:24:38 2023\n", "total_time": 20.687604287}, "start_time": {"time": "Fri Feb 24 21:24:18 2023\n"}, "title": "/scratch/kx58/jm0124/tempJsons/8_xs8euqx336.json", "total_energy": {"total_energy": -2640.962798895395}}