{"E(RIMP2 (OS))": {"E(RIMP2 (OS))": -3.5266177477397367}, "E(RIMP2 (SS))": {"E(RIMP2 (SS))": -1.3665138756520294}, "E(RIMP2)": {"E(RIMP2)": -4.893131623391766}, "E(RIMP2) SOS": {"E(RIMP2) SOS": -4.5846030720616575}, "Final E(HF)": {"Final E(HF)": -2636.068328031937}, "filename": "json_logs/ANP-ngpus4-1-0.0_p8secdlj2g.json", "finish_time": {"time": "Fri Feb 24 20:51:08 2023\n", "total_time": 23.613561093}, "start_time": {"time": "Fri Feb 24 20:50:45 2023\n"}, "title": "/scratch/kx58/jm0124/tempJsons/ANP-ngpus4-1-0.0_p8secdlj2g.json", "total_energy": {"total_energy": -2640.961459655329}}