{"E(RIMP2 (OS))": {"E(RIMP2 (OS))": -3.517930249672762}, "E(RIMP2 (SS))": {"E(RIMP2 (SS))": -1.3598767867685895}, "E(RIMP2)": {"E(RIMP2)": -4.877807036441351}, "E(RIMP2) SOS": {"E(RIMP2) SOS": -4.57330932457459}, "Final E(HF)": {"Final E(HF)": -2636.0830510765663}, "filename": "json_logs/ANP-ngpus4-1-90.0_qo5d437yks.json", "finish_time": {"time": "Fri Feb 24 20:40:21 2023\n", "total_time": 22.433355766000002}, "start_time": {"time": "Fri Feb 24 20:39:59 2023\n"}, "title": "/scratch/kx58/jm0124/tempJsons/ANP-ngpus4-1-90.0_qo5d437yks.json", "total_energy": {"total_energy": -2640.9608581130074}}