{"E(RIMP2 (OS))": {"E(RIMP2 (OS))": -3.523984047237844}, "E(RIMP2 (SS))": {"E(RIMP2 (SS))": -1.3646170094972638}, "E(RIMP2)": {"E(RIMP2)": -4.888601056735108}, "E(RIMP2) SOS": {"E(RIMP2) SOS": -4.581179261409197}, "Final E(HF)": {"Final E(HF)": -2636.0724728507666}, "filename": "json_logs/43_sl7308qbcc.json", "finish_time": {"time": "Fri Feb 24 21:06:19 2023\n", "total_time": 23.221723802}, "start_time": {"time": "Fri Feb 24 21:05:56 2023\n"}, "title": "/scratch/kx58/jm0124/tempJsons/43_sl7308qbcc.json", "total_energy": {"total_energy": -2640.9610739075015}}