{"E(RIMP2 (OS))": {"E(RIMP2 (OS))": -3.522114804011807}, "E(RIMP2 (SS))": {"E(RIMP2 (SS))": -1.3627846290901917}, "E(RIMP2)": {"E(RIMP2)": -4.884899433101999}, "E(RIMP2) SOS": {"E(RIMP2) SOS": -4.5787492452153495}, "Final E(HF)": {"Final E(HF)": -2636.088488552473}, "filename": "json_logs/8_djr3z2lmfl.json", "finish_time": {"time": "Fri Feb 24 21:29:25 2023\n", "total_time": 22.142684804}, "start_time": {"time": "Fri Feb 24 21:29:03 2023\n"}, "title": "/scratch/kx58/jm0124/tempJsons/8_djr3z2lmfl.json", "total_energy": {"total_energy": -2640.973387985575}}