{"E(RIMP2 (OS))": {"E(RIMP2 (OS))": -3.525986811827088}, "E(RIMP2 (SS))": {"E(RIMP2 (SS))": -1.366492448508632}, "E(RIMP2)": {"E(RIMP2)": -4.89247926033572}, "E(RIMP2) SOS": {"E(RIMP2) SOS": -4.5837828553752145}, "Final E(HF)": {"Final E(HF)": -2636.080693148542}, "filename": "json_logs/17_yi9vmun148.json", "finish_time": {"time": "Fri Feb 24 20:53:25 2023\n", "total_time": 20.961801466}, "start_time": {"time": "Fri Feb 24 20:53:04 2023\n"}, "title": "/scratch/kx58/jm0124/tempJsons/17_yi9vmun148.json", "total_energy": {"total_energy": -2640.973172408878}}