{"E(RIMP2 (OS))": {"E(RIMP2 (OS))": -3.519635669191416}, "E(RIMP2 (SS))": {"E(RIMP2 (SS))": -1.3616274611963068}, "E(RIMP2)": {"E(RIMP2)": -4.8812631303877225}, "E(RIMP2) SOS": {"E(RIMP2) SOS": -4.575526369948841}, "Final E(HF)": {"Final E(HF)": -2636.0872721028927}, "filename": "json_logs/14_zu2yw2906u.json", "finish_time": {"time": "Fri Feb 24 21:18:04 2023\n", "total_time": 21.53092453}, "start_time": {"time": "Fri Feb 24 21:17:42 2023\n"}, "title": "/scratch/kx58/jm0124/tempJsons/14_zu2yw2906u.json", "total_energy": {"total_energy": -2640.9685352332804}}