{"E(RIMP2 (OS))": {"E(RIMP2 (OS))": -3.520224586909922}, "E(RIMP2 (SS))": {"E(RIMP2 (SS))": -1.3622559568326091}, "E(RIMP2)": {"E(RIMP2)": -4.882480543742531}, "E(RIMP2) SOS": {"E(RIMP2) SOS": -4.576291962982898}, "Final E(HF)": {"Final E(HF)": -2636.0840757179076}, "filename": "json_logs/10_khwgoovatn.json", "finish_time": {"time": "Fri Feb 24 20:42:26 2023\n", "total_time": 22.517947794}, "start_time": {"time": "Fri Feb 24 20:42:04 2023\n"}, "title": "/scratch/kx58/jm0124/tempJsons/10_khwgoovatn.json", "total_energy": {"total_energy": -2640.96655626165}}