{"E(RIMP2 (OS))": {"E(RIMP2 (OS))": -3.5176973076137825}, "E(RIMP2 (SS))": {"E(RIMP2 (SS))": -1.360157644527705}, "E(RIMP2)": {"E(RIMP2)": -4.877854952141488}, "E(RIMP2) SOS": {"E(RIMP2) SOS": -4.573006499897917}, "Final E(HF)": {"Final E(HF)": -2636.0882935519658}, "filename": "json_logs/14_wyme92r61e.json", "finish_time": {"time": "Fri Feb 24 20:52:55 2023\n", "total_time": 22.775152655000003}, "start_time": {"time": "Fri Feb 24 20:52:32 2023\n"}, "title": "/scratch/kx58/jm0124/tempJsons/14_wyme92r61e.json", "total_energy": {"total_energy": -2640.966148504107}}