{"E(RIMP2 (OS))": {"E(RIMP2 (OS))": -3.5210473308686008}, "E(RIMP2 (SS))": {"E(RIMP2 (SS))": -1.3628824614603}, "E(RIMP2)": {"E(RIMP2)": -4.8839297923289005}, "E(RIMP2) SOS": {"E(RIMP2) SOS": -4.577361530129181}, "Final E(HF)": {"Final E(HF)": -2636.0822727660034}, "filename": "json_logs/10_tyb2g7vs9x.json", "finish_time": {"time": "Fri Feb 24 20:51:05 2023\n", "total_time": 19.941087539}, "start_time": {"time": "Fri Feb 24 20:50:45 2023\n"}, "title": "/scratch/kx58/jm0124/tempJsons/10_tyb2g7vs9x.json", "total_energy": {"total_energy": -2640.966202558332}}