{"E(RIMP2 (OS))": {"E(RIMP2 (OS))": -3.520321731995155}, "E(RIMP2 (SS))": {"E(RIMP2 (SS))": -1.3632113427552266}, "E(RIMP2)": {"E(RIMP2)": -4.883533074750382}, "E(RIMP2) SOS": {"E(RIMP2) SOS": -4.576418251593702}, "Final E(HF)": {"Final E(HF)": -2636.0821126748297}, "filename": "json_logs/ANP-ngpus4-1-0.0_cgufkmy21k.json", "finish_time": {"time": "Fri Feb 24 20:52:19 2023\n", "total_time": 23.478444344}, "start_time": {"time": "Fri Feb 24 20:51:55 2023\n"}, "title": "/scratch/kx58/jm0124/tempJsons/ANP-ngpus4-1-0.0_cgufkmy21k.json", "total_energy": {"total_energy": -2640.96564574958}}