{"E(RIMP2 (OS))": {"E(RIMP2 (OS))": -3.5168488677469742}, "E(RIMP2 (SS))": {"E(RIMP2 (SS))": -1.360126024248564}, "E(RIMP2)": {"E(RIMP2)": -4.8769748919955385}, "E(RIMP2) SOS": {"E(RIMP2) SOS": -4.571903528071067}, "Final E(HF)": {"Final E(HF)": -2636.0886442519413}, "filename": "json_logs/ANP-ngpus4-1-270.0_rxfzfby3v7.json", "finish_time": {"time": "Fri Feb 24 21:11:31 2023\n", "total_time": 21.103670106000003}, "start_time": {"time": "Fri Feb 24 21:11:10 2023\n"}, "title": "/scratch/kx58/jm0124/tempJsons/ANP-ngpus4-1-270.0_rxfzfby3v7.json", "total_energy": {"total_energy": -2640.9656191439367}}