{"E(RIMP2 (OS))": {"E(RIMP2 (OS))": -3.5282825766504144}, "E(RIMP2 (SS))": {"E(RIMP2 (SS))": -1.3680113619567378}, "E(RIMP2)": {"E(RIMP2)": -4.896293938607152}, "E(RIMP2) SOS": {"E(RIMP2) SOS": -4.586767349645539}, "Final E(HF)": {"Final E(HF)": -2636.0699073350725}, "filename": "json_logs/17_f73fces6di.json", "finish_time": {"time": "Fri Feb 24 21:11:03 2023\n", "total_time": 22.877775366}, "start_time": {"time": "Fri Feb 24 21:10:40 2023\n"}, "title": "/scratch/kx58/jm0124/tempJsons/17_f73fces6di.json", "total_energy": {"total_energy": -2640.9662012736794}}