{"E(RIMP2 (OS))": {"E(RIMP2 (OS))": -1.5312246845190922}, "E(RIMP2 (SS))": {"E(RIMP2 (SS))": -0.5475683328549006}, "E(RIMP2)": {"E(RIMP2)": -2.078793017373993}, "E(RIMP2) SOS": {"E(RIMP2) SOS": -1.99059208987482}, "Final E(HF)": {"Final E(HF)": -680.5517631071051}, "filename": "json_logs/2_nlno447ohz.json", "finish_time": {"time": "Tue Apr  4 07:14:14 2023\n", "total_time": 7.470734117}, "start_time": {"time": "Tue Apr  4 07:14:07 2023\n"}, "title": "/scratch/kx58/jm0124/tempJsons/2_nlno447ohz.json", "total_energy": {"total_energy": -682.6305561244791}}