{"E(RIMP2 (OS))": {"E(RIMP2 (OS))": -1.533790755044291}, "E(RIMP2 (SS))": {"E(RIMP2 (SS))": -0.5509685076595725}, "E(RIMP2)": {"E(RIMP2)": -2.0847592627038636}, "E(RIMP2) SOS": {"E(RIMP2) SOS": -1.9939279815575786}, "Final E(HF)": {"Final E(HF)": -680.5378617970986}, "filename": "json_logs/2AOFLTWYW5_96buxqfkip.json", "finish_time": {"time": "Tue Apr  4 07:00:13 2023\n", "total_time": 13.159299211}, "start_time": {"time": "Tue Apr  4 07:00:00 2023\n"}, "title": "/scratch/kx58/jm0124/tempJsons/2AOFLTWYW5_96buxqfkip.json", "total_energy": {"total_energy": -682.6226210598024}}