{"E(RIMP2 (OS))": {"E(RIMP2 (OS))": -1.528970283773007}, "E(RIMP2 (SS))": {"E(RIMP2 (SS))": -0.5475224228804748}, "E(RIMP2)": {"E(RIMP2)": -2.076492706653482}, "E(RIMP2) SOS": {"E(RIMP2) SOS": -1.9876613689049092}, "Final E(HF)": {"Final E(HF)": -680.5419394774393}, "filename": "json_logs/LBAXMAO64H_exn03fcdyi.json", "finish_time": {"time": "Tue Apr  4 06:41:45 2023\n", "total_time": 13.65301154}, "start_time": {"time": "Tue Apr  4 06:41:32 2023\n"}, "title": "/scratch/kx58/jm0124/tempJsons/LBAXMAO64H_exn03fcdyi.json", "total_energy": {"total_energy": -682.6184321840927}}