{"E(RIMP2 (OS))": {"E(RIMP2 (OS))": -1.5321237161298478}, "E(RIMP2 (SS))": {"E(RIMP2 (SS))": -0.5494611124829097}, "E(RIMP2)": {"E(RIMP2)": -2.0815848286127574}, "E(RIMP2) SOS": {"E(RIMP2) SOS": -1.9917608309688022}, "Final E(HF)": {"Final E(HF)": -680.5365166912443}, "filename": "json_logs/CXN6R2R558_ioog9pwea6.json", "finish_time": {"time": "Tue Apr  4 07:09:31 2023\n", "total_time": 15.362151035000002}, "start_time": {"time": "Tue Apr  4 07:09:16 2023\n"}, "title": "/scratch/kx58/jm0124/tempJsons/CXN6R2R558_ioog9pwea6.json", "total_energy": {"total_energy": -682.6181015198571}}