{"E(RIMP2 (OS))": {"E(RIMP2 (OS))": -1.530962768008138}, "E(RIMP2 (SS))": {"E(RIMP2 (SS))": -0.5484599967552426}, "E(RIMP2)": {"E(RIMP2)": -2.0794227647633807}, "E(RIMP2) SOS": {"E(RIMP2) SOS": -1.9902515984105793}, "Final E(HF)": {"Final E(HF)": -680.5375283628467}, "filename": "json_logs/936HC6RJAK_yp971qy2dr.json", "finish_time": {"time": "Tue Apr  4 07:18:57 2023\n", "total_time": 14.743564124}, "start_time": {"time": "Tue Apr  4 07:18:42 2023\n"}, "title": "/scratch/kx58/jm0124/tempJsons/936HC6RJAK_yp971qy2dr.json", "total_energy": {"total_energy": -682.6169511276102}}