{"E(RIMP2 (OS))": {"E(RIMP2 (OS))": -1.522143720436437}, "E(RIMP2 (SS))": {"E(RIMP2 (SS))": -0.5151732185687612}, "E(RIMP2)": {"E(RIMP2)": -2.037316939005198}, "E(RIMP2) SOS": {"E(RIMP2) SOS": -1.9787868365673682}, "Final E(HF)": {"Final E(HF)": -610.0093794240789}, "filename": "json_logs/ILE_xaj###o0###.json", "finish_time": {"time": "Sat Feb  4 10:31:26 2023\n", "total_time": 14.427714588}, "start_time": {"time": "Sat Feb  4 10:31:12 2023\n"}, "title": "/scratch/kx58/jm0124/tempJsons/ILE_xaj###o0###.json", "total_energy": {"total_energy": -612.0466963630842}}