{"E(RIMP2 (OS))": {"E(RIMP2 (OS))": -1.5212405916037706}, "E(RIMP2 (SS))": {"E(RIMP2 (SS))": -0.5144805599919845}, "E(RIMP2)": {"E(RIMP2)": -2.035721151595755}, "E(RIMP2) SOS": {"E(RIMP2) SOS": -1.977612769084902}, "Final E(HF)": {"Final E(HF)": -610.0102499884651}, "filename": "json_logs/ILE_xaj###o1###.json", "finish_time": {"time": "Sat Feb  4 10:31:12 2023\n", "total_time": 19.386998630999997}, "start_time": {"time": "Sat Feb  4 10:30:53 2023\n"}, "title": "/scratch/kx58/jm0124/tempJsons/ILE_xaj###o1###.json", "total_energy": {"total_energy": -612.0459711400608}}