{"E(RIMP2 (OS))": {"E(RIMP2 (OS))": -1.5215515858895041}, "E(RIMP2 (SS))": {"E(RIMP2 (SS))": -0.5149420450581511}, "E(RIMP2)": {"E(RIMP2)": -2.036493630947655}, "E(RIMP2) SOS": {"E(RIMP2) SOS": -1.9780170616563555}, "Final E(HF)": {"Final E(HF)": -610.0088573141719}, "filename": "json_logs/ILE_xaj###o2###.json", "finish_time": {"time": "Sat Feb  4 10:31:11 2023\n", "total_time": 18.515101864000002}, "start_time": {"time": "Sat Feb  4 10:30:53 2023\n"}, "title": "/scratch/kx58/jm0124/tempJsons/ILE_xaj###o2###.json", "total_energy": {"total_energy": -612.0453509451196}}