{"E(RIMP2 (OS))": {"E(RIMP2 (OS))": -1.521168548321162}, "E(RIMP2 (SS))": {"E(RIMP2 (SS))": -0.5146355928120021}, "E(RIMP2)": {"E(RIMP2)": -2.0358041411331644}, "E(RIMP2) SOS": {"E(RIMP2) SOS": -1.977519112817511}, "Final E(HF)": {"Final E(HF)": -610.009438687896}, "filename": "json_logs/ILE_xaj###o3###.json", "finish_time": {"time": "Sat Feb  4 10:31:11 2023\n", "total_time": 18.306862356000003}, "start_time": {"time": "Sat Feb  4 10:30:53 2023\n"}, "title": "/scratch/kx58/jm0124/tempJsons/ILE_xaj###o3###.json", "total_energy": {"total_energy": -612.0452428290292}}