{"E(RIMP2 (OS))": {"E(RIMP2 (OS))": -1.5209026328147186}, "E(RIMP2 (SS))": {"E(RIMP2 (SS))": -0.514585752074903}, "E(RIMP2)": {"E(RIMP2)": -2.0354883848896215}, "E(RIMP2) SOS": {"E(RIMP2) SOS": -1.9771734226591342}, "Final E(HF)": {"Final E(HF)": -610.0091530376947}, "filename": "json_logs/ILE_xaj###o4###.json", "finish_time": {"time": "Sat Feb  4 10:31:10 2023\n", "total_time": 17.513199992}, "start_time": {"time": "Sat Feb  4 10:30:53 2023\n"}, "title": "/scratch/kx58/jm0124/tempJsons/ILE_xaj###o4###.json", "total_energy": {"total_energy": -612.0446414225843}}