{"E(RIMP2 (OS))": {"E(RIMP2 (OS))": -6.8553433272703455}, "E(RIMP2 (SS))": {"E(RIMP2 (SS))": -2.627761742708648}, "E(RIMP2)": {"E(RIMP2)": -9.483105069978993}, "E(RIMP2) SOS": {"E(RIMP2) SOS": -8.91194632545145}, "Final E(HF)": {"Final E(HF)": -4222.2302134491965}, "filename": "json_logs/72_qycqxy91yt.json", "finish_time": {"time": "Sat Mar  4 03:47:23 2023\n", "total_time": 73.615642583}, "start_time": {"time": "Sat Mar  4 03:46:10 2023\n"}, "title": "/scratch/kx58/jm0124/tempJsons/72_qycqxy91yt.json", "total_energy": {"total_energy": -4231.713318519175}}