{"E(RIMP2 (OS))": {"E(RIMP2 (OS))": -6.853597991331073}, "E(RIMP2 (SS))": {"E(RIMP2 (SS))": -2.625234235937598}, "E(RIMP2)": {"E(RIMP2)": -9.478832227268672}, "E(RIMP2) SOS": {"E(RIMP2) SOS": -8.909677388730396}, "Final E(HF)": {"Final E(HF)": -4222.245811653487}, "filename": "json_logs/24_pqpp763ais.json", "finish_time": {"time": "Thu Mar  2 16:59:11 2023\n", "total_time": 70.577670392}, "start_time": {"time": "Thu Mar  2 16:58:01 2023\n"}, "title": "/scratch/kx58/jm0124/tempJsons/24_pqpp763ais.json", "total_energy": {"total_energy": -4231.724643880756}}