{"E(RIMP2 (OS))": {"E(RIMP2 (OS))": -6.861100451829949}, "E(RIMP2 (SS))": {"E(RIMP2 (SS))": -2.631995004597008}, "E(RIMP2)": {"E(RIMP2)": -9.493095456426957}, "E(RIMP2) SOS": {"E(RIMP2) SOS": -8.919430587378933}, "Final E(HF)": {"Final E(HF)": -4222.204631643483}, "filename": "json_logs/2_av0t5jinfw.json", "finish_time": {"time": "Thu Mar  2 16:45:30 2023\n", "total_time": 61.21232079}, "start_time": {"time": "Thu Mar  2 16:44:29 2023\n"}, "title": "/scratch/kx58/jm0124/tempJsons/2_av0t5jinfw.json", "total_energy": {"total_energy": -4231.69772709991}}