{"E(RIMP2 (OS))": {"E(RIMP2 (OS))": -6.860486673833428}, "E(RIMP2 (SS))": {"E(RIMP2 (SS))": -2.6289439735478815}, "E(RIMP2)": {"E(RIMP2)": -9.48943064738131}, "E(RIMP2) SOS": {"E(RIMP2) SOS": -8.918632675983456}, "Final E(HF)": {"Final E(HF)": -4222.198176256177}, "filename": "json_logs/26_f5d14h2n98.json", "finish_time": {"time": "Sat Mar  4 03:52:26 2023\n", "total_time": 78.592101744}, "start_time": {"time": "Sat Mar  4 03:51:08 2023\n"}, "title": "/scratch/kx58/jm0124/tempJsons/26_f5d14h2n98.json", "total_energy": {"total_energy": -4231.687606903559}}