{"E(RIMP2 (OS))": {"E(RIMP2 (OS))": -6.854323401142293}, "E(RIMP2 (SS))": {"E(RIMP2 (SS))": -2.626714280239881}, "E(RIMP2)": {"E(RIMP2)": -9.481037681382173}, "E(RIMP2) SOS": {"E(RIMP2) SOS": -8.91062042148498}, "Final E(HF)": {"Final E(HF)": -4222.216214545224}, "filename": "json_logs/24_eamv8isk3d.json", "finish_time": {"time": "Thu Mar  2 16:27:37 2023\n", "total_time": 74.743034688}, "start_time": {"time": "Thu Mar  2 16:26:22 2023\n"}, "title": "/scratch/kx58/jm0124/tempJsons/24_eamv8isk3d.json", "total_energy": {"total_energy": -4231.697252226606}}