{"E(RIMP2 (OS))": {"E(RIMP2 (OS))": -6.849245648538244}, "E(RIMP2 (SS))": {"E(RIMP2 (SS))": -2.6216237542507232}, "E(RIMP2)": {"E(RIMP2)": -9.470869402788967}, "E(RIMP2) SOS": {"E(RIMP2) SOS": -8.904019343099717}, "Final E(HF)": {"Final E(HF)": -4222.2146619164505}, "filename": "json_logs/1_dqw4032y1n.json", "finish_time": {"time": "Sat Mar  4 03:56:13 2023\n", "total_time": 71.210164594}, "start_time": {"time": "Sat Mar  4 03:55:02 2023\n"}, "title": "/scratch/kx58/jm0124/tempJsons/1_dqw4032y1n.json", "total_energy": {"total_energy": -4231.685531319239}}