{"E(RIMP2 (OS))": {"E(RIMP2 (OS))": -6.862679646997337}, "E(RIMP2 (SS))": {"E(RIMP2 (SS))": -2.6322608616684535}, "E(RIMP2)": {"E(RIMP2)": -9.49494050866579}, "E(RIMP2) SOS": {"E(RIMP2) SOS": -8.921483541096539}, "Final E(HF)": {"Final E(HF)": -4222.2018885277175}, "filename": "json_logs/2_tx5oh3j2sk.json", "finish_time": {"time": "Thu Mar  2 17:01:49 2023\n", "total_time": 76.32291635}, "start_time": {"time": "Thu Mar  2 17:00:33 2023\n"}, "title": "/scratch/kx58/jm0124/tempJsons/2_tx5oh3j2sk.json", "total_energy": {"total_energy": -4231.696829036383}}