{"E(RIMP2 (OS))": {"E(RIMP2 (OS))": -6.8574052932998}, "E(RIMP2 (SS))": {"E(RIMP2 (SS))": -2.627187729233023}, "E(RIMP2)": {"E(RIMP2)": -9.484593022532824}, "E(RIMP2) SOS": {"E(RIMP2) SOS": -8.91462688128974}, "Final E(HF)": {"Final E(HF)": -4222.201725838919}, "filename": "json_logs/19_o2cj9kdxrz.json", "finish_time": {"time": "Sat Mar  4 04:27:44 2023\n", "total_time": 74.501321342}, "start_time": {"time": "Sat Mar  4 04:26:30 2023\n"}, "title": "/scratch/kx58/jm0124/tempJsons/19_o2cj9kdxrz.json", "total_energy": {"total_energy": -4231.686318861452}}