{"E(RIMP2 (OS))": {"E(RIMP2 (OS))": -6.8486848593255605}, "E(RIMP2 (SS))": {"E(RIMP2 (SS))": -2.6227645848806462}, "E(RIMP2)": {"E(RIMP2)": -9.471449444206208}, "E(RIMP2) SOS": {"E(RIMP2) SOS": -8.90329031712323}, "Final E(HF)": {"Final E(HF)": -4222.211706991391}, "filename": "json_logs/2_btda00bfgi.json", "finish_time": {"time": "Sat Mar  4 03:56:10 2023\n", "total_time": 71.616100371}, "start_time": {"time": "Sat Mar  4 03:54:59 2023\n"}, "title": "/scratch/kx58/jm0124/tempJsons/2_btda00bfgi.json", "total_energy": {"total_energy": -4231.683156435597}}