{"E(RIMP2 (OS))": {"E(RIMP2 (OS))": -6.854202176553611}, "E(RIMP2 (SS))": {"E(RIMP2 (SS))": -2.6251397340297298}, "E(RIMP2)": {"E(RIMP2)": -9.47934191058334}, "E(RIMP2) SOS": {"E(RIMP2) SOS": -8.910462829519695}, "Final E(HF)": {"Final E(HF)": -4222.215968424276}, "filename": "json_logs/24_oxmf43wry0.json", "finish_time": {"time": "Thu Mar  2 16:24:56 2023\n", "total_time": 68.39659556699999}, "start_time": {"time": "Thu Mar  2 16:23:48 2023\n"}, "title": "/scratch/kx58/jm0124/tempJsons/24_oxmf43wry0.json", "total_energy": {"total_energy": -4231.695310334859}}