{"E(RIMP2 (OS))": {"E(RIMP2 (OS))": -6.848200308894547}, "E(RIMP2 (SS))": {"E(RIMP2 (SS))": -2.620081165581896}, "E(RIMP2)": {"E(RIMP2)": -9.468281474476443}, "E(RIMP2) SOS": {"E(RIMP2) SOS": -8.902660401562912}, "Final E(HF)": {"Final E(HF)": -4222.215958560451}, "filename": "json_logs/1_d7kblae2nw.json", "finish_time": {"time": "Sat Mar  4 04:15:15 2023\n", "total_time": 71.510698345}, "start_time": {"time": "Sat Mar  4 04:14:03 2023\n"}, "title": "/scratch/kx58/jm0124/tempJsons/1_d7kblae2nw.json", "total_energy": {"total_energy": -4231.684240034928}}