{"E(RIMP2 (OS))": {"E(RIMP2 (OS))": -6.852223617005754}, "E(RIMP2 (SS))": {"E(RIMP2 (SS))": -2.6255631531403134}, "E(RIMP2)": {"E(RIMP2)": -9.477786770146068}, "E(RIMP2) SOS": {"E(RIMP2) SOS": -8.907890702107482}, "Final E(HF)": {"Final E(HF)": -4222.216285613775}, "filename": "json_logs/65_aq1jt8s9a9.json", "finish_time": {"time": "Thu Mar  2 16:06:58 2023\n", "total_time": 73.037459181}, "start_time": {"time": "Thu Mar  2 16:05:45 2023\n"}, "title": "/scratch/kx58/jm0124/tempJsons/65_aq1jt8s9a9.json", "total_energy": {"total_energy": -4231.694072383921}}