{"E(RIMP2 (OS))": {"E(RIMP2 (OS))": -6.847904902993234}, "E(RIMP2 (SS))": {"E(RIMP2 (SS))": -2.6214330840501288}, "E(RIMP2)": {"E(RIMP2)": -9.469337987043362}, "E(RIMP2) SOS": {"E(RIMP2) SOS": -8.902276373891205}, "Final E(HF)": {"Final E(HF)": -4222.2242969805975}, "filename": "json_logs/32_cc9tq9jrl3.json", "finish_time": {"time": "Thu Mar  2 17:01:32 2023\n", "total_time": 74.342666179}, "start_time": {"time": "Thu Mar  2 17:00:18 2023\n"}, "title": "/scratch/kx58/jm0124/tempJsons/32_cc9tq9jrl3.json", "total_energy": {"total_energy": -4231.693634967641}}