{"E(RIMP2 (OS))": {"E(RIMP2 (OS))": -6.8602783015694335}, "E(RIMP2 (SS))": {"E(RIMP2 (SS))": -2.629446425371867}, "E(RIMP2)": {"E(RIMP2)": -9.4897247269413}, "E(RIMP2) SOS": {"E(RIMP2) SOS": -8.918361792040264}, "Final E(HF)": {"Final E(HF)": -4222.1949623561195}, "filename": "json_logs/11_jk3pzsnfx0.json", "finish_time": {"time": "Sat Mar  4 04:33:46 2023\n", "total_time": 65.448414009}, "start_time": {"time": "Sat Mar  4 04:32:41 2023\n"}, "title": "/scratch/kx58/jm0124/tempJsons/11_jk3pzsnfx0.json", "total_energy": {"total_energy": -4231.68468708306}}