{"E(RIMP2 (OS))": {"E(RIMP2 (OS))": -6.855776230206782}, "E(RIMP2 (SS))": {"E(RIMP2 (SS))": -2.626912618802907}, "E(RIMP2)": {"E(RIMP2)": -9.482688849009689}, "E(RIMP2) SOS": {"E(RIMP2) SOS": -8.912509099268817}, "Final E(HF)": {"Final E(HF)": -4222.210843566914}, "filename": "json_logs/19_nutz2fkyx9.json", "finish_time": {"time": "Thu Mar  2 15:46:22 2023\n", "total_time": 77.84170149500001}, "start_time": {"time": "Thu Mar  2 15:45:05 2023\n"}, "title": "/scratch/kx58/jm0124/tempJsons/19_nutz2fkyx9.json", "total_energy": {"total_energy": -4231.693532415924}}