{"E(RIMP2 (OS))": {"E(RIMP2 (OS))": -6.853759567794113}, "E(RIMP2 (SS))": {"E(RIMP2 (SS))": -2.6261496421424786}, "E(RIMP2)": {"E(RIMP2)": -9.479909209936592}, "E(RIMP2) SOS": {"E(RIMP2) SOS": -8.909887438132348}, "Final E(HF)": {"Final E(HF)": -4222.1996190378995}, "filename": "json_logs/9_rxio4jaiy3.json", "finish_time": {"time": "Sat Mar  4 04:35:03 2023\n", "total_time": 74.17056303400001}, "start_time": {"time": "Sat Mar  4 04:33:49 2023\n"}, "title": "/scratch/kx58/jm0124/tempJsons/9_rxio4jaiy3.json", "total_energy": {"total_energy": -4231.679528247836}}