{"E(RIMP2 (OS))": {"E(RIMP2 (OS))": -6.856495797857538}, "E(RIMP2 (SS))": {"E(RIMP2 (SS))": -2.626421706740143}, "E(RIMP2)": {"E(RIMP2)": -9.482917504597681}, "E(RIMP2) SOS": {"E(RIMP2) SOS": -8.913444537214799}, "Final E(HF)": {"Final E(HF)": -4222.210540494143}, "filename": "json_logs/11_n98tezt8xo.json", "finish_time": {"time": "Thu Mar  2 16:39:44 2023\n", "total_time": 74.240833028}, "start_time": {"time": "Thu Mar  2 16:38:30 2023\n"}, "title": "/scratch/kx58/jm0124/tempJsons/11_n98tezt8xo.json", "total_energy": {"total_energy": -4231.693457998741}}