{"E(RIMP2 (OS))": {"E(RIMP2 (OS))": -6.859083396512384}, "E(RIMP2 (SS))": {"E(RIMP2 (SS))": -2.629974716288847}, "E(RIMP2)": {"E(RIMP2)": -9.489058112801231}, "E(RIMP2) SOS": {"E(RIMP2) SOS": -8.916808415466098}, "Final E(HF)": {"Final E(HF)": -4222.190754353467}, "filename": "json_logs/32_9xybk3mtgc.json", "finish_time": {"time": "Sat Mar  4 03:51:24 2023\n", "total_time": 81.310835384}, "start_time": {"time": "Sat Mar  4 03:50:03 2023\n"}, "title": "/scratch/kx58/jm0124/tempJsons/32_9xybk3mtgc.json", "total_energy": {"total_energy": -4231.679812466268}}