{"E(RIMP2 (OS))": {"E(RIMP2 (OS))": -6.848609093970823}, "E(RIMP2 (SS))": {"E(RIMP2 (SS))": -2.62192518427653}, "E(RIMP2)": {"E(RIMP2)": -9.470534278247353}, "E(RIMP2) SOS": {"E(RIMP2) SOS": -8.90319182216207}, "Final E(HF)": {"Final E(HF)": -4222.206592911389}, "filename": "json_logs/59_wydf3sezqf.json", "finish_time": {"time": "Sat Mar  4 04:27:39 2023\n", "total_time": 69.77435416200001}, "start_time": {"time": "Sat Mar  4 04:26:30 2023\n"}, "title": "/scratch/kx58/jm0124/tempJsons/59_wydf3sezqf.json", "total_energy": {"total_energy": -4231.677127189636}}