{"E(RIMP2 (OS))": {"E(RIMP2 (OS))": -6.861308025500416}, "E(RIMP2 (SS))": {"E(RIMP2 (SS))": -2.630540711998715}, "E(RIMP2)": {"E(RIMP2)": -9.491848737499131}, "E(RIMP2) SOS": {"E(RIMP2) SOS": -8.919700433150542}, "Final E(HF)": {"Final E(HF)": -4222.201274120929}, "filename": "json_logs/2_4gnx5d3rpo.json", "finish_time": {"time": "Thu Mar  2 16:41:07 2023\n", "total_time": 75.11452222}, "start_time": {"time": "Thu Mar  2 16:39:52 2023\n"}, "title": "/scratch/kx58/jm0124/tempJsons/2_4gnx5d3rpo.json", "total_energy": {"total_energy": -4231.693122858428}}