{"E(RIMP2 (OS))": {"E(RIMP2 (OS))": -6.858978822162198}, "E(RIMP2 (SS))": {"E(RIMP2 (SS))": -2.628437045382705}, "E(RIMP2)": {"E(RIMP2)": -9.487415867544904}, "E(RIMP2) SOS": {"E(RIMP2) SOS": -8.916672468810859}, "Final E(HF)": {"Final E(HF)": -4222.203316175714}, "filename": "json_logs/74_8ujo44c5u6.json", "finish_time": {"time": "Thu Mar  2 16:46:23 2023\n", "total_time": 75.31795999}, "start_time": {"time": "Thu Mar  2 16:45:08 2023\n"}, "title": "/scratch/kx58/jm0124/tempJsons/74_8ujo44c5u6.json", "total_energy": {"total_energy": -4231.690732043258}}