{"E(RIMP2 (OS))": {"E(RIMP2 (OS))": -6.849735883324316}, "E(RIMP2 (SS))": {"E(RIMP2 (SS))": -2.6213969719509076}, "E(RIMP2)": {"E(RIMP2)": -9.471132855275224}, "E(RIMP2) SOS": {"E(RIMP2) SOS": -8.90465664832161}, "Final E(HF)": {"Final E(HF)": -4222.20606964035}, "filename": "json_logs/19_s8bgcsgrx8.json", "finish_time": {"time": "Sat Mar  4 04:32:39 2023\n", "total_time": 66.637417664}, "start_time": {"time": "Sat Mar  4 04:31:32 2023\n"}, "title": "/scratch/kx58/jm0124/tempJsons/19_s8bgcsgrx8.json", "total_energy": {"total_energy": -4231.677202495625}}