{"E(RIMP2 (OS))": {"E(RIMP2 (OS))": -6.858579752353979}, "E(RIMP2 (SS))": {"E(RIMP2 (SS))": -2.6292416492538857}, "E(RIMP2)": {"E(RIMP2)": -9.487821401607864}, "E(RIMP2) SOS": {"E(RIMP2) SOS": -8.916153678060173}, "Final E(HF)": {"Final E(HF)": -4222.218384933276}, "filename": "json_logs/74_7e4ob9nnkb.json", "finish_time": {"time": "Sat Mar  4 04:28:57 2023\n", "total_time": 74.687299666}, "start_time": {"time": "Sat Mar  4 04:27:43 2023\n"}, "title": "/scratch/kx58/jm0124/tempJsons/74_7e4ob9nnkb.json", "total_energy": {"total_energy": -4231.706206334884}}