{"E(RIMP2 (OS))": {"E(RIMP2 (OS))": -6.853544895003174}, "E(RIMP2 (SS))": {"E(RIMP2 (SS))": -2.626226089125826}, "E(RIMP2)": {"E(RIMP2)": -9.479770984129}, "E(RIMP2) SOS": {"E(RIMP2) SOS": -8.909608363504127}, "Final E(HF)": {"Final E(HF)": -4222.240421273837}, "filename": "json_logs/24_btzxg02ci5.json", "finish_time": {"time": "Thu Mar  2 17:04:30 2023\n", "total_time": 73.129885859}, "start_time": {"time": "Thu Mar  2 17:03:17 2023\n"}, "title": "/scratch/kx58/jm0124/tempJsons/24_btzxg02ci5.json", "total_energy": {"total_energy": -4231.720192257966}}