{"E(RIMP2 (OS))": {"E(RIMP2 (OS))": -6.855343327277141}, "E(RIMP2 (SS))": {"E(RIMP2 (SS))": -2.62776174271218}, "E(RIMP2)": {"E(RIMP2)": -9.483105069989321}, "E(RIMP2) SOS": {"E(RIMP2) SOS": -8.911946325460283}, "Final E(HF)": {"Final E(HF)": -4222.2302134492}, "filename": "json_logs/72_193az6nw04.json", "finish_time": {"time": "Thu Mar  2 15:41:01 2023\n", "total_time": 74.162746625}, "start_time": {"time": "Thu Mar  2 15:39:47 2023\n"}, "title": "/scratch/kx58/jm0124/tempJsons/72_193az6nw04.json", "total_energy": {"total_energy": -4231.71331851919}}