{"E(RIMP2 (OS))": {"E(RIMP2 (OS))": -6.85963107024689}, "E(RIMP2 (SS))": {"E(RIMP2 (SS))": -2.6299096513629925}, "E(RIMP2)": {"E(RIMP2)": -9.489540721609883}, "E(RIMP2) SOS": {"E(RIMP2) SOS": -8.917520391320958}, "Final E(HF)": {"Final E(HF)": -4222.213876988879}, "filename": "json_logs/74_z4n5n53wds.json", "finish_time": {"time": "Sat Mar  4 04:15:44 2023\n", "total_time": 78.437886904}, "start_time": {"time": "Sat Mar  4 04:14:26 2023\n"}, "title": "/scratch/kx58/jm0124/tempJsons/74_z4n5n53wds.json", "total_energy": {"total_energy": -4231.703417710489}}