{"E(RIMP2 (OS))": {"E(RIMP2 (OS))": -6.859631070243759}, "E(RIMP2 (SS))": {"E(RIMP2 (SS))": -2.629909651360748}, "E(RIMP2)": {"E(RIMP2)": -9.489540721604506}, "E(RIMP2) SOS": {"E(RIMP2) SOS": -8.917520391316886}, "Final E(HF)": {"Final E(HF)": -4222.213876988564}, "filename": "json_logs/74_5wyu9hnsrv.json", "finish_time": {"time": "Thu Mar  2 16:09:28 2023\n", "total_time": 78.93197456}, "start_time": {"time": "Thu Mar  2 16:08:10 2023\n"}, "title": "/scratch/kx58/jm0124/tempJsons/74_5wyu9hnsrv.json", "total_energy": {"total_energy": -4231.703417710169}}