{"E(RIMP2 (OS))": {"E(RIMP2 (OS))": -6.850211381269115}, "E(RIMP2 (SS))": {"E(RIMP2 (SS))": -2.6222435184390487}, "E(RIMP2)": {"E(RIMP2)": -9.472454899708163}, "E(RIMP2) SOS": {"E(RIMP2) SOS": -8.90527479564985}, "Final E(HF)": {"Final E(HF)": -4222.226759283223}, "filename": "json_logs/5_56s58w1zfp.json", "finish_time": {"time": "Sat Mar  4 03:55:17 2023\n", "total_time": 72.146398353}, "start_time": {"time": "Sat Mar  4 03:54:05 2023\n"}, "title": "/scratch/kx58/jm0124/tempJsons/5_56s58w1zfp.json", "total_energy": {"total_energy": -4231.699214182931}}