{"E(RIMP2 (OS))": {"E(RIMP2 (OS))": -6.864718250966545}, "E(RIMP2 (SS))": {"E(RIMP2 (SS))": -2.633000361777934}, "E(RIMP2)": {"E(RIMP2)": -9.497718612744478}, "E(RIMP2) SOS": {"E(RIMP2) SOS": -8.924133726256509}, "Final E(HF)": {"Final E(HF)": -4222.204094728286}, "filename": "json_logs/24_ilznvyei6g.json", "finish_time": {"time": "Thu Mar  2 16:45:10 2023\n", "total_time": 76.653469696}, "start_time": {"time": "Thu Mar  2 16:43:54 2023\n"}, "title": "/scratch/kx58/jm0124/tempJsons/24_ilznvyei6g.json", "total_energy": {"total_energy": -4231.70181334103}}