{"E(RIMP2 (OS))": {"E(RIMP2 (OS))": -6.852223617008702}, "E(RIMP2 (SS))": {"E(RIMP2 (SS))": -2.625563153141322}, "E(RIMP2)": {"E(RIMP2)": -9.477786770150024}, "E(RIMP2) SOS": {"E(RIMP2) SOS": -8.907890702111313}, "Final E(HF)": {"Final E(HF)": -4222.216285613833}, "filename": "json_logs/65_1fhfg8se0q.json", "finish_time": {"time": "Sat Mar  4 04:13:16 2023\n", "total_time": 72.764196168}, "start_time": {"time": "Sat Mar  4 04:12:03 2023\n"}, "title": "/scratch/kx58/jm0124/tempJsons/65_1fhfg8se0q.json", "total_energy": {"total_energy": -4231.6940723839825}}