{"E(RIMP2 (OS))": {"E(RIMP2 (OS))": -6.855776230209868}, "E(RIMP2 (SS))": {"E(RIMP2 (SS))": -2.6269126188044853}, "E(RIMP2)": {"E(RIMP2)": -9.482688849014353}, "E(RIMP2) SOS": {"E(RIMP2) SOS": -8.912509099272828}, "Final E(HF)": {"Final E(HF)": -4222.210843566931}, "filename": "json_logs/19_t3ikfrs9hl.json", "finish_time": {"time": "Sat Mar  4 03:52:44 2023\n", "total_time": 77.402887169}, "start_time": {"time": "Sat Mar  4 03:51:27 2023\n"}, "title": "/scratch/kx58/jm0124/tempJsons/19_t3ikfrs9hl.json", "total_energy": {"total_energy": -4231.693532415945}}