{"E(RIMP2 (OS))": {"E(RIMP2 (OS))": -6.8571954543533815}, "E(RIMP2 (SS))": {"E(RIMP2 (SS))": -2.6265215774642736}, "E(RIMP2)": {"E(RIMP2)": -9.483717031817655}, "E(RIMP2) SOS": {"E(RIMP2) SOS": -8.914354090659396}, "Final E(HF)": {"Final E(HF)": -4222.216868399008}, "filename": "json_logs/74_2enp3m6vrd.json", "finish_time": {"time": "Thu Mar  2 16:45:05 2023\n", "total_time": 75.765944775}, "start_time": {"time": "Thu Mar  2 16:43:49 2023\n"}, "title": "/scratch/kx58/jm0124/tempJsons/74_2enp3m6vrd.json", "total_energy": {"total_energy": -4231.700585430825}}