{"E(RIMP2 (OS))": {"E(RIMP2 (OS))": -6.85021138127103}, "E(RIMP2 (SS))": {"E(RIMP2 (SS))": -2.622243518440189}, "E(RIMP2)": {"E(RIMP2)": -9.472454899711218}, "E(RIMP2) SOS": {"E(RIMP2) SOS": -8.905274795652339}, "Final E(HF)": {"Final E(HF)": -4222.22675928325}, "filename": "json_logs/5_ihqyof2c8s.json", "finish_time": {"time": "Thu Mar  2 15:48:56 2023\n", "total_time": 72.42340182299999}, "start_time": {"time": "Thu Mar  2 15:47:44 2023\n"}, "title": "/scratch/kx58/jm0124/tempJsons/5_ihqyof2c8s.json", "total_energy": {"total_energy": -4231.699214182961}}