{"E(RIMP2 (OS))": {"E(RIMP2 (OS))": -6.856638612041206}, "E(RIMP2 (SS))": {"E(RIMP2 (SS))": -2.626599316723123}, "E(RIMP2)": {"E(RIMP2)": -9.483237928764328}, "E(RIMP2) SOS": {"E(RIMP2) SOS": -8.91363019565357}, "Final E(HF)": {"Final E(HF)": -4222.206935720169}, "filename": "json_logs/51_dlcgwj81hj.json", "finish_time": {"time": "Sat Mar  4 04:13:40 2023\n", "total_time": 73.36336671400001}, "start_time": {"time": "Sat Mar  4 04:12:27 2023\n"}, "title": "/scratch/kx58/jm0124/tempJsons/51_dlcgwj81hj.json", "total_energy": {"total_energy": -4231.6901736489335}}