{"E(RIMP2 (OS))": {"E(RIMP2 (OS))": -6.850425310049014}, "E(RIMP2 (SS))": {"E(RIMP2 (SS))": -2.6221151342652074}, "E(RIMP2)": {"E(RIMP2)": -9.472540444314221}, "E(RIMP2) SOS": {"E(RIMP2) SOS": -8.905552903063718}, "Final E(HF)": {"Final E(HF)": -4222.2261448002355}, "filename": "json_logs/26_wyme92r61e.json", "finish_time": {"time": "Thu Mar  2 16:25:03 2023\n", "total_time": 71.117221261}, "start_time": {"time": "Thu Mar  2 16:23:52 2023\n"}, "title": "/scratch/kx58/jm0124/tempJsons/26_wyme92r61e.json", "total_energy": {"total_energy": -4231.69868524455}}