{"E(RIMP2 (OS))": {"E(RIMP2 (OS))": -6.84644898750946}, "E(RIMP2 (SS))": {"E(RIMP2 (SS))": -2.6195687307409674}, "E(RIMP2)": {"E(RIMP2)": -9.466017718250427}, "E(RIMP2) SOS": {"E(RIMP2) SOS": -8.900383683762298}, "Final E(HF)": {"Final E(HF)": -4222.222571425442}, "filename": "json_logs/71_hqip6vwx7f.json", "finish_time": {"time": "Sat Mar  4 04:13:08 2023\n", "total_time": 65.476882708}, "start_time": {"time": "Sat Mar  4 04:12:03 2023\n"}, "title": "/scratch/kx58/jm0124/tempJsons/71_hqip6vwx7f.json", "total_energy": {"total_energy": -4231.688589143692}}