{"E(RIMP2 (OS))": {"E(RIMP2 (OS))": -6.855684578923248}, "E(RIMP2 (SS))": {"E(RIMP2 (SS))": -2.6259067524316184}, "E(RIMP2)": {"E(RIMP2)": -9.481591331354867}, "E(RIMP2) SOS": {"E(RIMP2) SOS": -8.912389952600224}, "Final E(HF)": {"Final E(HF)": -4222.217200523321}, "filename": "json_logs/32_0c893rymm7.json", "finish_time": {"time": "Thu Mar  2 16:42:19 2023\n", "total_time": 76.368083141}, "start_time": {"time": "Thu Mar  2 16:41:03 2023\n"}, "title": "/scratch/kx58/jm0124/tempJsons/32_0c893rymm7.json", "total_energy": {"total_energy": -4231.698791854676}}