{"E(RIMP2 (OS))": {"E(RIMP2 (OS))": -6.860472642323014}, "E(RIMP2 (SS))": {"E(RIMP2 (SS))": -2.6297288553058946}, "E(RIMP2)": {"E(RIMP2)": -9.49020149762891}, "E(RIMP2) SOS": {"E(RIMP2) SOS": -8.918614435019919}, "Final E(HF)": {"Final E(HF)": -4222.197979966166}, "filename": "json_logs/68_42q2devs6e.json", "finish_time": {"time": "Sat Mar  4 04:31:41 2023\n", "total_time": 80.555349648}, "start_time": {"time": "Sat Mar  4 04:30:21 2023\n"}, "title": "/scratch/kx58/jm0124/tempJsons/68_42q2devs6e.json", "total_energy": {"total_energy": -4231.6881814637945}}