{"E(RIMP2 (OS))": {"E(RIMP2 (OS))": -6.857818736348683}, "E(RIMP2 (SS))": {"E(RIMP2 (SS))": -2.6281731618228847}, "E(RIMP2)": {"E(RIMP2)": -9.485991898171568}, "E(RIMP2) SOS": {"E(RIMP2) SOS": -8.915164357253289}, "Final E(HF)": {"Final E(HF)": -4222.201045967828}, "filename": "json_logs/60_r1rs5yul4k.json", "finish_time": {"time": "Sat Mar  4 03:49:49 2023\n", "total_time": 77.02128252}, "start_time": {"time": "Sat Mar  4 03:48:32 2023\n"}, "title": "/scratch/kx58/jm0124/tempJsons/60_r1rs5yul4k.json", "total_energy": {"total_energy": -4231.687037865999}}