{"E(RIMP2 (OS))": {"E(RIMP2 (OS))": -6.861276311682336}, "E(RIMP2 (SS))": {"E(RIMP2 (SS))": -2.6311845164476235}, "E(RIMP2)": {"E(RIMP2)": -9.49246082812996}, "E(RIMP2) SOS": {"E(RIMP2) SOS": -8.919659205187036}, "Final E(HF)": {"Final E(HF)": -4222.206005113607}, "filename": "json_logs/32_31rmsv6vjk.json", "finish_time": {"time": "Thu Mar  2 17:03:10 2023\n", "total_time": 78.260343085}, "start_time": {"time": "Thu Mar  2 17:01:52 2023\n"}, "title": "/scratch/kx58/jm0124/tempJsons/32_31rmsv6vjk.json", "total_energy": {"total_energy": -4231.698465941737}}