{"E(RIMP2 (OS))": {"E(RIMP2 (OS))": -0.1944973244822509}, "E(RIMP2 (SS))": {"E(RIMP2 (SS))": -0.016835619758355645}, "E(RIMP2)": {"E(RIMP2)": -0.21133294424060656}, "E(RIMP2) SOS": {"E(RIMP2) SOS": -0.2528465218269262}, "Final E(HF)": {"Final E(HF)": -1435.0621552699818}, "filename": "json_logs/T80ZCKH7SK_3whfstwrga.json", "finish_time": {"time": "Fri Feb  3 20:21:12 2023\n", "total_time": 2.3845453450000003}, "start_time": {"time": "Fri Feb  3 20:21:10 2023\n"}, "title": "/scratch/kx58/jm0124/tempJsons/T80ZCKH7SK_3whfstwrga.json", "total_energy": {"total_energy": -1435.2734882142224}}