{"E(RIMP2 (OS))": {"E(RIMP2 (OS))": -0.19451561212213875}, "E(RIMP2 (SS))": {"E(RIMP2 (SS))": -0.015610528138421823}, "E(RIMP2)": {"E(RIMP2)": -0.21012614026056056}, "E(RIMP2) SOS": {"E(RIMP2) SOS": -0.2528702957587804}, "Final E(HF)": {"Final E(HF)": -1435.0619803434033}, "filename": "json_logs/T80ZCKH7SK_mdrs3tsr53.json", "finish_time": {"time": "Fri Feb  3 20:22:08 2023\n", "total_time": 2.599581589}, "start_time": {"time": "Fri Feb  3 20:22:06 2023\n"}, "title": "/scratch/kx58/jm0124/tempJsons/T80ZCKH7SK_mdrs3tsr53.json", "total_energy": {"total_energy": -1435.272106483664}}