{"E(RIMP2 (OS))": {"E(RIMP2 (OS))": -0.19445426718999476}, "E(RIMP2 (SS))": {"E(RIMP2 (SS))": -0.015542469498218796}, "E(RIMP2)": {"E(RIMP2)": -0.20999673668821356}, "E(RIMP2) SOS": {"E(RIMP2) SOS": -0.2527905473469932}, "Final E(HF)": {"Final E(HF)": -1435.061949621053}, "filename": "json_logs/T80ZCKH7SK_4npchewavn.json", "finish_time": {"time": "Fri Feb  3 20:25:50 2023\n", "total_time": 2.440237235}, "start_time": {"time": "Fri Feb  3 20:25:48 2023\n"}, "title": "/scratch/kx58/jm0124/tempJsons/T80ZCKH7SK_4npchewavn.json", "total_energy": {"total_energy": -1435.2719463577412}}