{"E(RIMP2 (OS))": {"E(RIMP2 (OS))": -0.19460405621960164}, "E(RIMP2 (SS))": {"E(RIMP2 (SS))": -0.015609524235920044}, "E(RIMP2)": {"E(RIMP2)": -0.2102135804555217}, "E(RIMP2) SOS": {"E(RIMP2) SOS": -0.25298527308548213}, "Final E(HF)": {"Final E(HF)": -1435.0615136339643}, "filename": "json_logs/SI5qsyogt14qr_hkxi0xj1ex.json", "finish_time": {"time": "Fri Feb  3 20:16:10 2023\n", "total_time": 2.3412125}, "start_time": {"time": "Fri Feb  3 20:16:08 2023\n"}, "title": "/scratch/kx58/jm0124/tempJsons/SI5qsyogt14qr_hkxi0xj1ex.json", "total_energy": {"total_energy": -1435.2717272144198}}