{"E(RIMP2 (OS))": {"E(RIMP2 (OS))": -0.1946195382008585}, "E(RIMP2 (SS))": {"E(RIMP2 (SS))": -0.01560743448555326}, "E(RIMP2)": {"E(RIMP2)": -0.21022697268641177}, "E(RIMP2) SOS": {"E(RIMP2) SOS": -0.25300539966111607}, "Final E(HF)": {"Final E(HF)": -1435.0614105988182}, "filename": "json_logs/SIvtec5bn5lc.json", "finish_time": {"time": "Fri Feb  3 20:14:05 2023\n", "total_time": 2.707292693}, "start_time": {"time": "Fri Feb  3 20:14:03 2023\n"}, "title": "/scratch/kx58/jm0124/tempJsons/SIvtec5bn5lc.json", "total_energy": {"total_energy": -1435.2716375715045}}