{"E(RIMP2 (OS))": {"E(RIMP2 (OS))": -0.19452165255716172}, "E(RIMP2 (SS))": {"E(RIMP2 (SS))": -0.015611762377219616}, "E(RIMP2)": {"E(RIMP2)": -0.21013341493438134}, "E(RIMP2) SOS": {"E(RIMP2) SOS": -0.25287814832431027}, "Final E(HF)": {"Final E(HF)": -1435.0619252259562}, "filename": "json_logs/UZE3VDRZYF_o5w8x73cp1.json", "finish_time": {"time": "Fri Feb  3 20:24:56 2023\n", "total_time": 2.375493621}, "start_time": {"time": "Fri Feb  3 20:24:54 2023\n"}, "title": "/scratch/kx58/jm0124/tempJsons/UZE3VDRZYF_o5w8x73cp1.json", "total_energy": {"total_energy": -1435.2720586408905}}