{"E(RIMP2 (OS))": {"E(RIMP2 (OS))": -0.19454545961930841}, "E(RIMP2 (SS))": {"E(RIMP2 (SS))": -0.015602937126215254}, "E(RIMP2)": {"E(RIMP2)": -0.21014839674552366}, "E(RIMP2) SOS": {"E(RIMP2) SOS": -0.25290909750510093}, "Final E(HF)": {"Final E(HF)": -1435.0622939608709}, "filename": "json_logs/65RFZWLG7N_cua3qrr4jm.json", "finish_time": {"time": "Fri Feb  3 20:25:52 2023\n", "total_time": 2.673483465}, "start_time": {"time": "Fri Feb  3 20:25:49 2023\n"}, "title": "/scratch/kx58/jm0124/tempJsons/65RFZWLG7N_cua3qrr4jm.json", "total_energy": {"total_energy": -1435.2724423576165}}