{"E(RIMP2 (OS))": {"E(RIMP2 (OS))": -0.19459259530408524}, "E(RIMP2 (SS))": {"E(RIMP2 (SS))": -0.015606728420346942}, "E(RIMP2)": {"E(RIMP2)": -0.21019932372443217}, "E(RIMP2) SOS": {"E(RIMP2) SOS": -0.2529703738953108}, "Final E(HF)": {"Final E(HF)": -1435.0616410830971}, "filename": "json_logs/T80ZCKH7SK_ttumpq673b.json", "finish_time": {"time": "Fri Feb  3 20:25:52 2023\n", "total_time": 2.771478666}, "start_time": {"time": "Fri Feb  3 20:25:49 2023\n"}, "title": "/scratch/kx58/jm0124/tempJsons/T80ZCKH7SK_ttumpq673b.json", "total_energy": {"total_energy": -1435.2718404068216}}