{"E(RIMP2 (OS))": {"E(RIMP2 (OS))": -0.19452064284913198}, "E(RIMP2 (SS))": {"E(RIMP2 (SS))": -0.015611648028268596}, "E(RIMP2)": {"E(RIMP2)": -0.21013229087740057}, "E(RIMP2) SOS": {"E(RIMP2) SOS": -0.2528768357038716}, "Final E(HF)": {"Final E(HF)": -1435.061929210512}, "filename": "json_logs/T80ZCKH7SK_u0ldzplrw7.json", "finish_time": {"time": "Fri Feb  3 20:25:50 2023\n", "total_time": 2.3214109720000002}, "start_time": {"time": "Fri Feb  3 20:25:48 2023\n"}, "title": "/scratch/kx58/jm0124/tempJsons/T80ZCKH7SK_u0ldzplrw7.json", "total_energy": {"total_energy": -1435.2720615013893}}