{"E(RIMP2 (OS))": {"E(RIMP2 (OS))": -0.1945524639080042}, "E(RIMP2 (SS))": {"E(RIMP2 (SS))": -0.015602671940071575}, "E(RIMP2)": {"E(RIMP2)": -0.21015513584807577}, "E(RIMP2) SOS": {"E(RIMP2) SOS": -0.25291820308040547}, "Final E(HF)": {"Final E(HF)": -1435.0622039234356}, "filename": "json_logs/65RFZWLG7N_oo427amsx6.json", "finish_time": {"time": "Fri Feb  3 20:25:50 2023\n", "total_time": 2.394582394}, "start_time": {"time": "Fri Feb  3 20:25:48 2023\n"}, "title": "/scratch/kx58/jm0124/tempJsons/65RFZWLG7N_oo427amsx6.json", "total_energy": {"total_energy": -1435.2723590592836}}