{"E(RIMP2 (OS))": {"E(RIMP2 (OS))": -0.19449956507283572}, "E(RIMP2 (SS))": {"E(RIMP2 (SS))": -0.016842253989993887}, "E(RIMP2)": {"E(RIMP2)": -0.21134181906282962}, "E(RIMP2) SOS": {"E(RIMP2) SOS": -0.25284943459468645}, "Final E(HF)": {"Final E(HF)": -1435.0621331364011}, "filename": "json_logs/T80ZCKH7SK_1oscm3vwwu.json", "finish_time": {"time": "Fri Feb  3 20:17:51 2023\n", "total_time": 2.303446816}, "start_time": {"time": "Fri Feb  3 20:17:49 2023\n"}, "title": "/scratch/kx58/jm0124/tempJsons/T80ZCKH7SK_1oscm3vwwu.json", "total_energy": {"total_energy": -1435.273474955464}}