{"E(RIMP2 (OS))": {"E(RIMP2 (OS))": -0.194517578258702}, "E(RIMP2 (SS))": {"E(RIMP2 (SS))": -0.016889654163640366}, "E(RIMP2)": {"E(RIMP2)": -0.21140723242234236}, "E(RIMP2) SOS": {"E(RIMP2) SOS": -0.25287285173631263}, "Final E(HF)": {"Final E(HF)": -1435.0619999293535}, "filename": "json_logs/6_7szmsjfxbn.json", "finish_time": {"time": "Fri Feb  3 20:16:11 2023\n", "total_time": 2.384687247}, "start_time": {"time": "Fri Feb  3 20:16:08 2023\n"}, "title": "/scratch/kx58/jm0124/tempJsons/6_7szmsjfxbn.json", "total_energy": {"total_energy": -1435.2734071617758}}