{"E(RIMP2 (OS))": {"E(RIMP2 (OS))": -0.19452147982176884}, "E(RIMP2 (SS))": {"E(RIMP2 (SS))": -0.01687169914210264}, "E(RIMP2)": {"E(RIMP2)": -0.2113931789638715}, "E(RIMP2) SOS": {"E(RIMP2) SOS": -0.2528779237682995}, "Final E(HF)": {"Final E(HF)": -1435.0619023647143}, "filename": "json_logs/REGZO6TXRT_7uken7akg8.json", "finish_time": {"time": "Fri Feb  3 20:17:01 2023\n", "total_time": 2.51720378}, "start_time": {"time": "Fri Feb  3 20:16:59 2023\n"}, "title": "/scratch/kx58/jm0124/tempJsons/REGZO6TXRT_7uken7akg8.json", "total_energy": {"total_energy": -1435.2732955436782}}