{"E(RIMP2 (OS))": {"E(RIMP2 (OS))": -0.19453131493047318}, "E(RIMP2 (SS))": {"E(RIMP2 (SS))": -0.01683431989300167}, "E(RIMP2)": {"E(RIMP2)": -0.21136563482347484}, "E(RIMP2) SOS": {"E(RIMP2) SOS": -0.25289070940961517}, "Final E(HF)": {"Final E(HF)": -1435.0616268261863}, "filename": "json_logs/16_fl5jnrfhly.json", "finish_time": {"time": "Fri Feb  3 20:14:44 2023\n", "total_time": 2.5970187}, "start_time": {"time": "Fri Feb  3 20:14:42 2023\n"}, "title": "/scratch/kx58/jm0124/tempJsons/16_fl5jnrfhly.json", "total_energy": {"total_energy": -1435.2729924610096}}