{"E(RIMP2 (OS))": {"E(RIMP2 (OS))": -0.19455067841953705}, "E(RIMP2 (SS))": {"E(RIMP2 (SS))": -0.01637122000845799}, "E(RIMP2)": {"E(RIMP2)": -0.21092189842799502}, "E(RIMP2) SOS": {"E(RIMP2) SOS": -0.25291588194539816}, "Final E(HF)": {"Final E(HF)": -1435.062280729477}, "filename": "json_logs/6_nfe2fbcmw8.json", "finish_time": {"time": "Fri Feb  3 20:15:26 2023\n", "total_time": 2.7196675740000003}, "start_time": {"time": "Fri Feb  3 20:15:23 2023\n"}, "title": "/scratch/kx58/jm0124/tempJsons/6_nfe2fbcmw8.json", "total_energy": {"total_energy": -1435.273202627905}}