{"E(RIMP2 (OS))": {"E(RIMP2 (OS))": -0.19454732353449014}, "E(RIMP2 (SS))": {"E(RIMP2 (SS))": -0.016335226103762267}, "E(RIMP2)": {"E(RIMP2)": -0.2108825496382524}, "E(RIMP2) SOS": {"E(RIMP2) SOS": -0.2529115205948372}, "Final E(HF)": {"Final E(HF)": -1435.0623169175335}, "filename": "json_logs/SI5qsyogt14qr_0q420rfw8h.json", "finish_time": {"time": "Fri Feb  3 20:14:47 2023\n", "total_time": 2.364964629}, "start_time": {"time": "Fri Feb  3 20:14:45 2023\n"}, "title": "/scratch/kx58/jm0124/tempJsons/SI5qsyogt14qr_0q420rfw8h.json", "total_energy": {"total_energy": -1435.2731994671717}}