{"E(RIMP2 (OS))": {"E(RIMP2 (OS))": -0.19454960789773543}, "E(RIMP2 (SS))": {"E(RIMP2 (SS))": -0.016320187755931154}, "E(RIMP2)": {"E(RIMP2)": -0.2108697956536666}, "E(RIMP2) SOS": {"E(RIMP2) SOS": -0.2529144902670561}, "Final E(HF)": {"Final E(HF)": -1435.0622904486472}, "filename": "json_logs/T80ZCKH7SK_pu0la7ju68.json", "finish_time": {"time": "Fri Feb  3 20:24:53 2023\n", "total_time": 2.3084263930000004}, "start_time": {"time": "Fri Feb  3 20:24:51 2023\n"}, "title": "/scratch/kx58/jm0124/tempJsons/T80ZCKH7SK_pu0la7ju68.json", "total_energy": {"total_energy": -1435.273160244301}}