{"E(RIMP2 (OS))": {"E(RIMP2 (OS))": -0.19455032219174304}, "E(RIMP2 (SS))": {"E(RIMP2 (SS))": -0.01634008273185667}, "E(RIMP2)": {"E(RIMP2)": -0.2108904049235997}, "E(RIMP2) SOS": {"E(RIMP2) SOS": -0.25291541884926594}, "Final E(HF)": {"Final E(HF)": -1435.0622447086826}, "filename": "json_logs/29_pn83jth8g3.json", "finish_time": {"time": "Fri Feb  3 20:15:27 2023\n", "total_time": 2.5413615810000003}, "start_time": {"time": "Fri Feb  3 20:15:24 2023\n"}, "title": "/scratch/kx58/jm0124/tempJsons/29_pn83jth8g3.json", "total_energy": {"total_energy": -1435.2731351136063}}