{"E(RIMP2 (OS))": {"E(RIMP2 (OS))": -0.19470028176604876}, "E(RIMP2 (SS))": {"E(RIMP2 (SS))": -0.01668405169930467}, "E(RIMP2)": {"E(RIMP2)": -0.21138433346535343}, "E(RIMP2) SOS": {"E(RIMP2) SOS": -0.25311036629586336}, "Final E(HF)": {"Final E(HF)": -1435.061503934863}, "filename": "json_logs/7OBHIIL56F_9q2rdjmgiu.json", "finish_time": {"time": "Fri Feb  3 20:17:47 2023\n", "total_time": 2.77004866}, "start_time": {"time": "Fri Feb  3 20:17:44 2023\n"}, "title": "/scratch/kx58/jm0124/tempJsons/7OBHIIL56F_9q2rdjmgiu.json", "total_energy": {"total_energy": -1435.2728882683282}}