{"E(RIMP2 (OS))": {"E(RIMP2 (OS))": -3.815125060001225}, "E(RIMP2 (SS))": {"E(RIMP2 (SS))": -1.4215846458567027}, "E(RIMP2)": {"E(RIMP2)": -5.236709705857928}, "E(RIMP2) SOS": {"E(RIMP2) SOS": -4.959662578001593}, "Final E(HF)": {"Final E(HF)": -1980.2665677970517}, "filename": "json_logs/0_3m3i9hh3ov.json", "finish_time": {"time": "Sat Feb 25 10:25:53 2023\n", "total_time": 29.924912141}, "start_time": {"time": "Sat Feb 25 10:25:23 2023\n"}, "title": "/scratch/kx58/jm0124/tempJsons/0_3m3i9hh3ov.json", "total_energy": {"total_energy": -1985.5032775029097}}