{"E(RIMP2 (OS))": {"E(RIMP2 (OS))": -3.81485882732122}, "E(RIMP2 (SS))": {"E(RIMP2 (SS))": -1.4211412560996004}, "E(RIMP2)": {"E(RIMP2)": -5.23600008342082}, "E(RIMP2) SOS": {"E(RIMP2) SOS": -4.9593164755175865}, "Final E(HF)": {"Final E(HF)": -1980.2614720545826}, "filename": "json_logs/9_1sk7l7e5ym.json", "finish_time": {"time": "Sat Feb 25 10:18:23 2023\n", "total_time": 28.179733545}, "start_time": {"time": "Sat Feb 25 10:17:55 2023\n"}, "title": "/scratch/kx58/jm0124/tempJsons/9_1sk7l7e5ym.json", "total_energy": {"total_energy": -1985.4974721380033}}