{"E(RIMP2 (OS))": {"E(RIMP2 (OS))": -3.8089315892781745}, "E(RIMP2 (SS))": {"E(RIMP2 (SS))": -1.416706246193634}, "E(RIMP2)": {"E(RIMP2)": -5.225637835471808}, "E(RIMP2) SOS": {"E(RIMP2) SOS": -4.951611066061627}, "Final E(HF)": {"Final E(HF)": -1980.271051159818}, "filename": "json_logs/34_akfs63m2e0.json", "finish_time": {"time": "Sat Feb 25 11:24:05 2023\n", "total_time": 28.198293735}, "start_time": {"time": "Sat Feb 25 11:23:37 2023\n"}, "title": "/scratch/kx58/jm0124/tempJsons/34_akfs63m2e0.json", "total_energy": {"total_energy": -1985.4966889952898}}