{"E(RIMP2 (OS))": {"E(RIMP2 (OS))": -3.8089393863417063}, "E(RIMP2 (SS))": {"E(RIMP2 (SS))": -1.4167183064031919}, "E(RIMP2)": {"E(RIMP2)": -5.225657692744898}, "E(RIMP2) SOS": {"E(RIMP2) SOS": -4.951621202244218}, "Final E(HF)": {"Final E(HF)": -1980.2710276133585}, "filename": "json_logs/0_68ud0uvr3k.json", "finish_time": {"time": "Sat Feb 25 10:11:14 2023\n", "total_time": 24.870274203}, "start_time": {"time": "Sat Feb 25 10:10:49 2023\n"}, "title": "/scratch/kx58/jm0124/tempJsons/0_68ud0uvr3k.json", "total_energy": {"total_energy": -1985.4966853061035}}