{"E(RIMP2 (OS))": {"E(RIMP2 (OS))": -3.81368699296689}, "E(RIMP2 (SS))": {"E(RIMP2 (SS))": -1.4199455145092155}, "E(RIMP2)": {"E(RIMP2)": -5.233632507476106}, "E(RIMP2) SOS": {"E(RIMP2) SOS": -4.957793090856957}, "Final E(HF)": {"Final E(HF)": -1980.2627022652641}, "filename": "json_logs/34_odhue90fjr.json", "finish_time": {"time": "Sat Feb 25 10:36:22 2023\n", "total_time": 26.767648543}, "start_time": {"time": "Sat Feb 25 10:35:55 2023\n"}, "title": "/scratch/kx58/jm0124/tempJsons/34_odhue90fjr.json", "total_energy": {"total_energy": -1985.4963347727403}}