{"E(RIMP2 (OS))": {"E(RIMP2 (OS))": -3.8082156493507804}, "E(RIMP2 (SS))": {"E(RIMP2 (SS))": -1.4161848895949296}, "E(RIMP2)": {"E(RIMP2)": -5.22440053894571}, "E(RIMP2) SOS": {"E(RIMP2) SOS": -4.950680344156015}, "Final E(HF)": {"Final E(HF)": -1980.2702619659058}, "filename": "json_logs/34_yao1exfmbl.json", "finish_time": {"time": "Sat Feb 25 11:34:14 2023\n", "total_time": 26.770280714000002}, "start_time": {"time": "Sat Feb 25 11:33:47 2023\n"}, "title": "/scratch/kx58/jm0124/tempJsons/34_yao1exfmbl.json", "total_energy": {"total_energy": -1985.4946625048515}}