{"E(RIMP2 (OS))": {"E(RIMP2 (OS))": -3.814820360230188}, "E(RIMP2 (SS))": {"E(RIMP2 (SS))": -1.4208049125650426}, "E(RIMP2)": {"E(RIMP2)": -5.235625272795231}, "E(RIMP2) SOS": {"E(RIMP2) SOS": -4.959266468299244}, "Final E(HF)": {"Final E(HF)": -1980.259340808695}, "filename": "json_logs/0_va79bk3t16.json", "finish_time": {"time": "Sat Feb 25 10:37:19 2023\n", "total_time": 24.999493151}, "start_time": {"time": "Sat Feb 25 10:36:54 2023\n"}, "title": "/scratch/kx58/jm0124/tempJsons/0_va79bk3t16.json", "total_energy": {"total_energy": -1985.4949660814902}}