{"E(RIMP2 (OS))": {"E(RIMP2 (OS))": -3.8012969064250517}, "E(RIMP2 (SS))": {"E(RIMP2 (SS))": -1.410422302553472}, "E(RIMP2)": {"E(RIMP2)": -5.211719208978524}, "E(RIMP2) SOS": {"E(RIMP2) SOS": -4.9416859783525675}, "Final E(HF)": {"Final E(HF)": -1980.2824248951365}, "filename": "json_logs/34_d8gqd6akci.json", "finish_time": {"time": "Sat Feb 25 10:01:07 2023\n", "total_time": 26.14411846}, "start_time": {"time": "Sat Feb 25 10:00:41 2023\n"}, "title": "/scratch/kx58/jm0124/tempJsons/34_d8gqd6akci.json", "total_energy": {"total_energy": -1985.494144104115}}