{"E(RIMP2 (OS))": {"E(RIMP2 (OS))": -3.8080889527748876}, "E(RIMP2 (SS))": {"E(RIMP2 (SS))": -1.416012753235297}, "E(RIMP2)": {"E(RIMP2)": -5.224101706010185}, "E(RIMP2) SOS": {"E(RIMP2) SOS": -4.950515638607354}, "Final E(HF)": {"Final E(HF)": -1980.2700562864984}, "filename": "json_logs/0_iw94knraog.json", "finish_time": {"time": "Sat Feb 25 11:23:12 2023\n", "total_time": 27.705683911}, "start_time": {"time": "Sat Feb 25 11:22:45 2023\n"}, "title": "/scratch/kx58/jm0124/tempJsons/0_iw94knraog.json", "total_energy": {"total_energy": -1985.4941579925085}}