{"E(RIMP2 (OS))": {"E(RIMP2 (OS))": -3.801031351958158}, "E(RIMP2 (SS))": {"E(RIMP2 (SS))": -1.4099387738628888}, "E(RIMP2)": {"E(RIMP2)": -5.2109701258210475}, "E(RIMP2) SOS": {"E(RIMP2) SOS": -4.941340757545606}, "Final E(HF)": {"Final E(HF)": -1980.2826884456426}, "filename": "json_logs/34_zfjegsj8kv.json", "finish_time": {"time": "Sat Feb 25 11:13:09 2023\n", "total_time": 26.129975533}, "start_time": {"time": "Sat Feb 25 11:12:43 2023\n"}, "title": "/scratch/kx58/jm0124/tempJsons/34_zfjegsj8kv.json", "total_energy": {"total_energy": -1985.4936585714636}}