{"E(RIMP2 (OS))": {"E(RIMP2 (OS))": -3.8132284995705534}, "E(RIMP2 (SS))": {"E(RIMP2 (SS))": -1.4200478078220646}, "E(RIMP2)": {"E(RIMP2)": -5.233276307392618}, "E(RIMP2) SOS": {"E(RIMP2) SOS": -4.95719704944172}, "Final E(HF)": {"Final E(HF)": -1980.2683075296218}, "filename": "json_logs/0_ppjo4xdi2h.json", "finish_time": {"time": "Sat Feb 25 10:53:58 2023\n", "total_time": 22.742619064}, "start_time": {"time": "Sat Feb 25 10:53:35 2023\n"}, "title": "/scratch/kx58/jm0124/tempJsons/0_ppjo4xdi2h.json", "total_energy": {"total_energy": -1985.5015838370146}}