{"E(RIMP2 (OS))": {"E(RIMP2 (OS))": -3.81035059780166}, "E(RIMP2 (SS))": {"E(RIMP2 (SS))": -1.4180591479124485}, "E(RIMP2)": {"E(RIMP2)": -5.228409745714108}, "E(RIMP2) SOS": {"E(RIMP2) SOS": -4.953455777142158}, "Final E(HF)": {"Final E(HF)": -1980.272874244779}, "filename": "json_logs/34_ut46nsnlon.json", "finish_time": {"time": "Sat Feb 25 10:03:04 2023\n", "total_time": 25.087631676}, "start_time": {"time": "Sat Feb 25 10:02:39 2023\n"}, "title": "/scratch/kx58/jm0124/tempJsons/34_ut46nsnlon.json", "total_energy": {"total_energy": -1985.501283990493}}