{"E(RIMP2 (OS))": {"E(RIMP2 (OS))": -3.81935956735978}, "E(RIMP2 (SS))": {"E(RIMP2 (SS))": -1.4248670414259306}, "E(RIMP2)": {"E(RIMP2)": -5.244226608785711}, "E(RIMP2) SOS": {"E(RIMP2) SOS": -4.965167437567714}, "Final E(HF)": {"Final E(HF)": -1980.2572400322842}, "filename": "json_logs/0_6pgw3hgole.json", "finish_time": {"time": "Sat Feb 25 10:19:45 2023\n", "total_time": 26.28855818}, "start_time": {"time": "Sat Feb 25 10:19:19 2023\n"}, "title": "/scratch/kx58/jm0124/tempJsons/0_6pgw3hgole.json", "total_energy": {"total_energy": -1985.5014666410698}}