{"E(RIMP2 (OS))": {"E(RIMP2 (OS))": -3.8187527929025333}, "E(RIMP2 (SS))": {"E(RIMP2 (SS))": -1.4246811051100354}, "E(RIMP2)": {"E(RIMP2)": -5.243433898012569}, "E(RIMP2) SOS": {"E(RIMP2) SOS": -4.964378630773293}, "Final E(HF)": {"Final E(HF)": -1980.2575112476743}, "filename": "json_logs/0_9mpetrm89t.json", "finish_time": {"time": "Sat Feb 25 11:13:44 2023\n", "total_time": 26.343023581}, "start_time": {"time": "Sat Feb 25 11:13:18 2023\n"}, "title": "/scratch/kx58/jm0124/tempJsons/0_9mpetrm89t.json", "total_energy": {"total_energy": -1985.500945145687}}