{"E(RIMP2 (OS))": {"E(RIMP2 (OS))": -3.8187639965100657}, "E(RIMP2 (SS))": {"E(RIMP2 (SS))": -1.424677173804195}, "E(RIMP2)": {"E(RIMP2)": -5.243441170314261}, "E(RIMP2) SOS": {"E(RIMP2) SOS": -4.964393195463086}, "Final E(HF)": {"Final E(HF)": -1980.2574985683596}, "filename": "json_logs/0_a2o0v7p4cf.json", "finish_time": {"time": "Sat Feb 25 10:08:25 2023\n", "total_time": 28.743134300999998}, "start_time": {"time": "Sat Feb 25 10:07:56 2023\n"}, "title": "/scratch/kx58/jm0124/tempJsons/0_a2o0v7p4cf.json", "total_energy": {"total_energy": -1985.5009397386739}}