{"E(RIMP2 (OS))": {"E(RIMP2 (OS))": -3.811112285294405}, "E(RIMP2 (SS))": {"E(RIMP2 (SS))": -1.4187778209073472}, "E(RIMP2)": {"E(RIMP2)": -5.229890106201752}, "E(RIMP2) SOS": {"E(RIMP2) SOS": -4.954445970882727}, "Final E(HF)": {"Final E(HF)": -1980.2701885869637}, "filename": "json_logs/34_0y2shg2voz.json", "finish_time": {"time": "Sat Feb 25 11:55:10 2023\n", "total_time": 26.206847710999998}, "start_time": {"time": "Sat Feb 25 11:54:44 2023\n"}, "title": "/scratch/kx58/jm0124/tempJsons/34_0y2shg2voz.json", "total_energy": {"total_energy": -1985.5000786931655}}