{"E(RIMP2 (OS))": {"E(RIMP2 (OS))": -3.812362692576811}, "E(RIMP2 (SS))": {"E(RIMP2 (SS))": -1.4194542203898874}, "E(RIMP2)": {"E(RIMP2)": -5.231816912966698}, "E(RIMP2) SOS": {"E(RIMP2) SOS": -4.9560715003498546}, "Final E(HF)": {"Final E(HF)": -1980.2681554090632}, "filename": "json_logs/34_l02kbo1mdt.json", "finish_time": {"time": "Sat Feb 25 10:45:41 2023\n", "total_time": 26.843569662000004}, "start_time": {"time": "Sat Feb 25 10:45:14 2023\n"}, "title": "/scratch/kx58/jm0124/tempJsons/34_l02kbo1mdt.json", "total_energy": {"total_energy": -1985.4999723220299}}