{"E(RIMP2 (OS))": {"E(RIMP2 (OS))": -3.815687412113268}, "E(RIMP2 (SS))": {"E(RIMP2 (SS))": -1.4223511642997801}, "E(RIMP2)": {"E(RIMP2)": -5.238038576413048}, "E(RIMP2) SOS": {"E(RIMP2) SOS": -4.9603936357472485}, "Final E(HF)": {"Final E(HF)": -1980.2616859249756}, "filename": "json_logs/0_ap7wx3rm35.json", "finish_time": {"time": "Sat Feb 25 11:11:34 2023\n", "total_time": 28.020581091}, "start_time": {"time": "Sat Feb 25 11:11:06 2023\n"}, "title": "/scratch/kx58/jm0124/tempJsons/0_ap7wx3rm35.json", "total_energy": {"total_energy": -1985.4997245013885}}