{"E(RIMP2 (OS))": {"E(RIMP2 (OS))": -3.8166670781536}, "E(RIMP2 (SS))": {"E(RIMP2 (SS))": -1.4229891248004582}, "E(RIMP2)": {"E(RIMP2)": -5.239656202954058}, "E(RIMP2) SOS": {"E(RIMP2) SOS": -4.96166720159968}, "Final E(HF)": {"Final E(HF)": -1980.2589924188042}, "filename": "json_logs/0_k0ty83f7j2.json", "finish_time": {"time": "Sat Feb 25 11:05:04 2023\n", "total_time": 28.965410805}, "start_time": {"time": "Sat Feb 25 11:04:35 2023\n"}, "title": "/scratch/kx58/jm0124/tempJsons/0_k0ty83f7j2.json", "total_energy": {"total_energy": -1985.4986486217583}}