{"E(RIMP2 (OS))": {"E(RIMP2 (OS))": -0.3677412892722925}, "E(RIMP2 (SS))": {"E(RIMP2 (SS))": -0.08453150791165331}, "E(RIMP2)": {"E(RIMP2)": -0.4522727971839458}, "E(RIMP2) SOS": {"E(RIMP2) SOS": -0.47806367605398026}, "Final E(HF)": {"Final E(HF)": -1451.5430619108863}, "filename": "json_logs/7K8Z0OB7LF_0i7dnosk6c.json", "finish_time": {"time": "Tue Apr  4 03:43:45 2023\n", "total_time": 6.653413508}, "start_time": {"time": "Tue Apr  4 03:43:38 2023\n"}, "title": "/scratch/kx58/jm0124/tempJsons/7K8Z0OB7LF_0i7dnosk6c.json", "total_energy": {"total_energy": -1451.9953347080702}}