{"E(RIMP2 (OS))": {"E(RIMP2 (OS))": -0.36773376081443426}, "E(RIMP2 (SS))": {"E(RIMP2 (SS))": -0.08452486799214594}, "E(RIMP2)": {"E(RIMP2)": -0.4522586288065802}, "E(RIMP2) SOS": {"E(RIMP2) SOS": -0.47805388905876456}, "Final E(HF)": {"Final E(HF)": -1451.5430694265137}, "filename": "json_logs/BS168QQOKE_k0si1c839h.json", "finish_time": {"time": "Tue Apr  4 03:18:56 2023\n", "total_time": 5.782185277}, "start_time": {"time": "Tue Apr  4 03:18:51 2023\n"}, "title": "/scratch/kx58/jm0124/tempJsons/BS168QQOKE_k0si1c839h.json", "total_energy": {"total_energy": -1451.9953280553202}}