{"E(RIMP2 (OS))": {"E(RIMP2 (OS))": -6.854068529236275}, "E(RIMP2 (SS))": {"E(RIMP2 (SS))": -2.6253770849831377}, "E(RIMP2)": {"E(RIMP2)": -9.479445614219413}, "E(RIMP2) SOS": {"E(RIMP2) SOS": -8.910289088007158}, "Final E(HF)": {"Final E(HF)": -4222.235688944083}, "filename": "json_logs/60_agd8gqd6ak.json", "finish_time": {"time": "Thu Mar  2 16:20:20 2023\n", "total_time": 74.111160518}, "start_time": {"time": "Thu Mar  2 16:19:06 2023\n"}, "title": "/scratch/kx58/jm0124/tempJsons/60_agd8gqd6ak.json", "total_energy": {"total_energy": -4231.715134558303}}