{"E(RIMP2 (OS))": {"E(RIMP2 (OS))": -6.855343327267289}, "E(RIMP2 (SS))": {"E(RIMP2 (SS))": -2.6277617427070408}, "E(RIMP2)": {"E(RIMP2)": -9.48310506997433}, "E(RIMP2) SOS": {"E(RIMP2) SOS": -8.911946325447476}, "Final E(HF)": {"Final E(HF)": -4222.23021344924}, "filename": "json_logs/72_48s3tjns4y.json", "finish_time": {"time": "Sat Mar  4 04:25:33 2023\n", "total_time": 74.21713141400001}, "start_time": {"time": "Sat Mar  4 04:24:20 2023\n"}, "title": "/scratch/kx58/jm0124/tempJsons/72_48s3tjns4y.json", "total_energy": {"total_energy": -4231.713318519214}}