{"E(RIMP2 (OS))": {"E(RIMP2 (OS))": -6.859612161371331}, "E(RIMP2 (SS))": {"E(RIMP2 (SS))": -2.6298630913906518}, "E(RIMP2)": {"E(RIMP2)": -9.489475252761983}, "E(RIMP2) SOS": {"E(RIMP2) SOS": -8.91749580978273}, "Final E(HF)": {"Final E(HF)": -4222.213754423596}, "filename": "json_logs/74_4heuy1l22u.json", "finish_time": {"time": "Thu Mar  2 15:41:15 2023\n", "total_time": 78.56602884}, "start_time": {"time": "Thu Mar  2 15:39:56 2023\n"}, "title": "/scratch/kx58/jm0124/tempJsons/74_4heuy1l22u.json", "total_energy": {"total_energy": -4231.703229676357}}