{"E(RIMP2 (OS))": {"E(RIMP2 (OS))": -6.850862378685662}, "E(RIMP2 (SS))": {"E(RIMP2 (SS))": -2.623413767725624}, "E(RIMP2)": {"E(RIMP2)": -9.474276146411286}, "E(RIMP2) SOS": {"E(RIMP2) SOS": -8.906121092291361}, "Final E(HF)": {"Final E(HF)": -4222.225815484644}, "filename": "json_logs/7_zqmo2086zb.json", "finish_time": {"time": "Sat Mar  4 06:35:24 2023\n", "total_time": 71.461758076}, "start_time": {"time": "Sat Mar  4 06:34:13 2023\n"}, "title": "/scratch/kx58/jm0124/tempJsons/7_zqmo2086zb.json", "total_energy": {"total_energy": -4231.700091631055}}