{"E(RIMP2 (OS))": {"E(RIMP2 (OS))": -6.855296291125534}, "E(RIMP2 (SS))": {"E(RIMP2 (SS))": -2.627213149841475}, "E(RIMP2)": {"E(RIMP2)": -9.482509440967009}, "E(RIMP2) SOS": {"E(RIMP2) SOS": -8.911885178463194}, "Final E(HF)": {"Final E(HF)": -4222.219594226139}, "filename": "json_logs/65_6g6rkf12nb.json", "finish_time": {"time": "Thu Mar  2 16:01:45 2023\n", "total_time": 78.72341882200001}, "start_time": {"time": "Thu Mar  2 16:00:27 2023\n"}, "title": "/scratch/kx58/jm0124/tempJsons/65_6g6rkf12nb.json", "total_energy": {"total_energy": -4231.702103667106}}