{"E(RIMP2 (OS))": {"E(RIMP2 (OS))": -6.856820728306612}, "E(RIMP2 (SS))": {"E(RIMP2 (SS))": -2.6279893443300026}, "E(RIMP2)": {"E(RIMP2)": -9.484810072636614}, "E(RIMP2) SOS": {"E(RIMP2) SOS": -8.913866946798596}, "Final E(HF)": {"Final E(HF)": -4222.21505632208}, "filename": "json_logs/35_1yw2oygtrl.json", "finish_time": {"time": "Sat Mar  4 05:47:25 2023\n", "total_time": 80.320784143}, "start_time": {"time": "Sat Mar  4 05:46:05 2023\n"}, "title": "/scratch/kx58/jm0124/tempJsons/35_1yw2oygtrl.json", "total_energy": {"total_energy": -4231.699866394717}}