{"E(RIMP2 (OS))": {"E(RIMP2 (OS))": -6.855121811376999}, "E(RIMP2 (SS))": {"E(RIMP2 (SS))": -2.627029956845225}, "E(RIMP2)": {"E(RIMP2)": -9.482151768222224}, "E(RIMP2) SOS": {"E(RIMP2) SOS": -8.911658354790099}, "Final E(HF)": {"Final E(HF)": -4222.216846597425}, "filename": "json_logs/35_353zosy6xl.json", "finish_time": {"time": "Sat Mar  4 05:28:13 2023\n", "total_time": 75.125037137}, "start_time": {"time": "Sat Mar  4 05:26:59 2023\n"}, "title": "/scratch/kx58/jm0124/tempJsons/35_353zosy6xl.json", "total_energy": {"total_energy": -4231.698998365647}}