{"E(RIMP2 (OS))": {"E(RIMP2 (OS))": -6.858570335274231}, "E(RIMP2 (SS))": {"E(RIMP2 (SS))": -2.6303608217209504}, "E(RIMP2)": {"E(RIMP2)": -9.488931156995182}, "E(RIMP2) SOS": {"E(RIMP2) SOS": -8.9161414358565}, "Final E(HF)": {"Final E(HF)": -4222.212749453258}, "filename": "json_logs/71_3kfmft9d8c.json", "finish_time": {"time": "Thu Mar  2 16:49:30 2023\n", "total_time": 73.510824756}, "start_time": {"time": "Thu Mar  2 16:48:17 2023\n"}, "title": "/scratch/kx58/jm0124/tempJsons/71_3kfmft9d8c.json", "total_energy": {"total_energy": -4231.701680610254}}