{"E(RIMP2 (OS))": {"E(RIMP2 (OS))": -6.850211381265599}, "E(RIMP2 (SS))": {"E(RIMP2 (SS))": -2.62224351843693}, "E(RIMP2)": {"E(RIMP2)": -9.47245489970253}, "E(RIMP2) SOS": {"E(RIMP2) SOS": -8.90527479564528}, "Final E(HF)": {"Final E(HF)": -4222.226759283252}, "filename": "json_logs/5_81nuc3oa0k.json", "finish_time": {"time": "Thu Mar  2 15:49:04 2023\n", "total_time": 71.960572025}, "start_time": {"time": "Thu Mar  2 15:47:52 2023\n"}, "title": "/scratch/kx58/jm0124/tempJsons/5_81nuc3oa0k.json", "total_energy": {"total_energy": -4231.699214182955}}