{"E(RIMP2 (OS))": {"E(RIMP2 (OS))": -6.850211381273508}, "E(RIMP2 (SS))": {"E(RIMP2 (SS))": -2.6222435184417288}, "E(RIMP2)": {"E(RIMP2)": -9.472454899715236}, "E(RIMP2) SOS": {"E(RIMP2) SOS": -8.90527479565556}, "Final E(HF)": {"Final E(HF)": -4222.226759283256}, "filename": "json_logs/5_zvkopoi1ju.json", "finish_time": {"time": "Sat Mar  4 04:33:27 2023\n", "total_time": 72.207423404}, "start_time": {"time": "Sat Mar  4 04:32:15 2023\n"}, "title": "/scratch/kx58/jm0124/tempJsons/5_zvkopoi1ju.json", "total_energy": {"total_energy": -4231.699214182971}}