{"E(RIMP2 (OS))": {"E(RIMP2 (OS))": -6.851314481628818}, "E(RIMP2 (SS))": {"E(RIMP2 (SS))": -2.6234153120305224}, "E(RIMP2)": {"E(RIMP2)": -9.47472979365934}, "E(RIMP2) SOS": {"E(RIMP2) SOS": -8.906708826117464}, "Final E(HF)": {"Final E(HF)": -4222.222073420631}, "filename": "json_logs/59_mn68ud0uvr.json", "finish_time": {"time": "Thu Mar  2 16:50:36 2023\n", "total_time": 73.671947338}, "start_time": {"time": "Thu Mar  2 16:49:22 2023\n"}, "title": "/scratch/kx58/jm0124/tempJsons/59_mn68ud0uvr.json", "total_energy": {"total_energy": -4231.69680321429}}