{"E(RIMP2 (OS))": {"E(RIMP2 (OS))": -6.853505690970446}, "E(RIMP2 (SS))": {"E(RIMP2 (SS))": -2.625828119171321}, "E(RIMP2)": {"E(RIMP2)": -9.479333810141767}, "E(RIMP2) SOS": {"E(RIMP2) SOS": -8.909557398261581}, "Final E(HF)": {"Final E(HF)": -4222.219191098673}, "filename": "json_logs/35_u3k45ihagt.json", "finish_time": {"time": "Sat Mar  4 05:07:51 2023\n", "total_time": 68.20151143}, "start_time": {"time": "Sat Mar  4 05:06:43 2023\n"}, "title": "/scratch/kx58/jm0124/tempJsons/35_u3k45ihagt.json", "total_energy": {"total_energy": -4231.698524908815}}