{"E(RIMP2 (OS))": {"E(RIMP2 (OS))": -6.8625602859552615}, "E(RIMP2 (SS))": {"E(RIMP2 (SS))": -2.6300989078463624}, "E(RIMP2)": {"E(RIMP2)": -9.492659193801623}, "E(RIMP2) SOS": {"E(RIMP2) SOS": -8.92132837174184}, "Final E(HF)": {"Final E(HF)": -4222.204826925241}, "filename": "json_logs/7_xdx3prk4h2.json", "finish_time": {"time": "Thu Mar  2 16:42:59 2023\n", "total_time": 75.244699214}, "start_time": {"time": "Thu Mar  2 16:41:44 2023\n"}, "title": "/scratch/kx58/jm0124/tempJsons/7_xdx3prk4h2.json", "total_energy": {"total_energy": -4231.697486119043}}