{"E(RIMP2 (OS))": {"E(RIMP2 (OS))": -6.861054563346386}, "E(RIMP2 (SS))": {"E(RIMP2 (SS))": -2.629652025011866}, "E(RIMP2)": {"E(RIMP2)": -9.490706588358252}, "E(RIMP2) SOS": {"E(RIMP2) SOS": -8.919370932350303}, "Final E(HF)": {"Final E(HF)": -4222.208199234043}, "filename": "json_logs/7_szvarthvak.json", "finish_time": {"time": "Sat Mar  4 05:52:32 2023\n", "total_time": 74.767484606}, "start_time": {"time": "Sat Mar  4 05:51:17 2023\n"}, "title": "/scratch/kx58/jm0124/tempJsons/7_szvarthvak.json", "total_energy": {"total_energy": -4231.698905822401}}