{"E(RIMP2 (OS))": {"E(RIMP2 (OS))": -6.8514323041885685}, "E(RIMP2 (SS))": {"E(RIMP2 (SS))": -2.6233449787903482}, "E(RIMP2)": {"E(RIMP2)": -9.474777282978916}, "E(RIMP2) SOS": {"E(RIMP2) SOS": -8.906861995445139}, "Final E(HF)": {"Final E(HF)": -4222.220915616223}, "filename": "json_logs/19_etpcgxv3ry.json", "finish_time": {"time": "Thu Mar  2 16:01:41 2023\n", "total_time": 74.364700576}, "start_time": {"time": "Thu Mar  2 16:00:27 2023\n"}, "title": "/scratch/kx58/jm0124/tempJsons/19_etpcgxv3ry.json", "total_energy": {"total_energy": -4231.695692899201}}