{"E(RIMP2 (OS))": {"E(RIMP2 (OS))": -6.867934796377652}, "E(RIMP2 (SS))": {"E(RIMP2 (SS))": -2.6357450951096566}, "E(RIMP2)": {"E(RIMP2)": -9.503679891487309}, "E(RIMP2) SOS": {"E(RIMP2) SOS": -8.928315235290947}, "Final E(HF)": {"Final E(HF)": -4222.19393277557}, "filename": "json_logs/35_0s0p6b74mc.json", "finish_time": {"time": "Sat Mar  4 05:05:30 2023\n", "total_time": 82.946779047}, "start_time": {"time": "Sat Mar  4 05:04:08 2023\n"}, "title": "/scratch/kx58/jm0124/tempJsons/35_0s0p6b74mc.json", "total_energy": {"total_energy": -4231.697612667058}}