{"E(RIMP2 (OS))": {"E(RIMP2 (OS))": -6.864159176740288}, "E(RIMP2 (SS))": {"E(RIMP2 (SS))": -2.6328454513588366}, "E(RIMP2)": {"E(RIMP2)": -9.497004628099125}, "E(RIMP2) SOS": {"E(RIMP2) SOS": -8.923406929762375}, "Final E(HF)": {"Final E(HF)": -4222.199846578755}, "filename": "json_logs/0_na1d051x11.json", "finish_time": {"time": "Sat Mar  4 05:28:15 2023\n", "total_time": 76.965972538}, "start_time": {"time": "Sat Mar  4 05:26:59 2023\n"}, "title": "/scratch/kx58/jm0124/tempJsons/0_na1d051x11.json", "total_energy": {"total_energy": -4231.696851206853}}