{"E(RIMP2 (OS))": {"E(RIMP2 (OS))": -6.859637531473456}, "E(RIMP2 (SS))": {"E(RIMP2 (SS))": -2.6299521651180147}, "E(RIMP2)": {"E(RIMP2)": -9.48958969659147}, "E(RIMP2) SOS": {"E(RIMP2) SOS": -8.917528790915492}, "Final E(HF)": {"Final E(HF)": -4222.205233023011}, "filename": "json_logs/59_k60b6lxsx7.json", "finish_time": {"time": "Thu Mar  2 16:24:09 2023\n", "total_time": 75.937019734}, "start_time": {"time": "Thu Mar  2 16:22:53 2023\n"}, "title": "/scratch/kx58/jm0124/tempJsons/59_k60b6lxsx7.json", "total_energy": {"total_energy": -4231.694822719603}}