{"E(RIMP2 (OS))": {"E(RIMP2 (OS))": -6.861062524915086}, "E(RIMP2 (SS))": {"E(RIMP2 (SS))": -2.6294719072767925}, "E(RIMP2)": {"E(RIMP2)": -9.490534432191879}, "E(RIMP2) SOS": {"E(RIMP2) SOS": -8.919381282389612}, "Final E(HF)": {"Final E(HF)": -4222.203719657393}, "filename": "json_logs/1_zvewwcnchm.json", "finish_time": {"time": "Thu Mar  2 16:21:38 2023\n", "total_time": 73.833273624}, "start_time": {"time": "Thu Mar  2 16:20:24 2023\n"}, "title": "/scratch/kx58/jm0124/tempJsons/1_zvewwcnchm.json", "total_energy": {"total_energy": -4231.694254089584}}