{"E(RIMP2 (OS))": {"E(RIMP2 (OS))": -6.851831642317307}, "E(RIMP2 (SS))": {"E(RIMP2 (SS))": -2.624763683371235}, "E(RIMP2)": {"E(RIMP2)": -9.476595325688542}, "E(RIMP2) SOS": {"E(RIMP2) SOS": -8.9073811350125}, "Final E(HF)": {"Final E(HF)": -4222.218223872369}, "filename": "json_logs/7_zusa5ryhmt.json", "finish_time": {"time": "Sat Mar  4 05:07:50 2023\n", "total_time": 75.34584573800001}, "start_time": {"time": "Sat Mar  4 05:06:35 2023\n"}, "title": "/scratch/kx58/jm0124/tempJsons/7_zusa5ryhmt.json", "total_energy": {"total_energy": -4231.694819198057}}