{"E(RIMP2 (OS))": {"E(RIMP2 (OS))": -6.855011673046075}, "E(RIMP2 (SS))": {"E(RIMP2 (SS))": -2.625065174975829}, "E(RIMP2)": {"E(RIMP2)": -9.480076848021904}, "E(RIMP2) SOS": {"E(RIMP2) SOS": -8.911515174959899}, "Final E(HF)": {"Final E(HF)": -4222.215463540733}, "filename": "json_logs/9_xc5t2l1jik.json", "finish_time": {"time": "Sat Mar  4 05:06:36 2023\n", "total_time": 71.512290588}, "start_time": {"time": "Sat Mar  4 05:05:25 2023\n"}, "title": "/scratch/kx58/jm0124/tempJsons/9_xc5t2l1jik.json", "total_energy": {"total_energy": -4231.695540388755}}