{"E(RIMP2 (OS))": {"E(RIMP2 (OS))": -6.853764507679945}, "E(RIMP2 (SS))": {"E(RIMP2 (SS))": -2.6256491806261013}, "E(RIMP2)": {"E(RIMP2)": -9.479413688306046}, "E(RIMP2) SOS": {"E(RIMP2) SOS": -8.90989385998393}, "Final E(HF)": {"Final E(HF)": -4222.213119745993}, "filename": "json_logs/71_c63tgllify.json", "finish_time": {"time": "Thu Mar  2 16:25:28 2023\n", "total_time": 73.01636124100001}, "start_time": {"time": "Thu Mar  2 16:24:15 2023\n"}, "title": "/scratch/kx58/jm0124/tempJsons/71_c63tgllify.json", "total_energy": {"total_energy": -4231.6925334343}}