{"E(RIMP2 (OS))": {"E(RIMP2 (OS))": -6.85105673205798}, "E(RIMP2 (SS))": {"E(RIMP2 (SS))": -2.624608931783058}, "E(RIMP2)": {"E(RIMP2)": -9.475665663841038}, "E(RIMP2) SOS": {"E(RIMP2) SOS": -8.906373751675375}, "Final E(HF)": {"Final E(HF)": -4222.237688020919}, "filename": "json_logs/7_5ddhkwdmih.json", "finish_time": {"time": "Thu Mar  2 17:21:45 2023\n", "total_time": 75.64620503500001}, "start_time": {"time": "Thu Mar  2 17:20:29 2023\n"}, "title": "/scratch/kx58/jm0124/tempJsons/7_5ddhkwdmih.json", "total_energy": {"total_energy": -4231.7133536847605}}