{"E(RIMP2 (OS))": {"E(RIMP2 (OS))": -6.852493939000387}, "E(RIMP2 (SS))": {"E(RIMP2 (SS))": -2.6237752887560144}, "E(RIMP2)": {"E(RIMP2)": -9.4762692277564}, "E(RIMP2) SOS": {"E(RIMP2) SOS": -8.908242120700503}, "Final E(HF)": {"Final E(HF)": -4222.236556885207}, "filename": "json_logs/9_urcbaap9td.json", "finish_time": {"time": "Sat Mar  4 05:33:19 2023\n", "total_time": 76.570724514}, "start_time": {"time": "Sat Mar  4 05:32:03 2023\n"}, "title": "/scratch/kx58/jm0124/tempJsons/9_urcbaap9td.json", "total_energy": {"total_energy": -4231.712826112964}}