{"E(RIMP2 (OS))": {"E(RIMP2 (OS))": -6.856517883358205}, "E(RIMP2 (SS))": {"E(RIMP2 (SS))": -2.626514610184204}, "E(RIMP2)": {"E(RIMP2)": -9.483032493542408}, "E(RIMP2) SOS": {"E(RIMP2) SOS": -8.913473248365666}, "Final E(HF)": {"Final E(HF)": -4222.226846108366}, "filename": "json_logs/68_i18eft7d7y.json", "finish_time": {"time": "Sat Mar  4 05:09:11 2023\n", "total_time": 77.34368721400001}, "start_time": {"time": "Sat Mar  4 05:07:54 2023\n"}, "title": "/scratch/kx58/jm0124/tempJsons/68_i18eft7d7y.json", "total_energy": {"total_energy": -4231.709878601908}}