{"E(RIMP2 (OS))": {"E(RIMP2 (OS))": -6.8553433272758895}, "E(RIMP2 (SS))": {"E(RIMP2 (SS))": -2.6277617427115834}, "E(RIMP2)": {"E(RIMP2)": -9.483105069987474}, "E(RIMP2) SOS": {"E(RIMP2) SOS": -8.911946325458656}, "Final E(HF)": {"Final E(HF)": -4222.230213449231}, "filename": "json_logs/72_ea0wb5i8p8.json", "finish_time": {"time": "Thu Mar  2 15:41:10 2023\n", "total_time": 73.783264793}, "start_time": {"time": "Thu Mar  2 15:39:56 2023\n"}, "title": "/scratch/kx58/jm0124/tempJsons/72_ea0wb5i8p8.json", "total_energy": {"total_energy": -4231.713318519218}}