{"E(RIMP2 (OS))": {"E(RIMP2 (OS))": -6.852092121912975}, "E(RIMP2 (SS))": {"E(RIMP2 (SS))": -2.6242391742196705}, "E(RIMP2)": {"E(RIMP2)": -9.476331296132646}, "E(RIMP2) SOS": {"E(RIMP2) SOS": -8.907719758486868}, "Final E(HF)": {"Final E(HF)": -4222.230563542833}, "filename": "json_logs/7_617356g6o9.json", "finish_time": {"time": "Sat Mar  4 05:49:50 2023\n", "total_time": 73.159630352}, "start_time": {"time": "Sat Mar  4 05:48:37 2023\n"}, "title": "/scratch/kx58/jm0124/tempJsons/7_617356g6o9.json", "total_energy": {"total_energy": -4231.706894838966}}