{"E(RIMP2 (OS))": {"E(RIMP2 (OS))": -6.862587464897348}, "E(RIMP2 (SS))": {"E(RIMP2 (SS))": -2.632117098991236}, "E(RIMP2)": {"E(RIMP2)": -9.494704563888584}, "E(RIMP2) SOS": {"E(RIMP2) SOS": -8.921363704366552}, "Final E(HF)": {"Final E(HF)": -4222.217907326552}, "filename": "json_logs/74_k6ei6vbz2i.json", "finish_time": {"time": "Thu Mar  2 17:17:55 2023\n", "total_time": 75.06623970300001}, "start_time": {"time": "Thu Mar  2 17:16:40 2023\n"}, "title": "/scratch/kx58/jm0124/tempJsons/74_k6ei6vbz2i.json", "total_energy": {"total_energy": -4231.712611890441}}