{"E(RIMP2 (OS))": {"E(RIMP2 (OS))": -6.854584513176059}, "E(RIMP2 (SS))": {"E(RIMP2 (SS))": -2.6266450084440653}, "E(RIMP2)": {"E(RIMP2)": -9.481229521620124}, "E(RIMP2) SOS": {"E(RIMP2) SOS": -8.910959867128877}, "Final E(HF)": {"Final E(HF)": -4222.23014165001}, "filename": "json_logs/60_r4r9zzhc18.json", "finish_time": {"time": "Thu Mar  2 16:44:20 2023\n", "total_time": 76.223637739}, "start_time": {"time": "Thu Mar  2 16:43:04 2023\n"}, "title": "/scratch/kx58/jm0124/tempJsons/60_r4r9zzhc18.json", "total_energy": {"total_energy": -4231.71137117163}}