{"E(RIMP2 (OS))": {"E(RIMP2 (OS))": -6.854425596748563}, "E(RIMP2 (SS))": {"E(RIMP2 (SS))": -2.6258762297267726}, "E(RIMP2)": {"E(RIMP2)": -9.480301826475337}, "E(RIMP2) SOS": {"E(RIMP2) SOS": -8.910753275773132}, "Final E(HF)": {"Final E(HF)": -4222.226188811794}, "filename": "json_logs/9_1msed9xes0.json", "finish_time": {"time": "Sat Mar  4 06:31:30 2023\n", "total_time": 74.451050708}, "start_time": {"time": "Sat Mar  4 06:30:16 2023\n"}, "title": "/scratch/kx58/jm0124/tempJsons/9_1msed9xes0.json", "total_energy": {"total_energy": -4231.706490638268}}