{"E(RIMP2 (OS))": {"E(RIMP2 (OS))": -6.864859144843203}, "E(RIMP2 (SS))": {"E(RIMP2 (SS))": -2.634902220646288}, "E(RIMP2)": {"E(RIMP2)": -9.49976136548949}, "E(RIMP2) SOS": {"E(RIMP2) SOS": -8.924316888296165}, "Final E(HF)": {"Final E(HF)": -4222.206362349838}, "filename": "json_logs/7_uzkoxnq5mt.json", "finish_time": {"time": "Sat Mar  4 05:29:36 2023\n", "total_time": 79.843136497}, "start_time": {"time": "Sat Mar  4 05:28:16 2023\n"}, "title": "/scratch/kx58/jm0124/tempJsons/7_uzkoxnq5mt.json", "total_energy": {"total_energy": -4231.7061237153275}}