{"E(RIMP2 (OS))": {"E(RIMP2 (OS))": -6.856755706058162}, "E(RIMP2 (SS))": {"E(RIMP2 (SS))": -2.6266297956519744}, "E(RIMP2)": {"E(RIMP2)": -9.483385501710137}, "E(RIMP2) SOS": {"E(RIMP2) SOS": -8.91378241787561}, "Final E(HF)": {"Final E(HF)": -4222.22695418074}, "filename": "json_logs/59_cfebef431m.json", "finish_time": {"time": "Thu Mar  2 16:41:45 2023\n", "total_time": 74.094001358}, "start_time": {"time": "Thu Mar  2 16:40:31 2023\n"}, "title": "/scratch/kx58/jm0124/tempJsons/59_cfebef431m.json", "total_energy": {"total_energy": -4231.71033968245}}