{"E(RIMP2 (OS))": {"E(RIMP2 (OS))": -6.852786015034838}, "E(RIMP2 (SS))": {"E(RIMP2 (SS))": -2.624548274910036}, "E(RIMP2)": {"E(RIMP2)": -9.477334289944874}, "E(RIMP2) SOS": {"E(RIMP2) SOS": -8.90862181954529}, "Final E(HF)": {"Final E(HF)": -4222.23108363903}, "filename": "json_logs/71_xe2fyzmncu.json", "finish_time": {"time": "Thu Mar  2 17:19:13 2023\n", "total_time": 72.631061556}, "start_time": {"time": "Thu Mar  2 17:18:00 2023\n"}, "title": "/scratch/kx58/jm0124/tempJsons/71_xe2fyzmncu.json", "total_energy": {"total_energy": -4231.708417928975}}