{"E(RIMP2 (OS))": {"E(RIMP2 (OS))": -6.850386881308681}, "E(RIMP2 (SS))": {"E(RIMP2 (SS))": -2.622809426141528}, "E(RIMP2)": {"E(RIMP2)": -9.473196307450209}, "E(RIMP2) SOS": {"E(RIMP2) SOS": -8.905502945701285}, "Final E(HF)": {"Final E(HF)": -4222.2324350791405}, "filename": "json_logs/7_cvg288zw7a.json", "finish_time": {"time": "Sat Mar  4 05:30:51 2023\n", "total_time": 71.38980231400001}, "start_time": {"time": "Sat Mar  4 05:29:40 2023\n"}, "title": "/scratch/kx58/jm0124/tempJsons/7_cvg288zw7a.json", "total_energy": {"total_energy": -4231.7056313865905}}