{"E(RIMP2 (OS))": {"E(RIMP2 (OS))": -6.859612161355095}, "E(RIMP2 (SS))": {"E(RIMP2 (SS))": -2.6298630913812766}, "E(RIMP2)": {"E(RIMP2)": -9.489475252736371}, "E(RIMP2) SOS": {"E(RIMP2) SOS": -8.917495809761624}, "Final E(HF)": {"Final E(HF)": -4222.213754423541}, "filename": "json_logs/74_ea0wb5i8p8.json", "finish_time": {"time": "Sat Mar  4 04:25:38 2023\n", "total_time": 78.77028325100001}, "start_time": {"time": "Sat Mar  4 04:24:20 2023\n"}, "title": "/scratch/kx58/jm0124/tempJsons/74_ea0wb5i8p8.json", "total_energy": {"total_energy": -4231.703229676278}}