{"E(RIMP2 (OS))": {"E(RIMP2 (OS))": -6.858536241503225}, "E(RIMP2 (SS))": {"E(RIMP2 (SS))": -2.6302526139449496}, "E(RIMP2)": {"E(RIMP2)": -9.488788855448174}, "E(RIMP2) SOS": {"E(RIMP2) SOS": -8.916097113954192}, "Final E(HF)": {"Final E(HF)": -4222.218179522106}, "filename": "json_logs/60_9s8crhg3x1.json", "finish_time": {"time": "Thu Mar  2 17:19:18 2023\n", "total_time": 78.020910381}, "start_time": {"time": "Thu Mar  2 17:18:00 2023\n"}, "title": "/scratch/kx58/jm0124/tempJsons/60_9s8crhg3x1.json", "total_energy": {"total_energy": -4231.706968377554}}