{"E(RIMP2 (OS))": {"E(RIMP2 (OS))": -6.853789504385133}, "E(RIMP2 (SS))": {"E(RIMP2 (SS))": -2.6264342886357226}, "E(RIMP2)": {"E(RIMP2)": -9.480223793020855}, "E(RIMP2) SOS": {"E(RIMP2) SOS": -8.909926355700673}, "Final E(HF)": {"Final E(HF)": -4222.225305224107}, "filename": "json_logs/60_s6gfchjcuo.json", "finish_time": {"time": "Thu Mar  2 16:43:01 2023\n", "total_time": 73.752630261}, "start_time": {"time": "Thu Mar  2 16:41:47 2023\n"}, "title": "/scratch/kx58/jm0124/tempJsons/60_s6gfchjcuo.json", "total_energy": {"total_energy": -4231.705529017128}}