{"E(RIMP2 (OS))": {"E(RIMP2 (OS))": -6.855296291124942}, "E(RIMP2 (SS))": {"E(RIMP2 (SS))": -2.627213149840996}, "E(RIMP2)": {"E(RIMP2)": -9.482509440965938}, "E(RIMP2) SOS": {"E(RIMP2) SOS": -8.911885178462425}, "Final E(HF)": {"Final E(HF)": -4222.219594225877}, "filename": "json_logs/65_6d7iiummcr.json", "finish_time": {"time": "Sat Mar  4 04:46:16 2023\n", "total_time": 78.78492867599999}, "start_time": {"time": "Sat Mar  4 04:44:57 2023\n"}, "title": "/scratch/kx58/jm0124/tempJsons/65_6d7iiummcr.json", "total_energy": {"total_energy": -4231.702103666843}}