{"E(RIMP2 (OS))": {"E(RIMP2 (OS))": -6.861727414927482}, "E(RIMP2 (SS))": {"E(RIMP2 (SS))": -2.631225655405772}, "E(RIMP2)": {"E(RIMP2)": -9.492953070333254}, "E(RIMP2) SOS": {"E(RIMP2) SOS": -8.920245639405726}, "Final E(HF)": {"Final E(HF)": -4222.209679757407}, "filename": "json_logs/19_80vz65jy1e.json", "finish_time": {"time": "Sat Mar  4 05:32:08 2023\n", "total_time": 75.042058777}, "start_time": {"time": "Sat Mar  4 05:30:53 2023\n"}, "title": "/scratch/kx58/jm0124/tempJsons/19_80vz65jy1e.json", "total_energy": {"total_energy": -4231.70263282774}}