{"E(RIMP2 (OS))": {"E(RIMP2 (OS))": -6.8637100456733675}, "E(RIMP2 (SS))": {"E(RIMP2 (SS))": -2.6324886258165976}, "E(RIMP2)": {"E(RIMP2)": -9.496198671489966}, "E(RIMP2) SOS": {"E(RIMP2) SOS": -8.922823059375379}, "Final E(HF)": {"Final E(HF)": -4222.209153736081}, "filename": "json_logs/74_0o1jbs3a5u.json", "finish_time": {"time": "Thu Mar  2 16:50:57 2023\n", "total_time": 83.43861805200001}, "start_time": {"time": "Thu Mar  2 16:49:34 2023\n"}, "title": "/scratch/kx58/jm0124/tempJsons/74_0o1jbs3a5u.json", "total_energy": {"total_energy": -4231.705352407571}}