{"E(RIMP2 (OS))": {"E(RIMP2 (OS))": -1.0581415660091842}, "E(RIMP2 (SS))": {"E(RIMP2 (SS))": -0.36877254639067075}, "E(RIMP2)": {"E(RIMP2)": -1.426914112399855}, "E(RIMP2) SOS": {"E(RIMP2) SOS": -1.3755840358119396}, "Final E(HF)": {"Final E(HF)": -453.86182422405346}, "filename": "json_logs/GLY_xac_0.json", "finish_time": {"time": "Sat Feb  4 10:25:24 2023\n", "total_time": 9.636787205000001}, "start_time": {"time": "Sat Feb  4 10:25:14 2023\n"}, "title": "/scratch/kx58/jm0124/tempJsons/GLY_xac_0.json", "total_energy": {"total_energy": -455.2887383364533}}