{"E(RIMP2 (OS))": {"E(RIMP2 (OS))": -1.0581679265993522}, "E(RIMP2 (SS))": {"E(RIMP2 (SS))": -0.3689111434858519}, "E(RIMP2)": {"E(RIMP2)": -1.427079070085204}, "E(RIMP2) SOS": {"E(RIMP2) SOS": -1.375618304579158}, "Final E(HF)": {"Final E(HF)": -453.861857298444}, "filename": "json_logs/GLY_xac_1.json", "finish_time": {"time": "Sat Feb  4 10:25:27 2023\n", "total_time": 12.582117876}, "start_time": {"time": "Sat Feb  4 10:25:14 2023\n"}, "title": "/scratch/kx58/jm0124/tempJsons/GLY_xac_1.json", "total_energy": {"total_energy": -455.2889363685292}}