{"E(RIMP2 (OS))": {"E(RIMP2 (OS))": -1.0556782396288937}, "E(RIMP2 (SS))": {"E(RIMP2 (SS))": -0.36729006585604473}, "E(RIMP2)": {"E(RIMP2)": -1.4229683054849385}, "E(RIMP2) SOS": {"E(RIMP2) SOS": -1.3723817115175618}, "Final E(HF)": {"Final E(HF)": -453.8628725916004}, "filename": "json_logs/GLY_xac_2.json", "finish_time": {"time": "Sat Feb  4 10:25:27 2023\n", "total_time": 12.824537391}, "start_time": {"time": "Sat Feb  4 10:25:14 2023\n"}, "title": "/scratch/kx58/jm0124/tempJsons/GLY_xac_2.json", "total_energy": {"total_energy": -455.28584089708534}}