{"E(RIMP2 (OS))": {"E(RIMP2 (OS))": -7.391794322099315}, "E(RIMP2 (SS))": {"E(RIMP2 (SS))": -2.855484349027158}, "E(RIMP2)": {"E(RIMP2)": -10.247278671126473}, "E(RIMP2) SOS": {"E(RIMP2) SOS": -9.60933261872911}, "Final E(HF)": {"Final E(HF)": -4421.0432398537705}, "filename": "json_logs/12_ndvmjo0x31.json", "finish_time": {"time": "Thu Mar  2 17:32:29 2023\n", "total_time": 104.055891568}, "start_time": {"time": "Thu Mar  2 17:30:45 2023\n"}, "title": "/scratch/kx58/jm0124/tempJsons/12_ndvmjo0x31.json", "total_energy": {"total_energy": -4431.290518524897}}