{"E(RIMP2 (OS))": {"E(RIMP2 (OS))": -7.376082184166802}, "E(RIMP2 (SS))": {"E(RIMP2 (SS))": -2.8431385531538758}, "E(RIMP2)": {"E(RIMP2)": -10.219220737320677}, "E(RIMP2) SOS": {"E(RIMP2) SOS": -9.588906839416843}, "Final E(HF)": {"Final E(HF)": -4421.050781862037}, "filename": "json_logs/80_9xkjybqk06.json", "finish_time": {"time": "Thu Mar  2 17:56:48 2023\n", "total_time": 90.971812937}, "start_time": {"time": "Thu Mar  2 17:55:17 2023\n"}, "title": "/scratch/kx58/jm0124/tempJsons/80_9xkjybqk06.json", "total_energy": {"total_energy": -4431.270002599358}}