{"E(RIMP2 (OS))": {"E(RIMP2 (OS))": -7.399620293654111}, "E(RIMP2 (SS))": {"E(RIMP2 (SS))": -2.859383558072057}, "E(RIMP2)": {"E(RIMP2)": -10.259003851726169}, "E(RIMP2) SOS": {"E(RIMP2) SOS": -9.619506381750345}, "Final E(HF)": {"Final E(HF)": -4421.012776500003}, "filename": "json_logs/63_pazg5yn58o.json", "finish_time": {"time": "Thu Mar  2 16:41:46 2023\n", "total_time": 103.72652704299999}, "start_time": {"time": "Thu Mar  2 16:40:03 2023\n"}, "title": "/scratch/kx58/jm0124/tempJsons/63_pazg5yn58o.json", "total_energy": {"total_energy": -4431.27178035173}}