{"E(RIMP2 (OS))": {"E(RIMP2 (OS))": -7.389639799887348}, "E(RIMP2 (SS))": {"E(RIMP2 (SS))": -2.852934279287246}, "E(RIMP2)": {"E(RIMP2)": -10.242574079174595}, "E(RIMP2) SOS": {"E(RIMP2) SOS": -9.606531739853553}, "Final E(HF)": {"Final E(HF)": -4421.027327057913}, "filename": "json_logs/GAC-ngpus4-2-0.0_i40qbpz99l.json", "finish_time": {"time": "Thu Mar  2 18:22:08 2023\n", "total_time": 95.23725096999999}, "start_time": {"time": "Thu Mar  2 18:20:33 2023\n"}, "title": "/scratch/kx58/jm0124/tempJsons/GAC-ngpus4-2-0.0_i40qbpz99l.json", "total_energy": {"total_energy": -4431.269901137087}}