{"E(RIMP2 (OS))": {"E(RIMP2 (OS))": -7.381371151756009}, "E(RIMP2 (SS))": {"E(RIMP2 (SS))": -2.846834080070321}, "E(RIMP2)": {"E(RIMP2)": -10.22820523182633}, "E(RIMP2) SOS": {"E(RIMP2) SOS": -9.595782497282812}, "Final E(HF)": {"Final E(HF)": -4421.040596336958}, "filename": "json_logs/12_eygnllhhbo.json", "finish_time": {"time": "Thu Mar  2 16:47:42 2023\n", "total_time": 97.043557882}, "start_time": {"time": "Thu Mar  2 16:46:05 2023\n"}, "title": "/scratch/kx58/jm0124/tempJsons/12_eygnllhhbo.json", "total_energy": {"total_energy": -4431.268801568784}}