{"E(RIMP2 (OS))": {"E(RIMP2 (OS))": -7.39318278471261}, "E(RIMP2 (SS))": {"E(RIMP2 (SS))": -2.855280474510017}, "E(RIMP2)": {"E(RIMP2)": -10.248463259222627}, "E(RIMP2) SOS": {"E(RIMP2) SOS": -9.611137620126394}, "Final E(HF)": {"Final E(HF)": -4421.021045029756}, "filename": "json_logs/GAC-ngpus4-2-0.0_e4vh7jqegk.json", "finish_time": {"time": "Thu Mar  2 18:16:10 2023\n", "total_time": 97.92390070300002}, "start_time": {"time": "Thu Mar  2 18:14:32 2023\n"}, "title": "/scratch/kx58/jm0124/tempJsons/GAC-ngpus4-2-0.0_e4vh7jqegk.json", "total_energy": {"total_energy": -4431.2695082889795}}