{"E(RIMP2 (OS))": {"E(RIMP2 (OS))": -7.372960634105677}, "E(RIMP2 (SS))": {"E(RIMP2 (SS))": -2.839344433604618}, "E(RIMP2)": {"E(RIMP2)": -10.212305067710295}, "E(RIMP2) SOS": {"E(RIMP2) SOS": -9.584848824337382}, "Final E(HF)": {"Final E(HF)": -4421.055916832414}, "filename": "json_logs/30_t5ik542ivr.json", "finish_time": {"time": "Thu Mar  2 16:46:06 2023\n", "total_time": 90.789310203}, "start_time": {"time": "Thu Mar  2 16:44:36 2023\n"}, "title": "/scratch/kx58/jm0124/tempJsons/30_t5ik542ivr.json", "total_energy": {"total_energy": -4431.268221900124}}