{"E(RIMP2 (OS))": {"E(RIMP2 (OS))": -7.382130739469604}, "E(RIMP2 (SS))": {"E(RIMP2 (SS))": -2.845794151804575}, "E(RIMP2)": {"E(RIMP2)": -10.227924891274178}, "E(RIMP2) SOS": {"E(RIMP2) SOS": -9.596769961310486}, "Final E(HF)": {"Final E(HF)": -4421.040803165886}, "filename": "json_logs/1_1ix3oq5e57.json", "finish_time": {"time": "Thu Mar  2 17:07:06 2023\n", "total_time": 96.408323481}, "start_time": {"time": "Thu Mar  2 17:05:30 2023\n"}, "title": "/scratch/kx58/jm0124/tempJsons/1_1ix3oq5e57.json", "total_energy": {"total_energy": -4431.26872805716}}