{"E(RIMP2 (OS))": {"E(RIMP2 (OS))": -7.403136558963251}, "E(RIMP2 (SS))": {"E(RIMP2 (SS))": -2.8619406113495574}, "E(RIMP2)": {"E(RIMP2)": -10.265077170312807}, "E(RIMP2) SOS": {"E(RIMP2) SOS": -9.624077526652226}, "Final E(HF)": {"Final E(HF)": -4421.00320857431}, "filename": "json_logs/77_9gn6q7ec99.json", "finish_time": {"time": "Thu Mar  2 17:26:45 2023\n", "total_time": 107.046279688}, "start_time": {"time": "Thu Mar  2 17:24:58 2023\n"}, "title": "/scratch/kx58/jm0124/tempJsons/77_9gn6q7ec99.json", "total_energy": {"total_energy": -4431.2682857446225}}