{"E(RIMP2 (OS))": {"E(RIMP2 (OS))": -7.377464022429644}, "E(RIMP2 (SS))": {"E(RIMP2 (SS))": -2.841623787445552}, "E(RIMP2)": {"E(RIMP2)": -10.219087809875196}, "E(RIMP2) SOS": {"E(RIMP2) SOS": -9.590703229158537}, "Final E(HF)": {"Final E(HF)": -4421.047179986121}, "filename": "json_logs/62_5e90d88hvz.json", "finish_time": {"time": "Thu Mar  2 16:41:43 2023\n", "total_time": 95.759379718}, "start_time": {"time": "Thu Mar  2 16:40:07 2023\n"}, "title": "/scratch/kx58/jm0124/tempJsons/62_5e90d88hvz.json", "total_energy": {"total_energy": -4431.266267795995}}