{"E(RIMP2 (OS))": {"E(RIMP2 (OS))": -7.401460151276857}, "E(RIMP2 (SS))": {"E(RIMP2 (SS))": -2.8608149500038142}, "E(RIMP2)": {"E(RIMP2)": -10.262275101280672}, "E(RIMP2) SOS": {"E(RIMP2) SOS": -9.621898196659915}, "Final E(HF)": {"Final E(HF)": -4421.004895789727}, "filename": "json_logs/13_dk1re94evx.json", "finish_time": {"time": "Thu Mar  2 17:30:43 2023\n", "total_time": 98.588298819}, "start_time": {"time": "Thu Mar  2 17:29:04 2023\n"}, "title": "/scratch/kx58/jm0124/tempJsons/13_dk1re94evx.json", "total_energy": {"total_energy": -4431.267170891008}}