{"E(RIMP2 (OS))": {"E(RIMP2 (OS))": -7.389655043478913}, "E(RIMP2 (SS))": {"E(RIMP2 (SS))": -2.853817605537533}, "E(RIMP2)": {"E(RIMP2)": -10.243472649016446}, "E(RIMP2) SOS": {"E(RIMP2) SOS": -9.606551556522588}, "Final E(HF)": {"Final E(HF)": -4421.045591734413}, "filename": "json_logs/GAC-ngpus4-2-0.0_3vhqmrxc64.json", "finish_time": {"time": "Thu Mar  2 17:12:22 2023\n", "total_time": 100.714172282}, "start_time": {"time": "Thu Mar  2 17:10:42 2023\n"}, "title": "/scratch/kx58/jm0124/tempJsons/GAC-ngpus4-2-0.0_3vhqmrxc64.json", "total_energy": {"total_energy": -4431.28906438343}}