{"E(RIMP2 (OS))": {"E(RIMP2 (OS))": -7.398240770429173}, "E(RIMP2 (SS))": {"E(RIMP2 (SS))": -2.859394360148368}, "E(RIMP2)": {"E(RIMP2)": -10.25763513057754}, "E(RIMP2) SOS": {"E(RIMP2) SOS": -9.617713001557926}, "Final E(HF)": {"Final E(HF)": -4421.0289321730215}, "filename": "json_logs/GAC-ngpus4-2-180.0_j8yywbfvgt.json", "finish_time": {"time": "Thu Mar  2 16:38:23 2023\n", "total_time": 105.23093013900001}, "start_time": {"time": "Thu Mar  2 16:36:38 2023\n"}, "title": "/scratch/kx58/jm0124/tempJsons/GAC-ngpus4-2-180.0_j8yywbfvgt.json", "total_energy": {"total_energy": -4431.2865673035985}}