{"E(RIMP2 (OS))": {"E(RIMP2 (OS))": -7.395049057891323}, "E(RIMP2 (SS))": {"E(RIMP2 (SS))": -2.855689621984493}, "E(RIMP2)": {"E(RIMP2)": -10.250738679875816}, "E(RIMP2) SOS": {"E(RIMP2) SOS": -9.61356377525872}, "Final E(HF)": {"Final E(HF)": -4421.033448514732}, "filename": "json_logs/80_fq8d6tjpa1.json", "finish_time": {"time": "Thu Mar  2 18:20:30 2023\n", "total_time": 97.347519516}, "start_time": {"time": "Thu Mar  2 18:18:53 2023\n"}, "title": "/scratch/kx58/jm0124/tempJsons/80_fq8d6tjpa1.json", "total_energy": {"total_energy": -4431.2841871946075}}