{"E(RIMP2 (OS))": {"E(RIMP2 (OS))": -7.398726495937243}, "E(RIMP2 (SS))": {"E(RIMP2 (SS))": -2.860100489396413}, "E(RIMP2)": {"E(RIMP2)": -10.258826985333656}, "E(RIMP2) SOS": {"E(RIMP2) SOS": -9.618344444718417}, "Final E(HF)": {"Final E(HF)": -4421.021256353681}, "filename": "json_logs/58_7tte7o5cz6.json", "finish_time": {"time": "Thu Mar  2 17:57:01 2023\n", "total_time": 99.308158761}, "start_time": {"time": "Thu Mar  2 17:55:22 2023\n"}, "title": "/scratch/kx58/jm0124/tempJsons/58_7tte7o5cz6.json", "total_energy": {"total_energy": -4431.280083339014}}