{"E(RIMP2 (OS))": {"E(RIMP2 (OS))": -7.398802312401725}, "E(RIMP2 (SS))": {"E(RIMP2 (SS))": -2.8598714805643826}, "E(RIMP2)": {"E(RIMP2)": -10.258673792966107}, "E(RIMP2) SOS": {"E(RIMP2) SOS": -9.618443006122243}, "Final E(HF)": {"Final E(HF)": -4421.020979881185}, "filename": "json_logs/GAC-ngpus4-2-180.0_633ctcxsgp.json", "finish_time": {"time": "Thu Mar  2 17:11:42 2023\n", "total_time": 78.31886853}, "start_time": {"time": "Thu Mar  2 17:10:24 2023\n"}, "title": "/scratch/kx58/jm0124/tempJsons/GAC-ngpus4-2-180.0_633ctcxsgp.json", "total_energy": {"total_energy": -4431.279653674152}}