{"E(RIMP2 (OS))": {"E(RIMP2 (OS))": -7.390433923626378}, "E(RIMP2 (SS))": {"E(RIMP2 (SS))": -2.8529154334460536}, "E(RIMP2)": {"E(RIMP2)": -10.243349357072432}, "E(RIMP2) SOS": {"E(RIMP2) SOS": -9.607564100714292}, "Final E(HF)": {"Final E(HF)": -4421.033532975231}, "filename": "json_logs/39_6qdy50twgs.json", "finish_time": {"time": "Thu Mar  2 17:28:11 2023\n", "total_time": 92.350705693}, "start_time": {"time": "Thu Mar  2 17:26:39 2023\n"}, "title": "/scratch/kx58/jm0124/tempJsons/39_6qdy50twgs.json", "total_energy": {"total_energy": -4431.276882332303}}