{"E(RIMP2 (OS))": {"E(RIMP2 (OS))": -7.388079920517527}, "E(RIMP2 (SS))": {"E(RIMP2 (SS))": -2.8526734613130453}, "E(RIMP2)": {"E(RIMP2)": -10.240753381830572}, "E(RIMP2) SOS": {"E(RIMP2) SOS": -9.604503896672785}, "Final E(HF)": {"Final E(HF)": -4421.034995791491}, "filename": "json_logs/39_knsz5jxlab.json", "finish_time": {"time": "Thu Mar  2 17:57:04 2023\n", "total_time": 97.22280035200001}, "start_time": {"time": "Thu Mar  2 17:55:27 2023\n"}, "title": "/scratch/kx58/jm0124/tempJsons/39_knsz5jxlab.json", "total_energy": {"total_energy": -4431.275749173322}}