{"E(RIMP2 (OS))": {"E(RIMP2 (OS))": -7.3871889113667715}, "E(RIMP2 (SS))": {"E(RIMP2 (SS))": -2.8501911118286345}, "E(RIMP2)": {"E(RIMP2)": -10.237380023195406}, "E(RIMP2) SOS": {"E(RIMP2) SOS": -9.603345584776804}, "Final E(HF)": {"Final E(HF)": -4421.03873704041}, "filename": "json_logs/58_c6wp4289ih.json", "finish_time": {"time": "Thu Mar  2 18:19:21 2023\n", "total_time": 92.2228209}, "start_time": {"time": "Thu Mar  2 18:17:49 2023\n"}, "title": "/scratch/kx58/jm0124/tempJsons/58_c6wp4289ih.json", "total_energy": {"total_energy": -4431.276117063605}}