{"E(RIMP2 (OS))": {"E(RIMP2 (OS))": -7.382215855134381}, "E(RIMP2 (SS))": {"E(RIMP2 (SS))": -2.8468115274969454}, "E(RIMP2)": {"E(RIMP2)": -10.229027382631326}, "E(RIMP2) SOS": {"E(RIMP2) SOS": -9.596880611674695}, "Final E(HF)": {"Final E(HF)": -4421.0438500768}, "filename": "json_logs/0_b9kkbr2tda.json", "finish_time": {"time": "Thu Mar  2 16:49:39 2023\n", "total_time": 92.18035888}, "start_time": {"time": "Thu Mar  2 16:48:07 2023\n"}, "title": "/scratch/kx58/jm0124/tempJsons/0_b9kkbr2tda.json", "total_energy": {"total_energy": -4431.272877459432}}