{"E(RIMP2 (OS))": {"E(RIMP2 (OS))": -0.9980747263487917}, "E(RIMP2 (SS))": {"E(RIMP2 (SS))": -0.35529650054049466}, "E(RIMP2)": {"E(RIMP2)": -1.3533712268892863}, "E(RIMP2) SOS": {"E(RIMP2) SOS": -1.2974971442534293}, "Final E(HF)": {"Final E(HF)": -453.82033717669907}, "filename": "json_logs/RZPV9N46QF_6onxqq2th9.json", "finish_time": {"time": "Mon Apr  3 18:47:26 2023\n", "total_time": 5.543667356}, "start_time": {"time": "Mon Apr  3 18:47:21 2023\n"}, "title": "/scratch/kx58/jm0124/tempJsons/RZPV9N46QF_6onxqq2th9.json", "total_energy": {"total_energy": -455.17370840358836}}