{"E(RIMP2 (OS))": {"E(RIMP2 (OS))": -0.9980729068931793}, "E(RIMP2 (SS))": {"E(RIMP2 (SS))": -0.35529497426115997}, "E(RIMP2)": {"E(RIMP2)": -1.3533678811543393}, "E(RIMP2) SOS": {"E(RIMP2) SOS": -1.297494778961133}, "Final E(HF)": {"Final E(HF)": -453.8203274237973}, "filename": "json_logs/54_mv6gm3sfwg.json", "finish_time": {"time": "Mon Apr  3 19:12:48 2023\n", "total_time": 5.853691178}, "start_time": {"time": "Mon Apr  3 19:12:43 2023\n"}, "title": "/scratch/kx58/jm0124/tempJsons/54_mv6gm3sfwg.json", "total_energy": {"total_energy": -455.17369530495165}}