{"E(RIMP2 (OS))": {"E(RIMP2 (OS))": -0.995643758800434}, "E(RIMP2 (SS))": {"E(RIMP2 (SS))": -0.3536209260938861}, "E(RIMP2)": {"E(RIMP2)": -1.3492646848943202}, "E(RIMP2) SOS": {"E(RIMP2) SOS": -1.2943368864405642}, "Final E(HF)": {"Final E(HF)": -453.8219453894476}, "filename": "json_logs/54_eeidpjr4gk.json", "finish_time": {"time": "Mon Apr  3 19:12:51 2023\n", "total_time": 6.867783575000001}, "start_time": {"time": "Mon Apr  3 19:12:44 2023\n"}, "title": "/scratch/kx58/jm0124/tempJsons/54_eeidpjr4gk.json", "total_energy": {"total_energy": -455.1712100743419}}