{"E(RIMP2 (OS))": {"E(RIMP2 (OS))": -3.8177286897708766}, "E(RIMP2 (SS))": {"E(RIMP2 (SS))": -1.4234248744317672}, "E(RIMP2)": {"E(RIMP2)": -5.241153564202644}, "E(RIMP2) SOS": {"E(RIMP2) SOS": -4.96304729670214}, "Final E(HF)": {"Final E(HF)": -1980.2565326537342}, "filename": "json_logs/L4G.json", "finish_time": {"time": "Mon Feb  6 20:40:02 2023\n", "total_time": 28.085817495}, "start_time": {"time": "Mon Feb  6 20:39:34 2023\n"}, "title": "/scratch/kx58/jm0124/tempJsons/L4G.json", "total_energy": {"total_energy": -1985.4976862179367}}