{"E(RIMP2 (OS))": {"E(RIMP2 (OS))": -3.8202737876696706}, "E(RIMP2 (SS))": {"E(RIMP2 (SS))": -1.4254712445916855}, "E(RIMP2)": {"E(RIMP2)": -5.245745032261356}, "E(RIMP2) SOS": {"E(RIMP2) SOS": -4.966355923970572}, "Final E(HF)": {"Final E(HF)": -1980.25491079915}, "filename": "json_logs/L4G_ymovuztxww.json", "finish_time": {"time": "Mon Feb  6 20:38:45 2023\n", "total_time": 26.893662825}, "start_time": {"time": "Mon Feb  6 20:38:18 2023\n"}, "title": "/scratch/kx58/jm0124/tempJsons/L4G_ymovuztxww.json", "total_energy": {"total_energy": -1985.5006558314114}}