{"E(RIMP2 (OS))": {"E(RIMP2 (OS))": -3.815487606589109}, "E(RIMP2 (SS))": {"E(RIMP2 (SS))": -1.4213712894347064}, "E(RIMP2)": {"E(RIMP2)": -5.236858896023815}, "E(RIMP2) SOS": {"E(RIMP2) SOS": -4.960133888565841}, "Final E(HF)": {"Final E(HF)": -1980.2592282673804}, "filename": "json_logs/L4G_hafnapxbio.json", "finish_time": {"time": "Mon Feb  6 20:38:46 2023\n", "total_time": 28.167314726}, "start_time": {"time": "Mon Feb  6 20:38:18 2023\n"}, "title": "/scratch/kx58/jm0124/tempJsons/L4G_hafnapxbio.json", "total_energy": {"total_energy": -1985.4960871634044}}