{"E(RIMP2 (OS))": {"E(RIMP2 (OS))": -3.8148959386763464}, "E(RIMP2 (SS))": {"E(RIMP2 (SS))": -1.4214336931237794}, "E(RIMP2)": {"E(RIMP2)": -5.236329631800126}, "E(RIMP2) SOS": {"E(RIMP2) SOS": -4.95936472027925}, "Final E(HF)": {"Final E(HF)": -1980.267905446517}, "filename": "json_logs/L4G_lmcdqaznhg.json", "finish_time": {"time": "Mon Feb  6 20:38:44 2023\n", "total_time": 26.034827658999998}, "start_time": {"time": "Mon Feb  6 20:38:18 2023\n"}, "title": "/scratch/kx58/jm0124/tempJsons/L4G_lmcdqaznhg.json", "total_energy": {"total_energy": -1985.5042350783172}}