{"E(RIMP2 (OS))": {"E(RIMP2 (OS))": -3.8191411352819715}, "E(RIMP2 (SS))": {"E(RIMP2 (SS))": -1.4247317967538553}, "E(RIMP2)": {"E(RIMP2)": -5.243872932035827}, "E(RIMP2) SOS": {"E(RIMP2) SOS": -4.964883475866563}, "Final E(HF)": {"Final E(HF)": -1980.25861652381}, "filename": "json_logs/L4G_qxqdiocijt.json", "finish_time": {"time": "Mon Feb  6 20:39:36 2023\n", "total_time": 24.122538831000004}, "start_time": {"time": "Mon Feb  6 20:39:12 2023\n"}, "title": "/scratch/kx58/jm0124/tempJsons/L4G_qxqdiocijt.json", "total_energy": {"total_energy": -1985.5024894558458}}