{"E(RIMP2 (OS))": {"E(RIMP2 (OS))": -3.813462800058698}, "E(RIMP2 (SS))": {"E(RIMP2 (SS))": -1.419838057120874}, "E(RIMP2)": {"E(RIMP2)": -5.233300857179572}, "E(RIMP2) SOS": {"E(RIMP2) SOS": -4.957501640076307}, "Final E(HF)": {"Final E(HF)": -1980.2674240915685}, "filename": "json_logs/L4G_chsfbgykvv.json", "finish_time": {"time": "Mon Feb  6 20:39:36 2023\n", "total_time": 25.63133027}, "start_time": {"time": "Mon Feb  6 20:39:11 2023\n"}, "title": "/scratch/kx58/jm0124/tempJsons/L4G_chsfbgykvv.json", "total_energy": {"total_energy": -1985.500724948748}}