{"E(RIMP2 (OS))": {"E(RIMP2 (OS))": -3.817429202352566}, "E(RIMP2 (SS))": {"E(RIMP2 (SS))": -1.4230794250722867}, "E(RIMP2)": {"E(RIMP2)": -5.240508627424853}, "E(RIMP2) SOS": {"E(RIMP2) SOS": -4.962657963058336}, "Final E(HF)": {"Final E(HF)": -1980.259728283153}, "filename": "json_logs/L4G_wzqhytifhb.json", "finish_time": {"time": "Mon Feb  6 20:39:39 2023\n", "total_time": 29.533292643000003}, "start_time": {"time": "Mon Feb  6 20:39:10 2023\n"}, "title": "/scratch/kx58/jm0124/tempJsons/L4G_wzqhytifhb.json", "total_energy": {"total_energy": -1985.5002369105778}}