{"E(RIMP2 (OS))": {"E(RIMP2 (OS))": -3.8138414770060143}, "E(RIMP2 (SS))": {"E(RIMP2 (SS))": -1.4203170597699413}, "E(RIMP2)": {"E(RIMP2)": -5.234158536775956}, "E(RIMP2) SOS": {"E(RIMP2) SOS": -4.9579939201078185}, "Final E(HF)": {"Final E(HF)": -1980.263945440891}, "filename": "json_logs/L4G_sycbhzgrmd.json", "finish_time": {"time": "Mon Feb  6 20:39:34 2023\n", "total_time": 26.161599266000003}, "start_time": {"time": "Mon Feb  6 20:39:08 2023\n"}, "title": "/scratch/kx58/jm0124/tempJsons/L4G_sycbhzgrmd.json", "total_energy": {"total_energy": -1985.498103977667}}