{"E(RIMP2 (OS))": {"E(RIMP2 (OS))": -3.812261734720168}, "E(RIMP2 (SS))": {"E(RIMP2 (SS))": -1.4190416336977365}, "E(RIMP2)": {"E(RIMP2)": -5.231303368417905}, "E(RIMP2) SOS": {"E(RIMP2) SOS": -4.955940255136219}, "Final E(HF)": {"Final E(HF)": -1980.2702933756027}, "filename": "json_logs/L4G_ybazraoscg.json", "finish_time": {"time": "Mon Feb  6 20:39:10 2023\n", "total_time": 23.926254106000002}, "start_time": {"time": "Mon Feb  6 20:38:47 2023\n"}, "title": "/scratch/kx58/jm0124/tempJsons/L4G_ybazraoscg.json", "total_energy": {"total_energy": -1985.5015967440206}}