{"E(RIMP2 (OS))": {"E(RIMP2 (OS))": -3.8147836194076885}, "E(RIMP2 (SS))": {"E(RIMP2 (SS))": -1.420812783622548}, "E(RIMP2)": {"E(RIMP2)": -5.235596403030236}, "E(RIMP2) SOS": {"E(RIMP2) SOS": -4.959218705229995}, "Final E(HF)": {"Final E(HF)": -1980.261026310135}, "filename": "json_logs/L4G_rtxwufwowr.json", "finish_time": {"time": "Mon Feb  6 20:39:10 2023\n", "total_time": 23.944197228}, "start_time": {"time": "Mon Feb  6 20:38:46 2023\n"}, "title": "/scratch/kx58/jm0124/tempJsons/L4G_rtxwufwowr.json", "total_energy": {"total_energy": -1985.4966227131654}}