{"E(RIMP2 (OS))": {"E(RIMP2 (OS))": -3.814868664278743}, "E(RIMP2 (SS))": {"E(RIMP2 (SS))": -1.4211419756259034}, "E(RIMP2)": {"E(RIMP2)": -5.236010639904646}, "E(RIMP2) SOS": {"E(RIMP2) SOS": -4.959329263562366}, "Final E(HF)": {"Final E(HF)": -1980.2614906855224}, "filename": "json_logs/L4G_djpynwdlmy.json", "finish_time": {"time": "Mon Feb  6 20:39:11 2023\n", "total_time": 26.184696693000003}, "start_time": {"time": "Mon Feb  6 20:38:45 2023\n"}, "title": "/scratch/kx58/jm0124/tempJsons/L4G_djpynwdlmy.json", "total_energy": {"total_energy": -1985.497501325427}}