{"E(RIMP2 (OS))": {"E(RIMP2 (OS))": -3.8155106032527626}, "E(RIMP2 (SS))": {"E(RIMP2 (SS))": -1.4213741793305024}, "E(RIMP2)": {"E(RIMP2)": -5.236884782583265}, "E(RIMP2) SOS": {"E(RIMP2) SOS": -4.960163784228592}, "Final E(HF)": {"Final E(HF)": -1980.2590815584745}, "filename": "json_logs/L4G_aggzanyxfk.json", "finish_time": {"time": "Mon Feb  6 20:39:07 2023\n", "total_time": 23.104370861}, "start_time": {"time": "Mon Feb  6 20:38:45 2023\n"}, "title": "/scratch/kx58/jm0124/tempJsons/L4G_aggzanyxfk.json", "total_energy": {"total_energy": -1985.4959663410577}}