{"E(RIMP2 (OS))": {"E(RIMP2 (OS))": -3.813835786012679}, "E(RIMP2 (SS))": {"E(RIMP2 (SS))": -1.4208369509739909}, "E(RIMP2)": {"E(RIMP2)": -5.23467273698667}, "E(RIMP2) SOS": {"E(RIMP2) SOS": -4.9579865218164825}, "Final E(HF)": {"Final E(HF)": -1980.261313993251}, "filename": "json_logs/L4G_dijhhbdudt.json", "finish_time": {"time": "Mon Feb  6 20:38:45 2023\n", "total_time": 27.260552303}, "start_time": {"time": "Mon Feb  6 20:38:18 2023\n"}, "title": "/scratch/kx58/jm0124/tempJsons/L4G_dijhhbdudt.json", "total_energy": {"total_energy": -1985.4959867302377}}