{"E(RIMP2 (OS))": {"E(RIMP2 (OS))": -3.8203412519001736}, "E(RIMP2 (SS))": {"E(RIMP2 (SS))": -1.425633112223102}, "E(RIMP2)": {"E(RIMP2)": -5.245974364123276}, "E(RIMP2) SOS": {"E(RIMP2) SOS": -4.966443627470226}, "Final E(HF)": {"Final E(HF)": -1980.2630336600096}, "filename": "json_logs/6_x7xvgfc4cz.json", "finish_time": {"time": "Sat Feb 25 10:06:17 2023\n", "total_time": 24.120436095000002}, "start_time": {"time": "Sat Feb 25 10:05:53 2023\n"}, "title": "/scratch/kx58/jm0124/tempJsons/6_x7xvgfc4cz.json", "total_energy": {"total_energy": -1985.5090080241328}}