{"E(RIMP2 (OS))": {"E(RIMP2 (OS))": -3.8095824989525253}, "E(RIMP2 (SS))": {"E(RIMP2 (SS))": -1.417636132820885}, "E(RIMP2)": {"E(RIMP2)": -5.22721863177341}, "E(RIMP2) SOS": {"E(RIMP2) SOS": -4.952457248638283}, "Final E(HF)": {"Final E(HF)": -1980.2686336331662}, "filename": "json_logs/34_rzmh9ux3po.json", "finish_time": {"time": "Sat Feb 25 10:11:12 2023\n", "total_time": 26.848754369999998}, "start_time": {"time": "Sat Feb 25 10:10:45 2023\n"}, "title": "/scratch/kx58/jm0124/tempJsons/34_rzmh9ux3po.json", "total_energy": {"total_energy": -1985.4958522649397}}