{"E(RIMP2 (OS))": {"E(RIMP2 (OS))": -3.8215407340816814}, "E(RIMP2 (SS))": {"E(RIMP2 (SS))": -1.4262221884534485}, "E(RIMP2)": {"E(RIMP2)": -5.24776292253513}, "E(RIMP2) SOS": {"E(RIMP2) SOS": -4.968002954306186}, "Final E(HF)": {"Final E(HF)": -1980.246792159167}, "filename": "json_logs/1_gvycaeomlv.json", "finish_time": {"time": "Sat Feb 25 11:18:36 2023\n", "total_time": 28.721584012}, "start_time": {"time": "Sat Feb 25 11:18:08 2023\n"}, "title": "/scratch/kx58/jm0124/tempJsons/1_gvycaeomlv.json", "total_energy": {"total_energy": -1985.4945550817022}}