{"E(RIMP2 (OS))": {"E(RIMP2 (OS))": -3.801033180722331}, "E(RIMP2 (SS))": {"E(RIMP2 (SS))": -1.4099307696634324}, "E(RIMP2)": {"E(RIMP2)": -5.210963950385763}, "E(RIMP2) SOS": {"E(RIMP2) SOS": -4.94134313493903}, "Final E(HF)": {"Final E(HF)": -1980.282629012897}, "filename": "json_logs/0_8hhpg3oos0.json", "finish_time": {"time": "Sat Feb 25 10:30:38 2023\n", "total_time": 24.86435084}, "start_time": {"time": "Sat Feb 25 10:30:13 2023\n"}, "title": "/scratch/kx58/jm0124/tempJsons/0_8hhpg3oos0.json", "total_energy": {"total_energy": -1985.4935929632825}}