{"E(RIMP2 (OS))": {"E(RIMP2 (OS))": -3.8010068965859363}, "E(RIMP2 (SS))": {"E(RIMP2 (SS))": -1.4099439317214424}, "E(RIMP2)": {"E(RIMP2)": -5.210950828307379}, "E(RIMP2) SOS": {"E(RIMP2) SOS": -4.941308965561717}, "Final E(HF)": {"Final E(HF)": -1980.2825036855297}, "filename": "json_logs/0_dj8zaw08iq.json", "finish_time": {"time": "Sat Feb 25 11:27:15 2023\n", "total_time": 22.273762172999998}, "start_time": {"time": "Sat Feb 25 11:26:53 2023\n"}, "title": "/scratch/kx58/jm0124/tempJsons/0_dj8zaw08iq.json", "total_energy": {"total_energy": -1985.4934545138372}}