{"E(RIMP2 (OS))": {"E(RIMP2 (OS))": -3.8036571127971364}, "E(RIMP2 (SS))": {"E(RIMP2 (SS))": -1.4125270434753954}, "E(RIMP2)": {"E(RIMP2)": -5.216184156272532}, "E(RIMP2) SOS": {"E(RIMP2) SOS": -4.944754246636277}, "Final E(HF)": {"Final E(HF)": -1980.2768303381827}, "filename": "json_logs/0_tkvbeqxe8a.json", "finish_time": {"time": "Sat Feb 25 10:11:35 2023\n", "total_time": 25.972745672000002}, "start_time": {"time": "Sat Feb 25 10:11:09 2023\n"}, "title": "/scratch/kx58/jm0124/tempJsons/0_tkvbeqxe8a.json", "total_energy": {"total_energy": -1985.493014494455}}