{"E(RIMP2 (OS))": {"E(RIMP2 (OS))": -3.816585211068518}, "E(RIMP2 (SS))": {"E(RIMP2 (SS))": -1.4222221822813423}, "E(RIMP2)": {"E(RIMP2)": -5.238807393349861}, "E(RIMP2) SOS": {"E(RIMP2) SOS": -4.961560774389073}, "Final E(HF)": {"Final E(HF)": -1980.2549994972333}, "filename": "json_logs/L4G-ngpus4-2-90.0_zu3baye0mp.json", "finish_time": {"time": "Sat Feb 25 11:04:53 2023\n", "total_time": 28.165518142}, "start_time": {"time": "Sat Feb 25 11:04:25 2023\n"}, "title": "/scratch/kx58/jm0124/tempJsons/L4G-ngpus4-2-90.0_zu3baye0mp.json", "total_energy": {"total_energy": -1985.493806890583}}