{"E(RIMP2 (OS))": {"E(RIMP2 (OS))": -3.8140019449078677}, "E(RIMP2 (SS))": {"E(RIMP2 (SS))": -1.4206818908710077}, "E(RIMP2)": {"E(RIMP2)": -5.234683835778876}, "E(RIMP2) SOS": {"E(RIMP2) SOS": -4.9582025283802285}, "Final E(HF)": {"Final E(HF)": -1980.2569427853896}, "filename": "json_logs/9_z83n56k3va.json", "finish_time": {"time": "Sat Feb 25 09:51:54 2023\n", "total_time": 24.680778077}, "start_time": {"time": "Sat Feb 25 09:51:30 2023\n"}, "title": "/scratch/kx58/jm0124/tempJsons/9_z83n56k3va.json", "total_energy": {"total_energy": -1985.4916266211685}}