{"E(RIMP2 (OS))": {"E(RIMP2 (OS))": -3.8187908459216606}, "E(RIMP2 (SS))": {"E(RIMP2 (SS))": -1.4240364189759633}, "E(RIMP2)": {"E(RIMP2)": -5.242827264897624}, "E(RIMP2) SOS": {"E(RIMP2) SOS": -4.964428099698159}, "Final E(HF)": {"Final E(HF)": -1980.2492458272209}, "filename": "json_logs/L4G-ngpus4-2-90.0_jexn5kc6wp.json", "finish_time": {"time": "Sat Feb 25 10:20:42 2023\n", "total_time": 28.326405216}, "start_time": {"time": "Sat Feb 25 10:20:14 2023\n"}, "title": "/scratch/kx58/jm0124/tempJsons/L4G-ngpus4-2-90.0_jexn5kc6wp.json", "total_energy": {"total_energy": -1985.4920730921185}}