{"E(RIMP2 (OS))": {"E(RIMP2 (OS))": -3.8093372301479773}, "E(RIMP2 (SS))": {"E(RIMP2 (SS))": -1.4165977792906082}, "E(RIMP2)": {"E(RIMP2)": -5.225935009438586}, "E(RIMP2) SOS": {"E(RIMP2) SOS": -4.95213839919237}, "Final E(HF)": {"Final E(HF)": -1980.2642660561332}, "filename": "json_logs/L4G-ngpus4-2-90.0_355cnk2qiy.json", "finish_time": {"time": "Sat Feb 25 10:14:27 2023\n", "total_time": 29.212595805000003}, "start_time": {"time": "Sat Feb 25 10:13:58 2023\n"}, "title": "/scratch/kx58/jm0124/tempJsons/L4G-ngpus4-2-90.0_355cnk2qiy.json", "total_energy": {"total_energy": -1985.490201065572}}