{"E(RIMP2 (OS))": {"E(RIMP2 (OS))": -3.8151780702943534}, "E(RIMP2 (SS))": {"E(RIMP2 (SS))": -1.421171058085839}, "E(RIMP2)": {"E(RIMP2)": -5.236349128380192}, "E(RIMP2) SOS": {"E(RIMP2) SOS": -4.95973149138266}, "Final E(HF)": {"Final E(HF)": -1980.2523965272903}, "filename": "json_logs/L4G-ngpus4-2-90.0_h59x81ayps.json", "finish_time": {"time": "Sat Feb 25 11:54:31 2023\n", "total_time": 24.042366697000002}, "start_time": {"time": "Sat Feb 25 11:54:07 2023\n"}, "title": "/scratch/kx58/jm0124/tempJsons/L4G-ngpus4-2-90.0_h59x81ayps.json", "total_energy": {"total_energy": -1985.4887456556705}}