{"E(RIMP2 (OS))": {"E(RIMP2 (OS))": -3.8117004300455655}, "E(RIMP2 (SS))": {"E(RIMP2 (SS))": -1.416451743879135}, "E(RIMP2)": {"E(RIMP2)": -5.2281521739247}, "E(RIMP2) SOS": {"E(RIMP2) SOS": -4.9552105590592355}, "Final E(HF)": {"Final E(HF)": -1980.2765817159197}, "filename": "json_logs/34_l8h8tjxx81.json", "finish_time": {"time": "Sat Feb 25 09:57:39 2023\n", "total_time": 27.146992827}, "start_time": {"time": "Sat Feb 25 09:57:12 2023\n"}, "title": "/scratch/kx58/jm0124/tempJsons/34_l8h8tjxx81.json", "total_energy": {"total_energy": -1985.5047338898446}}