{"E(RIMP2 (OS))": {"E(RIMP2 (OS))": -3.81510948705772}, "E(RIMP2 (SS))": {"E(RIMP2 (SS))": -1.4215660430830035}, "E(RIMP2)": {"E(RIMP2)": -5.236675530140723}, "E(RIMP2) SOS": {"E(RIMP2) SOS": -4.9596423331750366}, "Final E(HF)": {"Final E(HF)": -1980.2665878757489}, "filename": "json_logs/0_kyr5olr2ep.json", "finish_time": {"time": "Sat Feb 25 10:30:18 2023\n", "total_time": 27.178005719}, "start_time": {"time": "Sat Feb 25 10:29:51 2023\n"}, "title": "/scratch/kx58/jm0124/tempJsons/0_kyr5olr2ep.json", "total_energy": {"total_energy": -1985.5032634058896}}