{"E(RIMP2 (OS))": {"E(RIMP2 (OS))": -3.8152347580405}, "E(RIMP2 (SS))": {"E(RIMP2 (SS))": -1.4184608077386247}, "E(RIMP2)": {"E(RIMP2)": -5.233695565779125}, "E(RIMP2) SOS": {"E(RIMP2) SOS": -4.95980518545265}, "Final E(HF)": {"Final E(HF)": -1980.270301173552}, "filename": "json_logs/L4G-ngpus4-2-90.0_oq5e57jojt.json", "finish_time": {"time": "Sat Feb 25 09:57:13 2023\n", "total_time": 29.026697814}, "start_time": {"time": "Sat Feb 25 09:56:44 2023\n"}, "title": "/scratch/kx58/jm0124/tempJsons/L4G-ngpus4-2-90.0_oq5e57jojt.json", "total_energy": {"total_energy": -1985.5039967393313}}