{"E(RIMP2 (OS))": {"E(RIMP2 (OS))": -3.8146361007056693}, "E(RIMP2 (SS))": {"E(RIMP2 (SS))": -1.4214008078662366}, "E(RIMP2)": {"E(RIMP2)": -5.236036908571906}, "E(RIMP2) SOS": {"E(RIMP2) SOS": -4.9590269309173705}, "Final E(HF)": {"Final E(HF)": -1980.2634631119308}, "filename": "json_logs/0_6xwouga9ra.json", "finish_time": {"time": "Sat Feb 25 10:47:00 2023\n", "total_time": 22.945064374}, "start_time": {"time": "Sat Feb 25 10:46:37 2023\n"}, "title": "/scratch/kx58/jm0124/tempJsons/0_6xwouga9ra.json", "total_energy": {"total_energy": -1985.4995000205029}}