{"E(RIMP2 (OS))": {"E(RIMP2 (OS))": -3.8171444189417207}, "E(RIMP2 (SS))": {"E(RIMP2 (SS))": -1.4231050297856385}, "E(RIMP2)": {"E(RIMP2)": -5.24024944872736}, "E(RIMP2) SOS": {"E(RIMP2) SOS": -4.962287744624237}, "Final E(HF)": {"Final E(HF)": -1980.2592302690555}, "filename": "json_logs/0_cjw8tn6y14.json", "finish_time": {"time": "Sat Feb 25 10:05:47 2023\n", "total_time": 20.112178309}, "start_time": {"time": "Sat Feb 25 10:05:28 2023\n"}, "title": "/scratch/kx58/jm0124/tempJsons/0_cjw8tn6y14.json", "total_energy": {"total_energy": -1985.4994797177828}}