{"E(RIMP2 (OS))": {"E(RIMP2 (OS))": -3.8127961557603935}, "E(RIMP2 (SS))": {"E(RIMP2 (SS))": -1.4197251620280702}, "E(RIMP2)": {"E(RIMP2)": -5.232521317788464}, "E(RIMP2) SOS": {"E(RIMP2) SOS": -4.956635002488512}, "Final E(HF)": {"Final E(HF)": -1980.266587922174}, "filename": "json_logs/34_c3lj7qup9z.json", "finish_time": {"time": "Sat Feb 25 10:36:35 2023\n", "total_time": 27.532756932}, "start_time": {"time": "Sat Feb 25 10:36:07 2023\n"}, "title": "/scratch/kx58/jm0124/tempJsons/34_c3lj7qup9z.json", "total_energy": {"total_energy": -1985.4991092399625}}