{"E(RIMP2 (OS))": {"E(RIMP2 (OS))": -3.8071259248136253}, "E(RIMP2 (SS))": {"E(RIMP2 (SS))": -1.4152029566064237}, "E(RIMP2)": {"E(RIMP2)": -5.222328881420049}, "E(RIMP2) SOS": {"E(RIMP2) SOS": -4.9492637022577135}, "Final E(HF)": {"Final E(HF)": -1980.2759706021116}, "filename": "json_logs/6_o2pw1ml3ku.json", "finish_time": {"time": "Sat Feb 25 09:58:11 2023\n", "total_time": 26.963074015}, "start_time": {"time": "Sat Feb 25 09:57:44 2023\n"}, "title": "/scratch/kx58/jm0124/tempJsons/6_o2pw1ml3ku.json", "total_energy": {"total_energy": -1985.4982994835316}}