{"E(RIMP2 (OS))": {"E(RIMP2 (OS))": -3.819013885246914}, "E(RIMP2 (SS))": {"E(RIMP2 (SS))": -1.4245209432792294}, "E(RIMP2)": {"E(RIMP2)": -5.243534828526143}, "E(RIMP2) SOS": {"E(RIMP2) SOS": -4.964718050820989}, "Final E(HF)": {"Final E(HF)": -1980.2539855813438}, "filename": "json_logs/0_6y53a10ckr.json", "finish_time": {"time": "Sat Feb 25 09:52:23 2023\n", "total_time": 26.545503778}, "start_time": {"time": "Sat Feb 25 09:51:57 2023\n"}, "title": "/scratch/kx58/jm0124/tempJsons/0_6y53a10ckr.json", "total_energy": {"total_energy": -1985.49752040987}}