{"E(RIMP2 (OS))": {"E(RIMP2 (OS))": -3.817888212494288}, "E(RIMP2 (SS))": {"E(RIMP2 (SS))": -1.4235067480964705}, "E(RIMP2)": {"E(RIMP2)": -5.241394960590759}, "E(RIMP2) SOS": {"E(RIMP2) SOS": -4.963254676242574}, "Final E(HF)": {"Final E(HF)": -1980.255411414635}, "filename": "json_logs/0_8cign98316.json", "finish_time": {"time": "Sat Feb 25 10:45:29 2023\n", "total_time": 26.412757506000002}, "start_time": {"time": "Sat Feb 25 10:45:02 2023\n"}, "title": "/scratch/kx58/jm0124/tempJsons/0_8cign98316.json", "total_energy": {"total_energy": -1985.496806375226}}