{"E(RIMP2 (OS))": {"E(RIMP2 (OS))": -1.48107463810479}, "E(RIMP2 (SS))": {"E(RIMP2 (SS))": -0.5260692828651232}, "E(RIMP2)": {"E(RIMP2)": -2.007143920969913}, "E(RIMP2) SOS": {"E(RIMP2) SOS": -1.9253970295362268}, "Final E(HF)": {"Final E(HF)": -683.4037368194506}, "filename": "json_logs/G1_0.json", "finish_time": {"time": "Fri Feb  3 15:59:48 2023\n", "total_time": 15.290359827000001}, "start_time": {"time": "Fri Feb  3 15:59:33 2023\n"}, "title": "/scratch/kx58/jm0124/tempJsons/G1_0.json", "total_energy": {"total_energy": -685.4108807404206}}