{"E(RIMP2 (OS))": {"E(RIMP2 (OS))": -1.482021855443236}, "E(RIMP2 (SS))": {"E(RIMP2 (SS))": -0.5264450596555845}, "E(RIMP2)": {"E(RIMP2)": -2.0084669150988206}, "E(RIMP2) SOS": {"E(RIMP2) SOS": -1.926628412076207}, "Final E(HF)": {"Final E(HF)": -683.3989286921483}, "filename": "json_logs/G1_48.json", "finish_time": {"time": "Fri Feb  3 15:59:14 2023\n", "total_time": 14.856426966}, "start_time": {"time": "Fri Feb  3 15:58:59 2023\n"}, "title": "/scratch/kx58/jm0124/tempJsons/G1_48.json", "total_energy": {"total_energy": -685.407395607247}}