{"E(RIMP2 (OS))": {"E(RIMP2 (OS))": -1.4852740120564372}, "E(RIMP2 (SS))": {"E(RIMP2 (SS))": -0.5281146669445758}, "E(RIMP2)": {"E(RIMP2)": -2.0133886790010127}, "E(RIMP2) SOS": {"E(RIMP2) SOS": -1.9308562156733684}, "Final E(HF)": {"Final E(HF)": -683.3891415464665}, "filename": "json_logs/G1_67.json", "finish_time": {"time": "Fri Feb  3 15:59:02 2023\n", "total_time": 16.482579134}, "start_time": {"time": "Fri Feb  3 15:58:47 2023\n"}, "title": "/scratch/kx58/jm0124/tempJsons/G1_67.json", "total_energy": {"total_energy": -685.4025302254676}}