{"E(RIMP2 (OS))": {"E(RIMP2 (OS))": -1.4836239904298487}, "E(RIMP2 (SS))": {"E(RIMP2 (SS))": -0.5271660029584609}, "E(RIMP2)": {"E(RIMP2)": -2.0107899933883098}, "E(RIMP2) SOS": {"E(RIMP2) SOS": -1.9287111875588034}, "Final E(HF)": {"Final E(HF)": -683.3913728057901}, "filename": "json_logs/G1_76.json", "finish_time": {"time": "Fri Feb  3 15:58:58 2023\n", "total_time": 13.699839548}, "start_time": {"time": "Fri Feb  3 15:58:45 2023\n"}, "title": "/scratch/kx58/jm0124/tempJsons/G1_76.json", "total_energy": {"total_energy": -685.4021627991783}}