{"E(RIMP2 (OS))": {"E(RIMP2 (OS))": -1.4831663595193958}, "E(RIMP2 (SS))": {"E(RIMP2 (SS))": -0.5265870647909142}, "E(RIMP2)": {"E(RIMP2)": -2.00975342431031}, "E(RIMP2) SOS": {"E(RIMP2) SOS": -1.9281162673752146}, "Final E(HF)": {"Final E(HF)": -683.3914901111476}, "filename": "json_logs/G1_83.json", "finish_time": {"time": "Fri Feb  3 15:58:58 2023\n", "total_time": 13.788117203}, "start_time": {"time": "Fri Feb  3 15:58:44 2023\n"}, "title": "/scratch/kx58/jm0124/tempJsons/G1_83.json", "total_energy": {"total_energy": -685.4012435354579}}