{"E(RIMP2 (OS))": {"E(RIMP2 (OS))": -1.485272925188372}, "E(RIMP2 (SS))": {"E(RIMP2 (SS))": -0.5282593424877601}, "E(RIMP2)": {"E(RIMP2)": -2.013532267676132}, "E(RIMP2) SOS": {"E(RIMP2) SOS": -1.9308548027448837}, "Final E(HF)": {"Final E(HF)": -683.392803074556}, "filename": "json_logs/G1_84.json", "finish_time": {"time": "Fri Feb  3 15:58:59 2023\n", "total_time": 15.286868789}, "start_time": {"time": "Fri Feb  3 15:58:44 2023\n"}, "title": "/scratch/kx58/jm0124/tempJsons/G1_84.json", "total_energy": {"total_energy": -685.4063353422322}}