{"E(RIMP2 (OS))": {"E(RIMP2 (OS))": -1.4889751484149483}, "E(RIMP2 (SS))": {"E(RIMP2 (SS))": -0.5311905347039192}, "E(RIMP2)": {"E(RIMP2)": -2.0201656831188677}, "E(RIMP2) SOS": {"E(RIMP2) SOS": -1.9356676929394327}, "Final E(HF)": {"Final E(HF)": -683.3879377476957}, "filename": "json_logs/G1_141.json", "finish_time": {"time": "Fri Feb  3 15:58:42 2023\n", "total_time": 15.625701660999999}, "start_time": {"time": "Fri Feb  3 15:58:27 2023\n"}, "title": "/scratch/kx58/jm0124/tempJsons/G1_141.json", "total_energy": {"total_energy": -685.4081034308145}}