{"E(RIMP2 (OS))": {"E(RIMP2 (OS))": -1.4871535999538836}, "E(RIMP2 (SS))": {"E(RIMP2 (SS))": -0.529967169467613}, "E(RIMP2)": {"E(RIMP2)": -2.0171207694214965}, "E(RIMP2) SOS": {"E(RIMP2) SOS": -1.9332996799400488}, "Final E(HF)": {"Final E(HF)": -683.385335089486}, "filename": "json_logs/G1_156.json", "finish_time": {"time": "Fri Feb  3 15:58:43 2023\n", "total_time": 16.552511755}, "start_time": {"time": "Fri Feb  3 15:58:27 2023\n"}, "title": "/scratch/kx58/jm0124/tempJsons/G1_156.json", "total_energy": {"total_energy": -685.4024558589075}}