{"E(RIMP2 (OS))": {"E(RIMP2 (OS))": -1.4853235258954942}, "E(RIMP2 (SS))": {"E(RIMP2 (SS))": -0.5282158012644182}, "E(RIMP2)": {"E(RIMP2)": -2.0135393271599122}, "E(RIMP2) SOS": {"E(RIMP2) SOS": -1.9309205836641425}, "Final E(HF)": {"Final E(HF)": -683.3825960228977}, "filename": "json_logs/G1_328.json", "finish_time": {"time": "Fri Feb  3 15:58:43 2023\n", "total_time": 16.160843361}, "start_time": {"time": "Fri Feb  3 15:58:27 2023\n"}, "title": "/scratch/kx58/jm0124/tempJsons/G1_328.json", "total_energy": {"total_energy": -685.3961353500576}}