{"E(RIMP2 (OS))": {"E(RIMP2 (OS))": -1.4824452865245192}, "E(RIMP2 (SS))": {"E(RIMP2 (SS))": -0.5265515375814281}, "E(RIMP2)": {"E(RIMP2)": -2.0089968241059473}, "E(RIMP2) SOS": {"E(RIMP2) SOS": -1.927178872481875}, "Final E(HF)": {"Final E(HF)": -683.3962394922869}, "filename": "json_logs/G1_333.json", "finish_time": {"time": "Fri Feb  3 15:58:42 2023\n", "total_time": 15.625593451999999}, "start_time": {"time": "Fri Feb  3 15:58:27 2023\n"}, "title": "/scratch/kx58/jm0124/tempJsons/G1_333.json", "total_energy": {"total_energy": -685.4052363163928}}