{"E(RIMP2 (OS))": {"E(RIMP2 (OS))": -1.4882447916001318}, "E(RIMP2 (SS))": {"E(RIMP2 (SS))": -0.5311503794497773}, "E(RIMP2)": {"E(RIMP2)": -2.019395171049909}, "E(RIMP2) SOS": {"E(RIMP2) SOS": -1.9347182290801714}, "Final E(HF)": {"Final E(HF)": -683.3944855489995}, "filename": "json_logs/G1_1.json", "finish_time": {"time": "Fri Feb  3 15:59:47 2023\n", "total_time": 15.649436561}, "start_time": {"time": "Fri Feb  3 15:59:31 2023\n"}, "title": "/scratch/kx58/jm0124/tempJsons/G1_1.json", "total_energy": {"total_energy": -685.4138807200493}}