{"E(RIMP2 (OS))": {"E(RIMP2 (OS))": -1.4883465610728361}, "E(RIMP2 (SS))": {"E(RIMP2 (SS))": -0.5307739420856384}, "E(RIMP2)": {"E(RIMP2)": -2.0191205031584745}, "E(RIMP2) SOS": {"E(RIMP2) SOS": -1.934850529394687}, "Final E(HF)": {"Final E(HF)": -683.3964034672792}, "filename": "json_logs/G1_3.json", "finish_time": {"time": "Fri Feb  3 15:59:45 2023\n", "total_time": 15.679818368000001}, "start_time": {"time": "Fri Feb  3 15:59:29 2023\n"}, "title": "/scratch/kx58/jm0124/tempJsons/G1_3.json", "total_energy": {"total_energy": -685.4155239704377}}