{"E(RIMP2 (OS))": {"E(RIMP2 (OS))": -1.4853222682486242}, "E(RIMP2 (SS))": {"E(RIMP2 (SS))": -0.5286354977362792}, "E(RIMP2)": {"E(RIMP2)": -2.0139577659849035}, "E(RIMP2) SOS": {"E(RIMP2) SOS": -1.9309189487232115}, "Final E(HF)": {"Final E(HF)": -683.393911003801}, "filename": "json_logs/G1_11.json", "finish_time": {"time": "Fri Feb  3 15:59:34 2023\n", "total_time": 15.066636075}, "start_time": {"time": "Fri Feb  3 15:59:19 2023\n"}, "title": "/scratch/kx58/jm0124/tempJsons/G1_11.json", "total_energy": {"total_energy": -685.407868769786}}