{"E(RIMP2 (OS))": {"E(RIMP2 (OS))": -1.480661664202445}, "E(RIMP2 (SS))": {"E(RIMP2 (SS))": -0.5256442432649495}, "E(RIMP2)": {"E(RIMP2)": -2.006305907467395}, "E(RIMP2) SOS": {"E(RIMP2) SOS": -1.9248601634631786}, "Final E(HF)": {"Final E(HF)": -683.4043071984561}, "filename": "json_logs/G1_14.json", "finish_time": {"time": "Fri Feb  3 15:59:28 2023\n", "total_time": 10.550605074}, "start_time": {"time": "Fri Feb  3 15:59:17 2023\n"}, "title": "/scratch/kx58/jm0124/tempJsons/G1_14.json", "total_energy": {"total_energy": -685.4106131059235}}