{"E(RIMP2 (OS))": {"E(RIMP2 (OS))": -1.4879691427048287}, "E(RIMP2 (SS))": {"E(RIMP2 (SS))": -0.5303873823695122}, "E(RIMP2)": {"E(RIMP2)": -2.018356525074341}, "E(RIMP2) SOS": {"E(RIMP2) SOS": -1.9343598855162774}, "Final E(HF)": {"Final E(HF)": -683.3918606611542}, "filename": "json_logs/G1_21.json", "finish_time": {"time": "Fri Feb  3 15:59:31 2023\n", "total_time": 14.856092192}, "start_time": {"time": "Fri Feb  3 15:59:17 2023\n"}, "title": "/scratch/kx58/jm0124/tempJsons/G1_21.json", "total_energy": {"total_energy": -685.4102171862286}}