{"E(RIMP2 (OS))": {"E(RIMP2 (OS))": -1.481282247452358}, "E(RIMP2 (SS))": {"E(RIMP2 (SS))": -0.5260003834234541}, "E(RIMP2)": {"E(RIMP2)": -2.007282630875812}, "E(RIMP2) SOS": {"E(RIMP2) SOS": -1.9256669216880653}, "Final E(HF)": {"Final E(HF)": -683.404174828572}, "filename": "json_logs/G1_22.json", "finish_time": {"time": "Fri Feb  3 15:59:30 2023\n", "total_time": 14.393198371}, "start_time": {"time": "Fri Feb  3 15:59:16 2023\n"}, "title": "/scratch/kx58/jm0124/tempJsons/G1_22.json", "total_energy": {"total_energy": -685.4114574594478}}