{"E(RIMP2 (OS))": {"E(RIMP2 (OS))": -1.4838994998048607}, "E(RIMP2 (SS))": {"E(RIMP2 (SS))": -0.5272250390303512}, "E(RIMP2)": {"E(RIMP2)": -2.0111245388352117}, "E(RIMP2) SOS": {"E(RIMP2) SOS": -1.929069349746319}, "Final E(HF)": {"Final E(HF)": -683.392264539668}, "filename": "json_logs/G1_23.json", "finish_time": {"time": "Fri Feb  3 15:59:18 2023\n", "total_time": 14.774032906}, "start_time": {"time": "Fri Feb  3 15:59:03 2023\n"}, "title": "/scratch/kx58/jm0124/tempJsons/G1_23.json", "total_energy": {"total_energy": -685.4033890785031}}