{"E(RIMP2 (OS))": {"E(RIMP2 (OS))": -1.486243210284153}, "E(RIMP2 (SS))": {"E(RIMP2 (SS))": -0.5288742020725699}, "E(RIMP2)": {"E(RIMP2)": -2.015117412356723}, "E(RIMP2) SOS": {"E(RIMP2) SOS": -1.932116173369399}, "Final E(HF)": {"Final E(HF)": -683.3948931188397}, "filename": "json_logs/G1_26.json", "finish_time": {"time": "Fri Feb  3 15:59:16 2023\n", "total_time": 15.506339774}, "start_time": {"time": "Fri Feb  3 15:59:01 2023\n"}, "title": "/scratch/kx58/jm0124/tempJsons/G1_26.json", "total_energy": {"total_energy": -685.4100105311963}}