{"E(RIMP2 (OS))": {"E(RIMP2 (OS))": -1.4848747018948019}, "E(RIMP2 (SS))": {"E(RIMP2 (SS))": -0.5281731429853784}, "E(RIMP2)": {"E(RIMP2)": -2.0130478448801803}, "E(RIMP2) SOS": {"E(RIMP2) SOS": -1.9303371124632425}, "Final E(HF)": {"Final E(HF)": -683.3928234739409}, "filename": "json_logs/G1_38.json", "finish_time": {"time": "Fri Feb  3 15:59:15 2023\n", "total_time": 15.477732040000001}, "start_time": {"time": "Fri Feb  3 15:59:00 2023\n"}, "title": "/scratch/kx58/jm0124/tempJsons/G1_38.json", "total_energy": {"total_energy": -685.405871318821}}