{"E(RIMP2 (OS))": {"E(RIMP2 (OS))": -0.644348897719113}, "E(RIMP2 (SS))": {"E(RIMP2 (SS))": -0.08012027266699125}, "E(RIMP2)": {"E(RIMP2)": -0.7244691703861043}, "E(RIMP2) SOS": {"E(RIMP2) SOS": -0.8376535670348468}, "Final E(HF)": {"Final E(HF)": -541.25994671537}, "filename": "json_logs/8_iz1a1ocpci.json", "finish_time": {"time": "Mon Feb  6 10:47:20 2023\n", "total_time": 3.294735979}, "start_time": {"time": "Mon Feb  6 10:47:17 2023\n"}, "title": "/scratch/kx58/jm0124/tempJsons/8_iz1a1ocpci.json", "total_energy": {"total_energy": -541.9844158857562}}