{"E(RIMP2 (OS))": {"E(RIMP2 (OS))": -0.6445983841012317}, "E(RIMP2 (SS))": {"E(RIMP2 (SS))": -0.0802241547555575}, "E(RIMP2)": {"E(RIMP2)": -0.7248225388567893}, "E(RIMP2) SOS": {"E(RIMP2) SOS": -0.8379778993316013}, "Final E(HF)": {"Final E(HF)": -541.259645123803}, "filename": "json_logs/17_solfam9ygy.json", "finish_time": {"time": "Mon Feb  6 10:57:48 2023\n", "total_time": 2.720530908}, "start_time": {"time": "Mon Feb  6 10:57:45 2023\n"}, "title": "/scratch/kx58/jm0124/tempJsons/17_solfam9ygy.json", "total_energy": {"total_energy": -541.9844676626598}}