{"E(RIMP2 (OS))": {"E(RIMP2 (OS))": -0.6446311720446394}, "E(RIMP2 (SS))": {"E(RIMP2 (SS))": -0.08030133863580872}, "E(RIMP2)": {"E(RIMP2)": -0.7249325106804481}, "E(RIMP2) SOS": {"E(RIMP2) SOS": -0.8380205236580313}, "Final E(HF)": {"Final E(HF)": -541.2584245829873}, "filename": "json_logs/22_jgx4tglhb5.json", "finish_time": {"time": "Mon Feb  6 10:51:47 2023\n", "total_time": 3.0373992260000002}, "start_time": {"time": "Mon Feb  6 10:51:45 2023\n"}, "title": "/scratch/kx58/jm0124/tempJsons/22_jgx4tglhb5.json", "total_energy": {"total_energy": -541.9833570936678}}