{"E(RIMP2 (OS))": {"E(RIMP2 (OS))": -0.6445660481423315}, "E(RIMP2 (SS))": {"E(RIMP2 (SS))": -0.08024587438097631}, "E(RIMP2)": {"E(RIMP2)": -0.7248119225233078}, "E(RIMP2) SOS": {"E(RIMP2) SOS": -0.837935862585031}, "Final E(HF)": {"Final E(HF)": -541.2584901173311}, "filename": "json_logs/33_3gv268dbt6.json", "finish_time": {"time": "Mon Feb  6 10:48:16 2023\n", "total_time": 2.890274427}, "start_time": {"time": "Mon Feb  6 10:48:13 2023\n"}, "title": "/scratch/kx58/jm0124/tempJsons/33_3gv268dbt6.json", "total_energy": {"total_energy": -541.9833020398544}}