{"E(RIMP2 (OS))": {"E(RIMP2 (OS))": -0.6446293579358794}, "E(RIMP2 (SS))": {"E(RIMP2 (SS))": -0.08030374991595683}, "E(RIMP2)": {"E(RIMP2)": -0.7249331078518362}, "E(RIMP2) SOS": {"E(RIMP2) SOS": -0.8380181653166432}, "Final E(HF)": {"Final E(HF)": -541.2583043578803}, "filename": "json_logs/17_r1c40i6pf3.json", "finish_time": {"time": "Mon Feb  6 10:49:32 2023\n", "total_time": 5.265552114}, "start_time": {"time": "Mon Feb  6 10:49:29 2023\n"}, "title": "/scratch/kx58/jm0124/tempJsons/17_r1c40i6pf3.json", "total_energy": {"total_energy": -541.9832374657321}}