{"E(RIMP2 (OS))": {"E(RIMP2 (OS))": -7.394330223158294}, "E(RIMP2 (SS))": {"E(RIMP2 (SS))": -2.8555463912555474}, "E(RIMP2)": {"E(RIMP2)": -10.249876614413841}, "E(RIMP2) SOS": {"E(RIMP2) SOS": -9.612629290105781}, "Final E(HF)": {"Final E(HF)": -4440.896499232649}, "filename": "json_logs/GUA-ngpus4-0-0.0_b01root486.json", "finish_time": {"time": "Sat Mar  4 04:07:54 2023\n", "total_time": 101.784345557}, "start_time": {"time": "Sat Mar  4 04:06:12 2023\n"}, "title": "/scratch/kx58/jm0124/tempJsons/GUA-ngpus4-0-0.0_b01root486.json", "total_energy": {"total_energy": -4451.146375847063}}