{"E(RIMP2 (OS))": {"E(RIMP2 (OS))": -7.398247866839696}, "E(RIMP2 (SS))": {"E(RIMP2 (SS))": -2.860155709342821}, "E(RIMP2)": {"E(RIMP2)": -10.258403576182516}, "E(RIMP2) SOS": {"E(RIMP2) SOS": -9.617722226891605}, "Final E(HF)": {"Final E(HF)": -4440.89334693654}, "filename": "json_logs/GUA-ngpus4-0-0.0_t46nsnlonu.json", "finish_time": {"time": "Thu Mar  2 16:27:23 2023\n", "total_time": 96.63444007700001}, "start_time": {"time": "Thu Mar  2 16:25:46 2023\n"}, "title": "/scratch/kx58/jm0124/tempJsons/GUA-ngpus4-0-0.0_t46nsnlonu.json", "total_energy": {"total_energy": -4451.151750512722}}