{"E(RIMP2 (OS))": {"E(RIMP2 (OS))": -7.400857454958317}, "E(RIMP2 (SS))": {"E(RIMP2 (SS))": -2.860013127479868}, "E(RIMP2)": {"E(RIMP2)": -10.260870582438184}, "E(RIMP2) SOS": {"E(RIMP2) SOS": -9.621114691445811}, "Final E(HF)": {"Final E(HF)": -4440.876552600001}, "filename": "json_logs/GUA-ngpus4-0-0.0_aioq7mcspt.json", "finish_time": {"time": "Sat Mar  4 05:25:16 2023\n", "total_time": 97.873649272}, "start_time": {"time": "Sat Mar  4 05:23:39 2023\n"}, "title": "/scratch/kx58/jm0124/tempJsons/GUA-ngpus4-0-0.0_aioq7mcspt.json", "total_energy": {"total_energy": -4451.137423182438}}