{"E(RIMP2 (OS))": {"E(RIMP2 (OS))": -7.382454765787655}, "E(RIMP2 (SS))": {"E(RIMP2 (SS))": -2.8471311741330982}, "E(RIMP2)": {"E(RIMP2)": -10.229585939920753}, "E(RIMP2) SOS": {"E(RIMP2) SOS": -9.597191195523951}, "Final E(HF)": {"Final E(HF)": -4440.897562189175}, "filename": "json_logs/GUA-ngpus4-0-180.0_ib6dvtlsto.json", "finish_time": {"time": "Thu Mar  2 16:30:38 2023\n", "total_time": 89.72702929900001}, "start_time": {"time": "Thu Mar  2 16:29:08 2023\n"}, "title": "/scratch/kx58/jm0124/tempJsons/GUA-ngpus4-0-180.0_ib6dvtlsto.json", "total_energy": {"total_energy": -4451.127148129096}}