{"E(RIMP2 (OS))": {"E(RIMP2 (OS))": -7.400281406105364}, "E(RIMP2 (SS))": {"E(RIMP2 (SS))": -2.860541430930471}, "E(RIMP2)": {"E(RIMP2)": -10.260822837035835}, "E(RIMP2) SOS": {"E(RIMP2) SOS": -9.620365827936974}, "Final E(HF)": {"Final E(HF)": -4440.866575407559}, "filename": "json_logs/GUA-ngpus4-0-0.0_xvezsucb7x.json", "finish_time": {"time": "Thu Mar  2 15:37:18 2023\n", "total_time": 110.99952381499999}, "start_time": {"time": "Thu Mar  2 15:35:27 2023\n"}, "title": "/scratch/kx58/jm0124/tempJsons/GUA-ngpus4-0-0.0_xvezsucb7x.json", "total_energy": {"total_energy": -4451.127398244595}}