{"E(RIMP2 (OS))": {"E(RIMP2 (OS))": -7.386267068110572}, "E(RIMP2 (SS))": {"E(RIMP2 (SS))": -2.849481291348166}, "E(RIMP2)": {"E(RIMP2)": -10.23574835945874}, "E(RIMP2) SOS": {"E(RIMP2) SOS": -9.602147188543745}, "Final E(HF)": {"Final E(HF)": -4440.898967388577}, "filename": "json_logs/25_wk2fkpn20j.json", "finish_time": {"time": "Sat Mar  4 06:59:25 2023\n", "total_time": 83.505258435}, "start_time": {"time": "Sat Mar  4 06:58:01 2023\n"}, "title": "/scratch/kx58/jm0124/tempJsons/25_wk2fkpn20j.json", "total_energy": {"total_energy": -4451.134715748036}}