{"E(RIMP2 (OS))": {"E(RIMP2 (OS))": -7.394214155764111}, "E(RIMP2 (SS))": {"E(RIMP2 (SS))": -2.8555230173398685}, "E(RIMP2)": {"E(RIMP2)": -10.249737173103979}, "E(RIMP2) SOS": {"E(RIMP2) SOS": -9.612478402493345}, "Final E(HF)": {"Final E(HF)": -4440.877150864739}, "filename": "json_logs/GUA-ngpus4-0-0.0_8ud0uvr3kf.json", "finish_time": {"time": "Thu Mar  2 17:13:30 2023\n", "total_time": 92.39742150900001}, "start_time": {"time": "Thu Mar  2 17:11:57 2023\n"}, "title": "/scratch/kx58/jm0124/tempJsons/GUA-ngpus4-0-0.0_8ud0uvr3kf.json", "total_energy": {"total_energy": -4451.126888037843}}