{"E(RIMP2 (OS))": {"E(RIMP2 (OS))": -7.393101609865727}, "E(RIMP2 (SS))": {"E(RIMP2 (SS))": -2.8541116026680213}, "E(RIMP2)": {"E(RIMP2)": -10.24721321253375}, "E(RIMP2) SOS": {"E(RIMP2) SOS": -9.611032092825447}, "Final E(HF)": {"Final E(HF)": -4440.888191901846}, "filename": "json_logs/4_j7v4m4290a.json", "finish_time": {"time": "Sat Mar  4 09:25:56 2023\n", "total_time": 89.459729693}, "start_time": {"time": "Sat Mar  4 09:24:26 2023\n"}, "title": "/scratch/kx58/jm0124/tempJsons/4_j7v4m4290a.json", "total_energy": {"total_energy": -4451.13540511438}}