{"E(RIMP2 (OS))": {"E(RIMP2 (OS))": -7.394055853713869}, "E(RIMP2 (SS))": {"E(RIMP2 (SS))": -2.8546097818526612}, "E(RIMP2)": {"E(RIMP2)": -10.24866563556653}, "E(RIMP2) SOS": {"E(RIMP2) SOS": -9.61227260982803}, "Final E(HF)": {"Final E(HF)": -4440.877073218828}, "filename": "json_logs/GUA-ngpus4-0-0.0_7blc5qmwf7.json", "finish_time": {"time": "Thu Mar  2 15:35:19 2023\n", "total_time": 95.00636487999999}, "start_time": {"time": "Thu Mar  2 15:33:45 2023\n"}, "title": "/scratch/kx58/jm0124/tempJsons/GUA-ngpus4-0-0.0_7blc5qmwf7.json", "total_energy": {"total_energy": -4451.1257388543945}}