{"E(RIMP2 (OS))": {"E(RIMP2 (OS))": -7.379465925710422}, "E(RIMP2 (SS))": {"E(RIMP2 (SS))": -2.8448350840626593}, "E(RIMP2)": {"E(RIMP2)": -10.22430100977308}, "E(RIMP2) SOS": {"E(RIMP2) SOS": -9.593305703423548}, "Final E(HF)": {"Final E(HF)": -4440.90924215162}, "filename": "json_logs/4_g1b0ocaywa.json", "finish_time": {"time": "Sat Mar  4 08:39:16 2023\n", "total_time": 87.140546396}, "start_time": {"time": "Sat Mar  4 08:37:49 2023\n"}, "title": "/scratch/kx58/jm0124/tempJsons/4_g1b0ocaywa.json", "total_energy": {"total_energy": -4451.1335431613925}}