{"E(RIMP2 (OS))": {"E(RIMP2 (OS))": -7.382665958016633}, "E(RIMP2 (SS))": {"E(RIMP2 (SS))": -2.8486755747628973}, "E(RIMP2)": {"E(RIMP2)": -10.231341532779531}, "E(RIMP2) SOS": {"E(RIMP2) SOS": -9.597465745421625}, "Final E(HF)": {"Final E(HF)": -4440.8916188862}, "filename": "json_logs/78_8xanx2jgvr.json", "finish_time": {"time": "Thu Mar  2 16:06:42 2023\n", "total_time": 93.190302582}, "start_time": {"time": "Thu Mar  2 16:05:09 2023\n"}, "title": "/scratch/kx58/jm0124/tempJsons/78_8xanx2jgvr.json", "total_energy": {"total_energy": -4451.122960418979}}