{"E(RIMP2 (OS))": {"E(RIMP2 (OS))": -7.384890325965971}, "E(RIMP2 (SS))": {"E(RIMP2 (SS))": -2.8472166625486492}, "E(RIMP2)": {"E(RIMP2)": -10.23210698851462}, "E(RIMP2) SOS": {"E(RIMP2) SOS": -9.600357423755762}, "Final E(HF)": {"Final E(HF)": -4440.901632202391}, "filename": "json_logs/25_pfjhrumkq0.json", "finish_time": {"time": "Sat Mar  4 05:00:32 2023\n", "total_time": 93.206443809}, "start_time": {"time": "Sat Mar  4 04:58:59 2023\n"}, "title": "/scratch/kx58/jm0124/tempJsons/25_pfjhrumkq0.json", "total_energy": {"total_energy": -4451.1337391909055}}