{"E(RIMP2 (OS))": {"E(RIMP2 (OS))": -7.380558826326056}, "E(RIMP2 (SS))": {"E(RIMP2 (SS))": -2.844040504736443}, "E(RIMP2)": {"E(RIMP2)": -10.2245993310625}, "E(RIMP2) SOS": {"E(RIMP2) SOS": -9.594726474223874}, "Final E(HF)": {"Final E(HF)": -4440.899447822232}, "filename": "json_logs/GUA-ngpus4-0-0.0_3awm2cthgy.json", "finish_time": {"time": "Thu Mar  2 16:05:06 2023\n", "total_time": 87.000834716}, "start_time": {"time": "Thu Mar  2 16:03:40 2023\n"}, "title": "/scratch/kx58/jm0124/tempJsons/GUA-ngpus4-0-0.0_3awm2cthgy.json", "total_energy": {"total_energy": -4451.124047153295}}