{"E(RIMP2 (OS))": {"E(RIMP2 (OS))": -7.383833354484007}, "E(RIMP2 (SS))": {"E(RIMP2 (SS))": -2.8481894644870795}, "E(RIMP2)": {"E(RIMP2)": -10.232022818971085}, "E(RIMP2) SOS": {"E(RIMP2) SOS": -9.598983360829209}, "Final E(HF)": {"Final E(HF)": -4440.89970927395}, "filename": "json_logs/25_bsdz7x1dqd.json", "finish_time": {"time": "Sat Mar  4 06:13:49 2023\n", "total_time": 93.64469486}, "start_time": {"time": "Sat Mar  4 06:12:16 2023\n"}, "title": "/scratch/kx58/jm0124/tempJsons/25_bsdz7x1dqd.json", "total_energy": {"total_energy": -4451.131732092921}}