{"E(RIMP2 (OS))": {"E(RIMP2 (OS))": -7.383549097232741}, "E(RIMP2 (SS))": {"E(RIMP2 (SS))": -2.846014316890874}, "E(RIMP2)": {"E(RIMP2)": -10.229563414123614}, "E(RIMP2) SOS": {"E(RIMP2) SOS": -9.598613826402564}, "Final E(HF)": {"Final E(HF)": -4440.903017215436}, "filename": "json_logs/GUA-ngpus4-0-0.0_56tn4ib29q.json", "finish_time": {"time": "Sat Mar  4 06:57:19 2023\n", "total_time": 91.19289294200001}, "start_time": {"time": "Sat Mar  4 06:55:48 2023\n"}, "title": "/scratch/kx58/jm0124/tempJsons/GUA-ngpus4-0-0.0_56tn4ib29q.json", "total_energy": {"total_energy": -4451.132580629559}}