{"E(RIMP2 (OS))": {"E(RIMP2 (OS))": -7.397000993306738}, "E(RIMP2 (SS))": {"E(RIMP2 (SS))": -2.856679162837418}, "E(RIMP2)": {"E(RIMP2)": -10.253680156144156}, "E(RIMP2) SOS": {"E(RIMP2) SOS": -9.61610129129876}, "Final E(HF)": {"Final E(HF)": -4440.87072363914}, "filename": "json_logs/GUA-ngpus4-0-0.0_up2vnxh38c.json", "finish_time": {"time": "Thu Mar  2 15:38:26 2023\n", "total_time": 92.641404144}, "start_time": {"time": "Thu Mar  2 15:36:54 2023\n"}, "title": "/scratch/kx58/jm0124/tempJsons/GUA-ngpus4-0-0.0_up2vnxh38c.json", "total_energy": {"total_energy": -4451.124403795284}}