{"E(RIMP2 (OS))": {"E(RIMP2 (OS))": -7.3968435204134915}, "E(RIMP2 (SS))": {"E(RIMP2 (SS))": -2.857220312722241}, "E(RIMP2)": {"E(RIMP2)": -10.254063833135731}, "E(RIMP2) SOS": {"E(RIMP2) SOS": -9.615896576537539}, "Final E(HF)": {"Final E(HF)": -4440.877895133428}, "filename": "json_logs/GUA-ngpus4-0-0.0_kkleribp8o.json", "finish_time": {"time": "Sat Mar  4 05:02:16 2023\n", "total_time": 95.00019751699999}, "start_time": {"time": "Sat Mar  4 05:00:41 2023\n"}, "title": "/scratch/kx58/jm0124/tempJsons/GUA-ngpus4-0-0.0_kkleribp8o.json", "total_energy": {"total_energy": -4451.131958966564}}