{"E(RIMP2 (OS))": {"E(RIMP2 (OS))": -7.393081589001468}, "E(RIMP2 (SS))": {"E(RIMP2 (SS))": -2.855375671712102}, "E(RIMP2)": {"E(RIMP2)": -10.24845726071357}, "E(RIMP2) SOS": {"E(RIMP2) SOS": -9.611006065701908}, "Final E(HF)": {"Final E(HF)": -4440.882635795822}, "filename": "json_logs/GUA-ngpus4-0-0.0_r1wg93cf6e.json", "finish_time": {"time": "Sat Mar  4 05:41:37 2023\n", "total_time": 95.82645005100001}, "start_time": {"time": "Sat Mar  4 05:40:02 2023\n"}, "title": "/scratch/kx58/jm0124/tempJsons/GUA-ngpus4-0-0.0_r1wg93cf6e.json", "total_energy": {"total_energy": -4451.131093056536}}