{"E(RIMP2 (OS))": {"E(RIMP2 (OS))": -7.376610707055535}, "E(RIMP2 (SS))": {"E(RIMP2 (SS))": -2.840830091592528}, "E(RIMP2)": {"E(RIMP2)": -10.217440798648063}, "E(RIMP2) SOS": {"E(RIMP2) SOS": -9.589593919172197}, "Final E(HF)": {"Final E(HF)": -4440.904353914533}, "filename": "json_logs/GUA-ngpus4-0-180.0_7rzn67fxt1.json", "finish_time": {"time": "Thu Mar  2 15:58:39 2023\n", "total_time": 90.05975285800001}, "start_time": {"time": "Thu Mar  2 15:57:09 2023\n"}, "title": "/scratch/kx58/jm0124/tempJsons/GUA-ngpus4-0-180.0_7rzn67fxt1.json", "total_energy": {"total_energy": -4451.121794713182}}