{"E(RIMP2 (OS))": {"E(RIMP2 (OS))": -7.375755834673729}, "E(RIMP2 (SS))": {"E(RIMP2 (SS))": -2.841088189319268}, "E(RIMP2)": {"E(RIMP2)": -10.216844023992998}, "E(RIMP2) SOS": {"E(RIMP2) SOS": -9.588482585075848}, "Final E(HF)": {"Final E(HF)": -4440.904213970678}, "filename": "json_logs/98_mjfl7p3kxz.json", "finish_time": {"time": "Thu Mar  2 15:40:07 2023\n", "total_time": 87.800828019}, "start_time": {"time": "Thu Mar  2 15:38:40 2023\n"}, "title": "/scratch/kx58/jm0124/tempJsons/98_mjfl7p3kxz.json", "total_energy": {"total_energy": -4451.121057994671}}