{"E(RIMP2 (OS))": {"E(RIMP2 (OS))": -7.371855358430742}, "E(RIMP2 (SS))": {"E(RIMP2 (SS))": -2.8390849528301936}, "E(RIMP2)": {"E(RIMP2)": -10.210940311260936}, "E(RIMP2) SOS": {"E(RIMP2) SOS": -9.583411965959964}, "Final E(HF)": {"Final E(HF)": -4440.918649632818}, "filename": "json_logs/4_xj5le8rxt9.json", "finish_time": {"time": "Sat Mar  4 04:16:09 2023\n", "total_time": 86.406279719}, "start_time": {"time": "Sat Mar  4 04:14:42 2023\n"}, "title": "/scratch/kx58/jm0124/tempJsons/4_xj5le8rxt9.json", "total_energy": {"total_energy": -4451.129589944079}}