{"E(RIMP2 (OS))": {"E(RIMP2 (OS))": -7.389351139062404}, "E(RIMP2 (SS))": {"E(RIMP2 (SS))": -2.8521137469126656}, "E(RIMP2)": {"E(RIMP2)": -10.24146488597507}, "E(RIMP2) SOS": {"E(RIMP2) SOS": -9.606156480781125}, "Final E(HF)": {"Final E(HF)": -4440.902952191764}, "filename": "json_logs/25_mgosth9nth.json", "finish_time": {"time": "Sat Mar  4 05:46:16 2023\n", "total_time": 99.85202245}, "start_time": {"time": "Sat Mar  4 05:44:36 2023\n"}, "title": "/scratch/kx58/jm0124/tempJsons/25_mgosth9nth.json", "total_energy": {"total_energy": -4451.144417077739}}