{"E(RIMP2 (OS))": {"E(RIMP2 (OS))": -7.381620137777231}, "E(RIMP2 (SS))": {"E(RIMP2 (SS))": -2.845832801972026}, "E(RIMP2)": {"E(RIMP2)": -10.227452939749258}, "E(RIMP2) SOS": {"E(RIMP2) SOS": -9.5961061791104}, "Final E(HF)": {"Final E(HF)": -4440.922141214076}, "filename": "json_logs/89_qpbqyg6gi1.json", "finish_time": {"time": "Thu Mar  2 17:55:45 2023\n", "total_time": 91.447153099}, "start_time": {"time": "Thu Mar  2 17:54:14 2023\n"}, "title": "/scratch/kx58/jm0124/tempJsons/89_qpbqyg6gi1.json", "total_energy": {"total_energy": -4451.149594153826}}