{"E(RIMP2 (OS))": {"E(RIMP2 (OS))": -7.394330223154228}, "E(RIMP2 (SS))": {"E(RIMP2 (SS))": -2.855546391252977}, "E(RIMP2)": {"E(RIMP2)": -10.249876614407205}, "E(RIMP2) SOS": {"E(RIMP2) SOS": -9.612629290100497}, "Final E(HF)": {"Final E(HF)": -4440.896499232904}, "filename": "json_logs/GUA-ngpus4-0-0.0_xwui80d5po.json", "finish_time": {"time": "Thu Mar  2 16:00:24 2023\n", "total_time": 100.826994387}, "start_time": {"time": "Thu Mar  2 15:58:43 2023\n"}, "title": "/scratch/kx58/jm0124/tempJsons/GUA-ngpus4-0-0.0_xwui80d5po.json", "total_energy": {"total_energy": -4451.146375847311}}