{"E(RIMP2 (OS))": {"E(RIMP2 (OS))": -7.3952733639415715}, "E(RIMP2 (SS))": {"E(RIMP2 (SS))": -2.8567052778633935}, "E(RIMP2)": {"E(RIMP2)": -10.251978641804964}, "E(RIMP2) SOS": {"E(RIMP2) SOS": -9.613855373124043}, "Final E(HF)": {"Final E(HF)": -4440.891690341159}, "filename": "json_logs/25_mm1bok6ef0.json", "finish_time": {"time": "Sat Mar  4 06:07:58 2023\n", "total_time": 103.463281922}, "start_time": {"time": "Sat Mar  4 06:06:15 2023\n"}, "title": "/scratch/kx58/jm0124/tempJsons/25_mm1bok6ef0.json", "total_energy": {"total_energy": -4451.143668982964}}