{"E(RIMP2 (OS))": {"E(RIMP2 (OS))": -7.388186337877364}, "E(RIMP2 (SS))": {"E(RIMP2 (SS))": -2.8517923431928156}, "E(RIMP2)": {"E(RIMP2)": -10.239978681070179}, "E(RIMP2) SOS": {"E(RIMP2) SOS": -9.604642239240572}, "Final E(HF)": {"Final E(HF)": -4440.893995911516}, "filename": "json_logs/42_jbs3a5u49k.json", "finish_time": {"time": "Thu Mar  2 17:15:00 2023\n", "total_time": 93.625168609}, "start_time": {"time": "Thu Mar  2 17:13:27 2023\n"}, "title": "/scratch/kx58/jm0124/tempJsons/42_jbs3a5u49k.json", "total_energy": {"total_energy": -4451.133974592586}}