{"E(RIMP2 (OS))": {"E(RIMP2 (OS))": -7.388904354229612}, "E(RIMP2 (SS))": {"E(RIMP2 (SS))": -2.851254134701713}, "E(RIMP2)": {"E(RIMP2)": -10.240158488931325}, "E(RIMP2) SOS": {"E(RIMP2) SOS": -9.605575660498497}, "Final E(HF)": {"Final E(HF)": -4440.901793602468}, "filename": "json_logs/GUA-ngpus4-0-0.0_wcr2rkixba.json", "finish_time": {"time": "Sat Mar  4 04:41:11 2023\n", "total_time": 98.352787529}, "start_time": {"time": "Sat Mar  4 04:39:33 2023\n"}, "title": "/scratch/kx58/jm0124/tempJsons/GUA-ngpus4-0-0.0_wcr2rkixba.json", "total_energy": {"total_energy": -4451.1419520914}}