{"E(RIMP2 (OS))": {"E(RIMP2 (OS))": -7.396066549391333}, "E(RIMP2 (SS))": {"E(RIMP2 (SS))": -2.857249624475468}, "E(RIMP2)": {"E(RIMP2)": -10.2533161738668}, "E(RIMP2) SOS": {"E(RIMP2) SOS": -9.614886514208733}, "Final E(HF)": {"Final E(HF)": -4440.887724000944}, "filename": "json_logs/89_g6ibatzkqs.json", "finish_time": {"time": "Sat Mar  4 08:16:49 2023\n", "total_time": 98.75151357700001}, "start_time": {"time": "Sat Mar  4 08:15:11 2023\n"}, "title": "/scratch/kx58/jm0124/tempJsons/89_g6ibatzkqs.json", "total_energy": {"total_energy": -4451.141040174811}}