{"E(RIMP2 (OS))": {"E(RIMP2 (OS))": -7.399193635838382}, "E(RIMP2 (SS))": {"E(RIMP2 (SS))": -2.8595778938035097}, "E(RIMP2)": {"E(RIMP2)": -10.258771529641892}, "E(RIMP2) SOS": {"E(RIMP2) SOS": -9.618951726589897}, "Final E(HF)": {"Final E(HF)": -4440.8739107499205}, "filename": "json_logs/GUA-ngpus4-0-180.0_tam1mksagd.json", "finish_time": {"time": "Thu Mar  2 16:20:40 2023\n", "total_time": 97.502985944}, "start_time": {"time": "Thu Mar  2 16:19:03 2023\n"}, "title": "/scratch/kx58/jm0124/tempJsons/GUA-ngpus4-0-180.0_tam1mksagd.json", "total_energy": {"total_energy": -4451.132682279562}}