{"E(RIMP2 (OS))": {"E(RIMP2 (OS))": -7.390779268340659}, "E(RIMP2 (SS))": {"E(RIMP2 (SS))": -2.8517413554997315}, "E(RIMP2)": {"E(RIMP2)": -10.242520623840392}, "E(RIMP2) SOS": {"E(RIMP2) SOS": -9.608013048842857}, "Final E(HF)": {"Final E(HF)": -4440.890026724643}, "filename": "json_logs/25_qmbg7b7y4y.json", "finish_time": {"time": "Thu Mar  2 17:54:14 2023\n", "total_time": 90.92076082300001}, "start_time": {"time": "Thu Mar  2 17:52:44 2023\n"}, "title": "/scratch/kx58/jm0124/tempJsons/25_qmbg7b7y4y.json", "total_energy": {"total_energy": -4451.132547348483}}