{"E(RIMP2 (OS))": {"E(RIMP2 (OS))": -7.379983290182646}, "E(RIMP2 (SS))": {"E(RIMP2 (SS))": -2.8443854169647835}, "E(RIMP2)": {"E(RIMP2)": -10.22436870714743}, "E(RIMP2) SOS": {"E(RIMP2) SOS": -9.59397827723744}, "Final E(HF)": {"Final E(HF)": -4440.914876140083}, "filename": "json_logs/4_tvtn2p2777.json", "finish_time": {"time": "Sat Mar  4 08:37:47 2023\n", "total_time": 89.289170705}, "start_time": {"time": "Sat Mar  4 08:36:18 2023\n"}, "title": "/scratch/kx58/jm0124/tempJsons/4_tvtn2p2777.json", "total_energy": {"total_energy": -4451.13924484723}}