{"E(RIMP2 (OS))": {"E(RIMP2 (OS))": -7.3870467187390805}, "E(RIMP2 (SS))": {"E(RIMP2 (SS))": -2.849426205500748}, "E(RIMP2)": {"E(RIMP2)": -10.236472924239829}, "E(RIMP2) SOS": {"E(RIMP2) SOS": -9.603160734360804}, "Final E(HF)": {"Final E(HF)": -4440.903329216471}, "filename": "json_logs/GUA-ngpus4-0-0.0_nigxlrd9qo.json", "finish_time": {"time": "Sat Mar  4 06:58:37 2023\n", "total_time": 91.429361685}, "start_time": {"time": "Sat Mar  4 06:57:06 2023\n"}, "title": "/scratch/kx58/jm0124/tempJsons/GUA-ngpus4-0-0.0_nigxlrd9qo.json", "total_energy": {"total_energy": -4451.139802140711}}