{"E(RIMP2 (OS))": {"E(RIMP2 (OS))": -7.371855358433877}, "E(RIMP2 (SS))": {"E(RIMP2 (SS))": -2.8390849528318345}, "E(RIMP2)": {"E(RIMP2)": -10.210940311265713}, "E(RIMP2) SOS": {"E(RIMP2) SOS": -9.583411965964041}, "Final E(HF)": {"Final E(HF)": -4440.918649632838}, "filename": "json_logs/4_ci96t69we4.json", "finish_time": {"time": "Thu Mar  2 16:08:43 2023\n", "total_time": 87.477791107}, "start_time": {"time": "Thu Mar  2 16:07:16 2023\n"}, "title": "/scratch/kx58/jm0124/tempJsons/4_ci96t69we4.json", "total_energy": {"total_energy": -4451.129589944104}}