{"E(RIMP2 (OS))": {"E(RIMP2 (OS))": -7.3926188777881565}, "E(RIMP2 (SS))": {"E(RIMP2 (SS))": -2.854824638479306}, "E(RIMP2)": {"E(RIMP2)": -10.247443516267463}, "E(RIMP2) SOS": {"E(RIMP2) SOS": -9.610404541124604}, "Final E(HF)": {"Final E(HF)": -4440.88343869532}, "filename": "json_logs/42_t13mp8vm5u.json", "finish_time": {"time": "Thu Mar  2 17:52:41 2023\n", "total_time": 95.78493498200001}, "start_time": {"time": "Thu Mar  2 17:51:05 2023\n"}, "title": "/scratch/kx58/jm0124/tempJsons/42_t13mp8vm5u.json", "total_energy": {"total_energy": -4451.130882211587}}