{"E(RIMP2 (OS))": {"E(RIMP2 (OS))": -7.392495654310041}, "E(RIMP2 (SS))": {"E(RIMP2 (SS))": -2.8545076445830313}, "E(RIMP2)": {"E(RIMP2)": -10.247003298893073}, "E(RIMP2) SOS": {"E(RIMP2) SOS": -9.610244350603054}, "Final E(HF)": {"Final E(HF)": -4440.890846810564}, "filename": "json_logs/4_ncceo00yeq.json", "finish_time": {"time": "Sat Mar  4 04:34:32 2023\n", "total_time": 90.452620889}, "start_time": {"time": "Sat Mar  4 04:33:02 2023\n"}, "title": "/scratch/kx58/jm0124/tempJsons/4_ncceo00yeq.json", "total_energy": {"total_energy": -4451.137850109457}}