{"E(RIMP2 (OS))": {"E(RIMP2 (OS))": -7.377735970410916}, "E(RIMP2 (SS))": {"E(RIMP2 (SS))": -2.8425414731364267}, "E(RIMP2)": {"E(RIMP2)": -10.220277443547342}, "E(RIMP2) SOS": {"E(RIMP2) SOS": -9.591056761534192}, "Final E(HF)": {"Final E(HF)": -4440.916195508558}, "filename": "json_logs/25_ho5aas68gd.json", "finish_time": {"time": "Sat Mar  4 04:58:47 2023\n", "total_time": 80.767522872}, "start_time": {"time": "Sat Mar  4 04:57:26 2023\n"}, "title": "/scratch/kx58/jm0124/tempJsons/25_ho5aas68gd.json", "total_energy": {"total_energy": -4451.136472952106}}