{"E(RIMP2 (OS))": {"E(RIMP2 (OS))": -7.378334590998422}, "E(RIMP2 (SS))": {"E(RIMP2 (SS))": -2.8443344496677376}, "E(RIMP2)": {"E(RIMP2)": -10.22266904066616}, "E(RIMP2) SOS": {"E(RIMP2) SOS": -9.591834968297949}, "Final E(HF)": {"Final E(HF)": -4440.9069564654765}, "filename": "json_logs/GUA-ngpus4-0-180.0_9ogpc0af09.json", "finish_time": {"time": "Thu Mar  2 16:08:10 2023\n", "total_time": 85.269807422}, "start_time": {"time": "Thu Mar  2 16:06:45 2023\n"}, "title": "/scratch/kx58/jm0124/tempJsons/GUA-ngpus4-0-180.0_9ogpc0af09.json", "total_energy": {"total_energy": -4451.129625506143}}