{"E(RIMP2 (OS))": {"E(RIMP2 (OS))": -7.391649770327746}, "E(RIMP2 (SS))": {"E(RIMP2 (SS))": -2.8537182326140047}, "E(RIMP2)": {"E(RIMP2)": -10.24536800294175}, "E(RIMP2) SOS": {"E(RIMP2) SOS": -9.60914470142607}, "Final E(HF)": {"Final E(HF)": -4440.891192118455}, "filename": "json_logs/25_lthahsq1m0.json", "finish_time": {"time": "Sat Mar  4 08:06:08 2023\n", "total_time": 93.651294351}, "start_time": {"time": "Sat Mar  4 08:04:34 2023\n"}, "title": "/scratch/kx58/jm0124/tempJsons/25_lthahsq1m0.json", "total_energy": {"total_energy": -4451.1365601213965}}