{"E(RIMP2 (OS))": {"E(RIMP2 (OS))": -7.3971127906543845}, "E(RIMP2 (SS))": {"E(RIMP2 (SS))": -2.857908126894268}, "E(RIMP2)": {"E(RIMP2)": -10.255020917548652}, "E(RIMP2) SOS": {"E(RIMP2) SOS": -9.6162466278507}, "Final E(HF)": {"Final E(HF)": -4440.875582384288}, "filename": "json_logs/25_2o0v7p4cfe.json", "finish_time": {"time": "Thu Mar  2 17:05:38 2023\n", "total_time": 96.932424663}, "start_time": {"time": "Thu Mar  2 17:04:01 2023\n"}, "title": "/scratch/kx58/jm0124/tempJsons/25_2o0v7p4cfe.json", "total_energy": {"total_energy": -4451.130603301836}}