{"E(RIMP2 (OS))": {"E(RIMP2 (OS))": -1.272077020816454}, "E(RIMP2 (SS))": {"E(RIMP2 (SS))": -0.4741216437244125}, "E(RIMP2)": {"E(RIMP2)": -1.7461986645408665}, "E(RIMP2) SOS": {"E(RIMP2) SOS": -1.6537001270613902}, "Final E(HF)": {"Final E(HF)": -946.7325845844179}, "filename": "json_logs/33_9tjhvgd0q4.json", "finish_time": {"time": "Thu Feb 23 10:51:52 2023\n", "total_time": 11.313528498}, "start_time": {"time": "Thu Feb 23 10:51:40 2023\n"}, "title": "/scratch/kx58/jm0124/tempJsons/33_9tjhvgd0q4.json", "total_energy": {"total_energy": -948.4787832489587}}