{"E(RIMP2 (OS))": {"E(RIMP2 (OS))": -1.2720309986395402}, "E(RIMP2 (SS))": {"E(RIMP2 (SS))": -0.4741353646293714}, "E(RIMP2)": {"E(RIMP2)": -1.7461663632689115}, "E(RIMP2) SOS": {"E(RIMP2) SOS": -1.6536402982314022}, "Final E(HF)": {"Final E(HF)": -946.7284528582578}, "filename": "json_logs/PEZ-ngpus8-0-0.0_9wl7mb5en2.json", "finish_time": {"time": "Thu Feb 23 11:19:10 2023\n", "total_time": 11.691861294}, "start_time": {"time": "Thu Feb 23 11:18:58 2023\n"}, "title": "/scratch/kx58/jm0124/tempJsons/PEZ-ngpus8-0-0.0_9wl7mb5en2.json", "total_energy": {"total_energy": -948.4746192215267}}