{"E(RIMP2 (OS))": {"E(RIMP2 (OS))": -1.272375285267653}, "E(RIMP2 (SS))": {"E(RIMP2 (SS))": -0.47435891087414916}, "E(RIMP2)": {"E(RIMP2)": -1.7467341961418024}, "E(RIMP2) SOS": {"E(RIMP2) SOS": -1.6540878708479492}, "Final E(HF)": {"Final E(HF)": -946.7279189615932}, "filename": "json_logs/5_6jma8x8d44.json", "finish_time": {"time": "Thu Feb 23 10:59:03 2023\n", "total_time": 10.066921321}, "start_time": {"time": "Thu Feb 23 10:58:53 2023\n"}, "title": "/scratch/kx58/jm0124/tempJsons/5_6jma8x8d44.json", "total_energy": {"total_energy": -948.474653157735}}