{"E(RIMP2 (OS))": {"E(RIMP2 (OS))": -1.272384520934194}, "E(RIMP2 (SS))": {"E(RIMP2 (SS))": -0.47436209118857264}, "E(RIMP2)": {"E(RIMP2)": -1.7467466121227666}, "E(RIMP2) SOS": {"E(RIMP2) SOS": -1.6540998772144522}, "Final E(HF)": {"Final E(HF)": -946.7279047668742}, "filename": "json_logs/9_k0oevvlqw3.json", "finish_time": {"time": "Thu Feb 23 11:06:14 2023\n", "total_time": 10.501856863999999}, "start_time": {"time": "Thu Feb 23 11:06:04 2023\n"}, "title": "/scratch/kx58/jm0124/tempJsons/9_k0oevvlqw3.json", "total_energy": {"total_energy": -948.474651378997}}