{"E(RIMP2 (OS))": {"E(RIMP2 (OS))": -1.2720824796893837}, "E(RIMP2 (SS))": {"E(RIMP2 (SS))": -0.474123519153062}, "E(RIMP2)": {"E(RIMP2)": -1.7462059988424457}, "E(RIMP2) SOS": {"E(RIMP2) SOS": -1.653707223596199}, "Final E(HF)": {"Final E(HF)": -946.7325722343178}, "filename": "json_logs/9_mjr236ratk.json", "finish_time": {"time": "Thu Feb 23 11:01:08 2023\n", "total_time": 9.442193653}, "start_time": {"time": "Thu Feb 23 11:00:59 2023\n"}, "title": "/scratch/kx58/jm0124/tempJsons/9_mjr236ratk.json", "total_energy": {"total_energy": -948.4787782331603}}