{"E(RIMP2 (OS))": {"E(RIMP2 (OS))": -1.2712851723306746}, "E(RIMP2 (SS))": {"E(RIMP2 (SS))": -0.4735382194341907}, "E(RIMP2)": {"E(RIMP2)": -1.7448233917648652}, "E(RIMP2) SOS": {"E(RIMP2) SOS": -1.652670724029877}, "Final E(HF)": {"Final E(HF)": -946.7332313813808}, "filename": "json_logs/PEZ-ngpus8-0-135.0_bpepn46gew.json", "finish_time": {"time": "Thu Feb 23 11:01:48 2023\n", "total_time": 10.407334521000001}, "start_time": {"time": "Thu Feb 23 11:01:37 2023\n"}, "title": "/scratch/kx58/jm0124/tempJsons/PEZ-ngpus8-0-135.0_bpepn46gew.json", "total_energy": {"total_energy": -948.4780547731457}}