{"E(RIMP2 (OS))": {"E(RIMP2 (OS))": -1.2712918123659098}, "E(RIMP2 (SS))": {"E(RIMP2 (SS))": -0.47354566369965756}, "E(RIMP2)": {"E(RIMP2)": -1.7448374760655674}, "E(RIMP2) SOS": {"E(RIMP2) SOS": -1.6526793560756827}, "Final E(HF)": {"Final E(HF)": -946.7331827215447}, "filename": "json_logs/9_lgg111f4b2.json", "finish_time": {"time": "Thu Feb 23 11:11:47 2023\n", "total_time": 11.543305169}, "start_time": {"time": "Thu Feb 23 11:11:36 2023\n"}, "title": "/scratch/kx58/jm0124/tempJsons/9_lgg111f4b2.json", "total_energy": {"total_energy": -948.4780201976102}}