{"E(RIMP2 (OS))": {"E(RIMP2 (OS))": -1.272175429324034}, "E(RIMP2 (SS))": {"E(RIMP2 (SS))": -0.47393089095693175}, "E(RIMP2)": {"E(RIMP2)": -1.7461063202809657}, "E(RIMP2) SOS": {"E(RIMP2) SOS": -1.6538280581212441}, "Final E(HF)": {"Final E(HF)": -946.7308944884245}, "filename": "json_logs/33_squ8yja535.json", "finish_time": {"time": "Thu Feb 23 10:55:21 2023\n", "total_time": 11.472187226}, "start_time": {"time": "Thu Feb 23 10:55:09 2023\n"}, "title": "/scratch/kx58/jm0124/tempJsons/33_squ8yja535.json", "total_energy": {"total_energy": -948.4770008087055}}