{"E(RIMP2 (OS))": {"E(RIMP2 (OS))": -1.272183904648388}, "E(RIMP2 (SS))": {"E(RIMP2 (SS))": -0.47393705029532013}, "E(RIMP2)": {"E(RIMP2)": -1.7461209549437082}, "E(RIMP2) SOS": {"E(RIMP2) SOS": -1.6538390760429045}, "Final E(HF)": {"Final E(HF)": -946.7308310329835}, "filename": "json_logs/0_d4o5xcuebv.json", "finish_time": {"time": "Thu Feb 23 11:10:27 2023\n", "total_time": 11.346152597}, "start_time": {"time": "Thu Feb 23 11:10:16 2023\n"}, "title": "/scratch/kx58/jm0124/tempJsons/0_d4o5xcuebv.json", "total_energy": {"total_energy": -948.4769519879272}}