{"E(RIMP2 (OS))": {"E(RIMP2 (OS))": -1.2713596181325517}, "E(RIMP2 (SS))": {"E(RIMP2 (SS))": -0.4733227583069005}, "E(RIMP2)": {"E(RIMP2)": -1.7446823764394521}, "E(RIMP2) SOS": {"E(RIMP2) SOS": -1.6527675035723173}, "Final E(HF)": {"Final E(HF)": -946.7317868310572}, "filename": "json_logs/0_3kv67gmxs9.json", "finish_time": {"time": "Thu Feb 23 11:07:46 2023\n", "total_time": 11.928608871}, "start_time": {"time": "Thu Feb 23 11:07:35 2023\n"}, "title": "/scratch/kx58/jm0124/tempJsons/0_3kv67gmxs9.json", "total_energy": {"total_energy": -948.4764692074967}}