{"E(RIMP2 (OS))": {"E(RIMP2 (OS))": -1.272379158654255}, "E(RIMP2 (SS))": {"E(RIMP2 (SS))": -0.47421849590839554}, "E(RIMP2)": {"E(RIMP2)": -1.7465976545626505}, "E(RIMP2) SOS": {"E(RIMP2) SOS": -1.6540929062505316}, "Final E(HF)": {"Final E(HF)": -946.7285013365341}, "filename": "json_logs/2_xxmef2zlqj.json", "finish_time": {"time": "Thu Feb 23 11:08:25 2023\n", "total_time": 10.719818525}, "start_time": {"time": "Thu Feb 23 11:08:15 2023\n"}, "title": "/scratch/kx58/jm0124/tempJsons/2_xxmef2zlqj.json", "total_energy": {"total_energy": -948.4750989910968}}