{"E(RIMP2 (OS))": {"E(RIMP2 (OS))": -1.2719483302760777}, "E(RIMP2 (SS))": {"E(RIMP2 (SS))": -0.4733301060049531}, "E(RIMP2)": {"E(RIMP2)": -1.7452784362810307}, "E(RIMP2) SOS": {"E(RIMP2) SOS": -1.6535328293589011}, "Final E(HF)": {"Final E(HF)": -946.7298052161411}, "filename": "json_logs/33_63532ychnq.json", "finish_time": {"time": "Thu Feb 23 10:55:44 2023\n", "total_time": 10.268580597}, "start_time": {"time": "Thu Feb 23 10:55:34 2023\n"}, "title": "/scratch/kx58/jm0124/tempJsons/33_63532ychnq.json", "total_energy": {"total_energy": -948.4750836524222}}