{"E(RIMP2 (OS))": {"E(RIMP2 (OS))": -1.2719572784445723}, "E(RIMP2 (SS))": {"E(RIMP2 (SS))": -0.4733316987184779}, "E(RIMP2)": {"E(RIMP2)": -1.7452889771630502}, "E(RIMP2) SOS": {"E(RIMP2) SOS": -1.653544461977944}, "Final E(HF)": {"Final E(HF)": -946.729793558127}, "filename": "json_logs/0_c7v8gd73yy.json", "finish_time": {"time": "Thu Feb 23 11:17:01 2023\n", "total_time": 10.87862924}, "start_time": {"time": "Thu Feb 23 11:16:50 2023\n"}, "title": "/scratch/kx58/jm0124/tempJsons/0_c7v8gd73yy.json", "total_energy": {"total_energy": -948.47508253529}}