{"E(RIMP2 (OS))": {"E(RIMP2 (OS))": -0.4706776770249354}, "E(RIMP2 (SS))": {"E(RIMP2 (SS))": -0.09957761002761438}, "E(RIMP2)": {"E(RIMP2)": -0.5702552870525498}, "E(RIMP2) SOS": {"E(RIMP2) SOS": -0.6118809801324161}, "Final E(HF)": {"Final E(HF)": -1451.6233382184087}, "filename": "json_logs/BC1G0KKQ04_dckn9f7g2w.json", "finish_time": {"time": "Tue Apr  4 12:16:30 2023\n", "total_time": 21.613236899}, "start_time": {"time": "Tue Apr  4 12:16:08 2023\n"}, "title": "/scratch/kx58/jm0124/tempJsons/BC1G0KKQ04_dckn9f7g2w.json", "total_energy": {"total_energy": -1452.1935935054612}}