{"E(RIMP2 (OS))": {"E(RIMP2 (OS))": -0.4706866316700934}, "E(RIMP2 (SS))": {"E(RIMP2 (SS))": -0.09958461687377101}, "E(RIMP2)": {"E(RIMP2)": -0.5702712485438644}, "E(RIMP2) SOS": {"E(RIMP2) SOS": -0.6118926211711214}, "Final E(HF)": {"Final E(HF)": -1451.6233172411075}, "filename": "json_logs/RHQWN9HD64_p3a65glfpy.json", "finish_time": {"time": "Tue Apr  4 12:36:16 2023\n", "total_time": 21.518715649999997}, "start_time": {"time": "Tue Apr  4 12:35:54 2023\n"}, "title": "/scratch/kx58/jm0124/tempJsons/RHQWN9HD64_p3a65glfpy.json", "total_energy": {"total_energy": -1452.1935884896513}}