{"E(RIMP2 (OS))": {"E(RIMP2 (OS))": -0.47069716367346437}, "E(RIMP2 (SS))": {"E(RIMP2 (SS))": -0.09954657105621664}, "E(RIMP2)": {"E(RIMP2)": -0.570243734729681}, "E(RIMP2) SOS": {"E(RIMP2) SOS": -0.6119063127755037}, "Final E(HF)": {"Final E(HF)": -1451.6230146676594}, "filename": "json_logs/JG64X6MKWP_y36imtfrlm.json", "finish_time": {"time": "Tue Apr  4 12:07:09 2023\n", "total_time": 21.738267727}, "start_time": {"time": "Tue Apr  4 12:06:47 2023\n"}, "title": "/scratch/kx58/jm0124/tempJsons/JG64X6MKWP_y36imtfrlm.json", "total_energy": {"total_energy": -1452.1932584023891}}