{"E(RIMP2 (OS))": {"E(RIMP2 (OS))": -0.47070489025186224}, "E(RIMP2 (SS))": {"E(RIMP2 (SS))": -0.09955321871610175}, "E(RIMP2)": {"E(RIMP2)": -0.570258108967964}, "E(RIMP2) SOS": {"E(RIMP2) SOS": -0.6119163573274209}, "Final E(HF)": {"Final E(HF)": -1451.6230002453717}, "filename": "json_logs/19_0vspowtken.json", "finish_time": {"time": "Tue Apr  4 12:19:49 2023\n", "total_time": 21.947458203}, "start_time": {"time": "Tue Apr  4 12:19:27 2023\n"}, "title": "/scratch/kx58/jm0124/tempJsons/19_0vspowtken.json", "total_energy": {"total_energy": -1452.1932583543398}}