{"E(RIMP2 (OS))": {"E(RIMP2 (OS))": -0.47070667803092003}, "E(RIMP2 (SS))": {"E(RIMP2 (SS))": -0.09955390571036583}, "E(RIMP2)": {"E(RIMP2)": -0.5702605837412859}, "E(RIMP2) SOS": {"E(RIMP2) SOS": -0.611918681440196}, "Final E(HF)": {"Final E(HF)": -1451.6229944845336}, "filename": "json_logs/SI5H95mr2rynf9_l1wbmb3hhr.json", "finish_time": {"time": "Tue Apr  4 12:26:11 2023\n", "total_time": 22.126491576}, "start_time": {"time": "Tue Apr  4 12:25:49 2023\n"}, "title": "/scratch/kx58/jm0124/tempJsons/SI5H95mr2rynf9_l1wbmb3hhr.json", "total_energy": {"total_energy": -1452.1932550682748}}