{"E(RIMP2 (OS))": {"E(RIMP2 (OS))": -1.4533887299087234}, "E(RIMP2 (SS))": {"E(RIMP2 (SS))": -0.5314365951883805}, "E(RIMP2)": {"E(RIMP2)": -1.9848253250971037}, "E(RIMP2) SOS": {"E(RIMP2) SOS": -1.8894053488813405}, "Final E(HF)": {"Final E(HF)": -680.472072133944}, "filename": "json_logs/96_hqxb5pgdbk.json", "finish_time": {"time": "Mon Apr  3 09:36:08 2023\n", "total_time": 8.481467634000001}, "start_time": {"time": "Mon Apr  3 09:35:59 2023\n"}, "title": "/scratch/kx58/jm0124/tempJsons/96_hqxb5pgdbk.json", "total_energy": {"total_energy": -682.4568974590411}}