{"E(RIMP2 (OS))": {"E(RIMP2 (OS))": -1.448940474198995}, "E(RIMP2 (SS))": {"E(RIMP2 (SS))": -0.5280562901038207}, "E(RIMP2)": {"E(RIMP2)": -1.976996764302816}, "E(RIMP2) SOS": {"E(RIMP2) SOS": -1.8836226164586936}, "Final E(HF)": {"Final E(HF)": -680.4765196762198}, "filename": "json_logs/93_rdulcbthi8.json", "finish_time": {"time": "Mon Apr  3 10:03:46 2023\n", "total_time": 7.262531689}, "start_time": {"time": "Mon Apr  3 10:03:39 2023\n"}, "title": "/scratch/kx58/jm0124/tempJsons/93_rdulcbthi8.json", "total_energy": {"total_energy": -682.4535164405227}}