{"E(RIMP2 (OS))": {"E(RIMP2 (OS))": -1.4520637260550167}, "E(RIMP2 (SS))": {"E(RIMP2 (SS))": -0.5300374379208981}, "E(RIMP2)": {"E(RIMP2)": -1.9821011639759147}, "E(RIMP2) SOS": {"E(RIMP2) SOS": -1.8876828438715216}, "Final E(HF)": {"Final E(HF)": -680.4710857502312}, "filename": "json_logs/23_zdpprxkddj.json", "finish_time": {"time": "Mon Apr  3 09:39:31 2023\n", "total_time": 6.988500366}, "start_time": {"time": "Mon Apr  3 09:39:24 2023\n"}, "title": "/scratch/kx58/jm0124/tempJsons/23_zdpprxkddj.json", "total_energy": {"total_energy": -682.4531869142071}}