{"E(RIMP2 (OS))": {"E(RIMP2 (OS))": -1.4508097943351972}, "E(RIMP2 (SS))": {"E(RIMP2 (SS))": -0.5290076393863524}, "E(RIMP2)": {"E(RIMP2)": -1.9798174337215495}, "E(RIMP2) SOS": {"E(RIMP2) SOS": -1.8860527326357563}, "Final E(HF)": {"Final E(HF)": -680.4717373697364}, "filename": "json_logs/53_su7tji1wer.json", "finish_time": {"time": "Mon Apr  3 09:36:12 2023\n", "total_time": 7.160307616}, "start_time": {"time": "Mon Apr  3 09:36:05 2023\n"}, "title": "/scratch/kx58/jm0124/tempJsons/53_su7tji1wer.json", "total_energy": {"total_energy": -682.451554803458}}