{"E(RIMP2 (OS))": {"E(RIMP2 (OS))": -1.4527209012959688}, "E(RIMP2 (SS))": {"E(RIMP2 (SS))": -0.5300867790713166}, "E(RIMP2)": {"E(RIMP2)": -1.9828076803672854}, "E(RIMP2) SOS": {"E(RIMP2) SOS": -1.8885371716847594}, "Final E(HF)": {"Final E(HF)": -680.4687299116684}, "filename": "json_logs/84_49ermxr30l.json", "finish_time": {"time": "Mon Apr  3 09:53:01 2023\n", "total_time": 7.016910503}, "start_time": {"time": "Mon Apr  3 09:52:54 2023\n"}, "title": "/scratch/kx58/jm0124/tempJsons/84_49ermxr30l.json", "total_energy": {"total_energy": -682.4515375920357}}