{"E(RIMP2 (OS))": {"E(RIMP2 (OS))": -0.7430415638703709}, "E(RIMP2 (SS))": {"E(RIMP2 (SS))": -0.24203983402793955}, "E(RIMP2)": {"E(RIMP2)": -0.9850813978983104}, "E(RIMP2) SOS": {"E(RIMP2) SOS": -0.9659540330314822}, "Final E(HF)": {"Final E(HF)": -307.02772153766716}, "filename": "json_logs/B11-327.27272727272725_kc27vnuwqt.json", "finish_time": {"time": "Tue Apr  4 06:36:38 2023\n", "total_time": 6.882515108}, "start_time": {"time": "Tue Apr  4 06:36:31 2023\n"}, "title": "/scratch/kx58/jm0124/tempJsons/B11-327.27272727272725_kc27vnuwqt.json", "total_energy": {"total_energy": -308.01280293556545}}