{"E(RIMP2 (OS))": {"E(RIMP2 (OS))": -0.7430469938438892}, "E(RIMP2 (SS))": {"E(RIMP2 (SS))": -0.24204195162819614}, "E(RIMP2)": {"E(RIMP2)": -0.9850889454720853}, "E(RIMP2) SOS": {"E(RIMP2) SOS": -0.9659610919970559}, "Final E(HF)": {"Final E(HF)": -307.027698860846}, "filename": "json_logs/8G3JNM91Z9_3mapmwrec5.json", "finish_time": {"time": "Tue Apr  4 07:14:31 2023\n", "total_time": 7.779526898}, "start_time": {"time": "Tue Apr  4 07:14:23 2023\n"}, "title": "/scratch/kx58/jm0124/tempJsons/8G3JNM91Z9_3mapmwrec5.json", "total_energy": {"total_energy": -308.0127878063181}}