{"E(RIMP2 (OS))": {"E(RIMP2 (OS))": -0.7425257741480691}, "E(RIMP2 (SS))": {"E(RIMP2 (SS))": -0.2415377420902411}, "E(RIMP2)": {"E(RIMP2)": -0.9840635162383102}, "E(RIMP2) SOS": {"E(RIMP2) SOS": -0.9652835063924898}, "Final E(HF)": {"Final E(HF)": -307.0279171013478}, "filename": "json_logs/P5UWOYIWHK_p5mw9b0mu0.json", "finish_time": {"time": "Tue Apr  4 07:06:14 2023\n", "total_time": 8.317976574000001}, "start_time": {"time": "Tue Apr  4 07:06:06 2023\n"}, "title": "/scratch/kx58/jm0124/tempJsons/P5UWOYIWHK_p5mw9b0mu0.json", "total_energy": {"total_energy": -308.0119806175861}}