{"E(RIMP2 (OS))": {"E(RIMP2 (OS))": -0.7425265138330233}, "E(RIMP2 (SS))": {"E(RIMP2 (SS))": -0.24153910768872316}, "E(RIMP2)": {"E(RIMP2)": -0.9840656215217465}, "E(RIMP2) SOS": {"E(RIMP2) SOS": -0.9652844679829302}, "Final E(HF)": {"Final E(HF)": -307.02791451406483}, "filename": "json_logs/0GEL0VMYCH_8mymkqvs5d.json", "finish_time": {"time": "Tue Apr  4 07:00:33 2023\n", "total_time": 8.149826251}, "start_time": {"time": "Tue Apr  4 07:00:25 2023\n"}, "title": "/scratch/kx58/jm0124/tempJsons/0GEL0VMYCH_8mymkqvs5d.json", "total_energy": {"total_energy": -308.01198013558655}}