{"E(RIMP2 (OS))": {"E(RIMP2 (OS))": -0.7432880149410007}, "E(RIMP2 (SS))": {"E(RIMP2 (SS))": -0.24202894931365504}, "E(RIMP2)": {"E(RIMP2)": -0.9853169642546558}, "E(RIMP2) SOS": {"E(RIMP2) SOS": -0.966274419423301}, "Final E(HF)": {"Final E(HF)": -307.0249424165986}, "filename": "json_logs/H80CW3Q3QD_8wm6z2ihnk.json", "finish_time": {"time": "Tue Apr  4 06:38:56 2023\n", "total_time": 7.9337855600000005}, "start_time": {"time": "Tue Apr  4 06:38:48 2023\n"}, "title": "/scratch/kx58/jm0124/tempJsons/H80CW3Q3QD_8wm6z2ihnk.json", "total_energy": {"total_energy": -308.01025938085326}}