{"E(RIMP2 (OS))": {"E(RIMP2 (OS))": -1.27208471213725}, "E(RIMP2 (SS))": {"E(RIMP2 (SS))": -0.47412291201486495}, "E(RIMP2)": {"E(RIMP2)": -1.746207624152115}, "E(RIMP2) SOS": {"E(RIMP2) SOS": -1.653710125778425}, "Final E(HF)": {"Final E(HF)": -946.7325902142563}, "filename": "json_logs/1_tuyv2a0ohl.json", "finish_time": {"time": "Thu Feb 23 12:26:01 2023\n", "total_time": 14.387376494}, "start_time": {"time": "Thu Feb 23 12:25:47 2023\n"}, "title": "/scratch/kx58/jm0124/tempJsons/1_tuyv2a0ohl.json", "total_energy": {"total_energy": -948.4787978384085}}