{"E(RIMP2 (OS))": {"E(RIMP2 (OS))": -1.2720770208162921}, "E(RIMP2 (SS))": {"E(RIMP2 (SS))": -0.4741216437243977}, "E(RIMP2)": {"E(RIMP2)": -1.7461986645406897}, "E(RIMP2) SOS": {"E(RIMP2) SOS": -1.6537001270611797}, "Final E(HF)": {"Final E(HF)": -946.7325845844206}, "filename": "json_logs/33_v12xqnqdtx.json", "finish_time": {"time": "Thu Feb 23 12:00:24 2023\n", "total_time": 15.230408063999999}, "start_time": {"time": "Thu Feb 23 12:00:09 2023\n"}, "title": "/scratch/kx58/jm0124/tempJsons/33_v12xqnqdtx.json", "total_energy": {"total_energy": -948.4787832489612}}