{"E(RIMP2 (OS))": {"E(RIMP2 (OS))": -1.2712822326987503}, "E(RIMP2 (SS))": {"E(RIMP2 (SS))": -0.47353551164564806}, "E(RIMP2)": {"E(RIMP2)": -1.7448177443443984}, "E(RIMP2) SOS": {"E(RIMP2) SOS": -1.6526669025083753}, "Final E(HF)": {"Final E(HF)": -946.7332472757466}, "filename": "json_logs/PEZ-ngpus8-2-135.0_j05sxk9al7.json", "finish_time": {"time": "Thu Feb 23 12:09:58 2023\n", "total_time": 14.135992429}, "start_time": {"time": "Thu Feb 23 12:09:44 2023\n"}, "title": "/scratch/kx58/jm0124/tempJsons/PEZ-ngpus8-2-135.0_j05sxk9al7.json", "total_energy": {"total_energy": -948.478065020091}}