{"E(RIMP2 (OS))": {"E(RIMP2 (OS))": -1.2712960903236197}, "E(RIMP2 (SS))": {"E(RIMP2 (SS))": -0.4735448865071228}, "E(RIMP2)": {"E(RIMP2)": -1.7448409768307425}, "E(RIMP2) SOS": {"E(RIMP2) SOS": -1.6526849174207057}, "Final E(HF)": {"Final E(HF)": -946.7331813266068}, "filename": "json_logs/1_ci9ool70ol.json", "finish_time": {"time": "Thu Feb 23 12:24:00 2023\n", "total_time": 13.42807385}, "start_time": {"time": "Thu Feb 23 12:23:47 2023\n"}, "title": "/scratch/kx58/jm0124/tempJsons/1_ci9ool70ol.json", "total_energy": {"total_energy": -948.4780223034376}}