{"E(RIMP2 (OS))": {"E(RIMP2 (OS))": -1.272006258583383}, "E(RIMP2 (SS))": {"E(RIMP2 (SS))": -0.4741136454720916}, "E(RIMP2)": {"E(RIMP2)": -1.7461199040554745}, "E(RIMP2) SOS": {"E(RIMP2) SOS": -1.6536081361583979}, "Final E(HF)": {"Final E(HF)": -946.7285903822328}, "filename": "json_logs/1_12ydmaalhp.json", "finish_time": {"time": "Thu Feb 23 12:02:19 2023\n", "total_time": 11.763761756000001}, "start_time": {"time": "Thu Feb 23 12:02:08 2023\n"}, "title": "/scratch/kx58/jm0124/tempJsons/1_12ydmaalhp.json", "total_energy": {"total_energy": -948.4747102862883}}