{"E(RIMP2 (OS))": {"E(RIMP2 (OS))": -1.2719454847699818}, "E(RIMP2 (SS))": {"E(RIMP2 (SS))": -0.473328154605104}, "E(RIMP2)": {"E(RIMP2)": -1.7452736393750858}, "E(RIMP2) SOS": {"E(RIMP2) SOS": -1.6535291302009765}, "Final E(HF)": {"Final E(HF)": -946.7298017934903}, "filename": "json_logs/1_k78u8b47si.json", "finish_time": {"time": "Thu Feb 23 12:09:56 2023\n", "total_time": 13.077809148}, "start_time": {"time": "Thu Feb 23 12:09:43 2023\n"}, "title": "/scratch/kx58/jm0124/tempJsons/1_k78u8b47si.json", "total_energy": {"total_energy": -948.4750754328654}}