{"E(RIMP2 (OS))": {"E(RIMP2 (OS))": -1.271950641009588}, "E(RIMP2 (SS))": {"E(RIMP2 (SS))": -0.47332942900382946}, "E(RIMP2)": {"E(RIMP2)": -1.7452800700134175}, "E(RIMP2) SOS": {"E(RIMP2) SOS": -1.6535358333124643}, "Final E(HF)": {"Final E(HF)": -946.7297708423403}, "filename": "json_logs/PEZ-ngpus8-2-315.0_17lqlpflbq.json", "finish_time": {"time": "Thu Feb 23 12:12:58 2023\n", "total_time": 9.880788048000001}, "start_time": {"time": "Thu Feb 23 12:12:48 2023\n"}, "title": "/scratch/kx58/jm0124/tempJsons/PEZ-ngpus8-2-315.0_17lqlpflbq.json", "total_energy": {"total_energy": -948.4750509123536}}