{"E(RIMP2 (OS))": {"E(RIMP2 (OS))": -1.2720473501793328}, "E(RIMP2 (SS))": {"E(RIMP2 (SS))": -0.4741454358491094}, "E(RIMP2)": {"E(RIMP2)": -1.746192786028442}, "E(RIMP2) SOS": {"E(RIMP2) SOS": -1.6536615552331326}, "Final E(HF)": {"Final E(HF)": -946.7284333453586}, "filename": "json_logs/PEZ-ngpus8-2-135.0_iy7fvjmc8z.json", "finish_time": {"time": "Thu Feb 23 12:03:46 2023\n", "total_time": 14.031698945}, "start_time": {"time": "Thu Feb 23 12:03:32 2023\n"}, "title": "/scratch/kx58/jm0124/tempJsons/PEZ-ngpus8-2-135.0_iy7fvjmc8z.json", "total_energy": {"total_energy": -948.474626131387}}