{"E(RIMP2 (OS))": {"E(RIMP2 (OS))": -1.2723810288036188}, "E(RIMP2 (SS))": {"E(RIMP2 (SS))": -0.47436159739282857}, "E(RIMP2)": {"E(RIMP2)": -1.7467426261964474}, "E(RIMP2) SOS": {"E(RIMP2) SOS": -1.6540953374447045}, "Final E(HF)": {"Final E(HF)": -946.727913637333}, "filename": "json_logs/1_3y5f6yngzh.json", "finish_time": {"time": "Thu Feb 23 12:04:41 2023\n", "total_time": 13.282080204}, "start_time": {"time": "Thu Feb 23 12:04:27 2023\n"}, "title": "/scratch/kx58/jm0124/tempJsons/1_3y5f6yngzh.json", "total_energy": {"total_energy": -948.4746562635294}}