{"E(RIMP2 (OS))": {"E(RIMP2 (OS))": -1.2723803904537876}, "E(RIMP2 (SS))": {"E(RIMP2 (SS))": -0.4743607799733632}, "E(RIMP2)": {"E(RIMP2)": -1.7467411704271507}, "E(RIMP2) SOS": {"E(RIMP2) SOS": -1.6540945075899238}, "Final E(HF)": {"Final E(HF)": -946.7279068644859}, "filename": "json_logs/PEZ-ngpus8-2-135.0_era3go5en2.json", "finish_time": {"time": "Thu Feb 23 12:01:54 2023\n", "total_time": 11.324404713}, "start_time": {"time": "Thu Feb 23 12:01:43 2023\n"}, "title": "/scratch/kx58/jm0124/tempJsons/PEZ-ngpus8-2-135.0_era3go5en2.json", "total_energy": {"total_energy": -948.4746480349131}}