{"E(RIMP2 (OS))": {"E(RIMP2 (OS))": -0.24276790445098298}, "E(RIMP2 (SS))": {"E(RIMP2 (SS))": -0.03165361312928911}, "E(RIMP2)": {"E(RIMP2)": -0.2744215175802721}, "E(RIMP2) SOS": {"E(RIMP2) SOS": -0.31559827578627786}, "Final E(HF)": {"Final E(HF)": -303.11984608516315}, "filename": "json_logs/2S3XYT8XX2_6yxd5pq5qw.json", "finish_time": {"time": "Fri Feb  3 20:20:06 2023\n", "total_time": 2.4602564520000003}, "start_time": {"time": "Fri Feb  3 20:20:03 2023\n"}, "title": "/scratch/kx58/jm0124/tempJsons/2S3XYT8XX2_6yxd5pq5qw.json", "total_energy": {"total_energy": -303.3942676027434}}