{"E(RIMP2 (OS))": {"E(RIMP2 (OS))": -0.24156737689245988}, "E(RIMP2 (SS))": {"E(RIMP2 (SS))": -0.03073710339509375}, "E(RIMP2)": {"E(RIMP2)": -0.2723044802875536}, "E(RIMP2) SOS": {"E(RIMP2) SOS": -0.31403758996019787}, "Final E(HF)": {"Final E(HF)": -303.11429313005306}, "filename": "json_logs/5_r1gjz565lf.json", "finish_time": {"time": "Fri Feb  3 20:15:54 2023\n", "total_time": 3.054026789}, "start_time": {"time": "Fri Feb  3 20:15:52 2023\n"}, "title": "/scratch/kx58/jm0124/tempJsons/5_r1gjz565lf.json", "total_energy": {"total_energy": -303.38659761034063}}