{"E(RIMP2 (OS))": {"E(RIMP2 (OS))": -0.2423474838152486}, "E(RIMP2 (SS))": {"E(RIMP2 (SS))": -0.031077084530431575}, "E(RIMP2)": {"E(RIMP2)": -0.2734245683456802}, "E(RIMP2) SOS": {"E(RIMP2) SOS": -0.3150517289598232}, "Final E(HF)": {"Final E(HF)": -303.1132910215297}, "filename": "json_logs/03I1SMX62C_82g4yjvcls.json", "finish_time": {"time": "Fri Feb  3 20:24:44 2023\n", "total_time": 2.354800521}, "start_time": {"time": "Fri Feb  3 20:24:42 2023\n"}, "title": "/scratch/kx58/jm0124/tempJsons/03I1SMX62C_82g4yjvcls.json", "total_energy": {"total_energy": -303.38671558987534}}