{"E(RIMP2 (OS))": {"E(RIMP2 (OS))": -0.2413743881677667}, "E(RIMP2 (SS))": {"E(RIMP2 (SS))": -0.03055170020383466}, "E(RIMP2)": {"E(RIMP2)": -0.27192608837160137}, "E(RIMP2) SOS": {"E(RIMP2) SOS": -0.3137867046180967}, "Final E(HF)": {"Final E(HF)": -303.11437321590137}, "filename": "json_logs/B11-163.63636363636363_ywv2r2q229.json", "finish_time": {"time": "Fri Feb  3 20:13:41 2023\n", "total_time": 3.666985293}, "start_time": {"time": "Fri Feb  3 20:13:38 2023\n"}, "title": "/scratch/kx58/jm0124/tempJsons/B11-163.63636363636363_ywv2r2q229.json", "total_energy": {"total_energy": -303.38629930427294}}