{"E(RIMP2 (OS))": {"E(RIMP2 (OS))": -0.24182429581762716}, "E(RIMP2 (SS))": {"E(RIMP2 (SS))": -0.030816207552881038}, "E(RIMP2)": {"E(RIMP2)": -0.2726405033705082}, "E(RIMP2) SOS": {"E(RIMP2) SOS": -0.3143715845629153}, "Final E(HF)": {"Final E(HF)": -303.11329152523047}, "filename": "json_logs/ND3WINV6D8_j82b2hcfj4.json", "finish_time": {"time": "Fri Feb  3 20:20:05 2023\n", "total_time": 2.506369353}, "start_time": {"time": "Fri Feb  3 20:20:02 2023\n"}, "title": "/scratch/kx58/jm0124/tempJsons/ND3WINV6D8_j82b2hcfj4.json", "total_energy": {"total_energy": -303.385932028601}}