{"E(RIMP2 (OS))": {"E(RIMP2 (OS))": -0.2419281034919525}, "E(RIMP2 (SS))": {"E(RIMP2 (SS))": -0.030824546592281666}, "E(RIMP2)": {"E(RIMP2)": -0.27275265008423416}, "E(RIMP2) SOS": {"E(RIMP2) SOS": -0.31450653453953825}, "Final E(HF)": {"Final E(HF)": -303.1131279627903}, "filename": "json_logs/KM89S1MXP5_zfk33ilc94.json", "finish_time": {"time": "Fri Feb  3 20:20:07 2023\n", "total_time": 2.275164724}, "start_time": {"time": "Fri Feb  3 20:20:05 2023\n"}, "title": "/scratch/kx58/jm0124/tempJsons/KM89S1MXP5_zfk33ilc94.json", "total_energy": {"total_energy": -303.38588061287453}}