{"E(RIMP2 (OS))": {"E(RIMP2 (OS))": -0.2419166569119246}, "E(RIMP2 (SS))": {"E(RIMP2 (SS))": -0.030822588649209847}, "E(RIMP2)": {"E(RIMP2)": -0.27273924556113444}, "E(RIMP2) SOS": {"E(RIMP2) SOS": -0.314491653985502}, "Final E(HF)": {"Final E(HF)": -303.1131294714393}, "filename": "json_logs/BDKDIJGUJI_ijtmvc7ay2.json", "finish_time": {"time": "Fri Feb  3 20:24:40 2023\n", "total_time": 3.046595592}, "start_time": {"time": "Fri Feb  3 20:24:37 2023\n"}, "title": "/scratch/kx58/jm0124/tempJsons/BDKDIJGUJI_ijtmvc7ay2.json", "total_energy": {"total_energy": -303.38586871700045}}