{"E(RIMP2 (OS))": {"E(RIMP2 (OS))": -0.24171869941956944}, "E(RIMP2 (SS))": {"E(RIMP2 (SS))": -0.030845569390824903}, "E(RIMP2)": {"E(RIMP2)": -0.27256426881039436}, "E(RIMP2) SOS": {"E(RIMP2) SOS": -0.31423430924544027}, "Final E(HF)": {"Final E(HF)": -303.1131460076564}, "filename": "json_logs/IQG93TRO30_kl1ouft6xo.json", "finish_time": {"time": "Fri Feb  3 20:22:49 2023\n", "total_time": 2.279382463}, "start_time": {"time": "Fri Feb  3 20:22:47 2023\n"}, "title": "/scratch/kx58/jm0124/tempJsons/IQG93TRO30_kl1ouft6xo.json", "total_energy": {"total_energy": -303.38571027646674}}