{"E(RIMP2 (OS))": {"E(RIMP2 (OS))": -0.24134087947671157}, "E(RIMP2 (SS))": {"E(RIMP2 (SS))": -0.030546480645731375}, "E(RIMP2)": {"E(RIMP2)": -0.27188736012244297}, "E(RIMP2) SOS": {"E(RIMP2) SOS": -0.313743143319725}, "Final E(HF)": {"Final E(HF)": -303.113552011959}, "filename": "json_logs/B11-0.0_4d23gprrjk.json", "finish_time": {"time": "Fri Feb  3 20:19:16 2023\n", "total_time": 2.313404026}, "start_time": {"time": "Fri Feb  3 20:19:14 2023\n"}, "title": "/scratch/kx58/jm0124/tempJsons/B11-0.0_4d23gprrjk.json", "total_energy": {"total_energy": -303.3854393720814}}