{"E(RIMP2 (OS))": {"E(RIMP2 (OS))": -0.24134325175015414}, "E(RIMP2 (SS))": {"E(RIMP2 (SS))": -0.03054625258977848}, "E(RIMP2)": {"E(RIMP2)": -0.27188950433993264}, "E(RIMP2) SOS": {"E(RIMP2) SOS": -0.3137462272752004}, "Final E(HF)": {"Final E(HF)": -303.11354930513454}, "filename": "json_logs/2S3XYT8XX2_1hq3u6ewn1.json", "finish_time": {"time": "Fri Feb  3 20:21:51 2023\n", "total_time": 2.2282720129999998}, "start_time": {"time": "Fri Feb  3 20:21:49 2023\n"}, "title": "/scratch/kx58/jm0124/tempJsons/2S3XYT8XX2_1hq3u6ewn1.json", "total_energy": {"total_energy": -303.38543880947446}}