{"E(RIMP2 (OS))": {"E(RIMP2 (OS))": -0.2415679003491495}, "E(RIMP2 (SS))": {"E(RIMP2 (SS))": -0.03061652383106441}, "E(RIMP2)": {"E(RIMP2)": -0.2721844241802139}, "E(RIMP2) SOS": {"E(RIMP2) SOS": -0.3140382704538943}, "Final E(HF)": {"Final E(HF)": -303.1132235167474}, "filename": "json_logs/B11-0.0_w1hrk0hw1m.json", "finish_time": {"time": "Fri Feb  3 20:13:41 2023\n", "total_time": 2.308555032}, "start_time": {"time": "Fri Feb  3 20:13:39 2023\n"}, "title": "/scratch/kx58/jm0124/tempJsons/B11-0.0_w1hrk0hw1m.json", "total_energy": {"total_energy": -303.38540794092756}}