{"E(RIMP2 (OS))": {"E(RIMP2 (OS))": -0.2427627231145082}, "E(RIMP2 (SS))": {"E(RIMP2 (SS))": -0.03165132367979081}, "E(RIMP2)": {"E(RIMP2)": -0.274414046794299}, "E(RIMP2) SOS": {"E(RIMP2) SOS": -0.31559154004886064}, "Final E(HF)": {"Final E(HF)": -303.1198427110186}, "filename": "json_logs/NU3MC59LQM_guumlhtxq0.json", "finish_time": {"time": "Fri Feb  3 20:23:45 2023\n", "total_time": 2.312886208}, "start_time": {"time": "Fri Feb  3 20:23:43 2023\n"}, "title": "/scratch/kx58/jm0124/tempJsons/NU3MC59LQM_guumlhtxq0.json", "total_energy": {"total_energy": -303.39425675781285}}