{"E(RIMP2 (OS))": {"E(RIMP2 (OS))": -0.2429947640268155}, "E(RIMP2 (SS))": {"E(RIMP2 (SS))": -0.03148857622181316}, "E(RIMP2)": {"E(RIMP2)": -0.27448334024862864}, "E(RIMP2) SOS": {"E(RIMP2) SOS": -0.31589319323486015}, "Final E(HF)": {"Final E(HF)": -303.11635900678}, "filename": "json_logs/ND3WINV6D8_9r9xb28ehx.json", "finish_time": {"time": "Fri Feb  3 20:21:00 2023\n", "total_time": 2.23086333}, "start_time": {"time": "Fri Feb  3 20:20:58 2023\n"}, "title": "/scratch/kx58/jm0124/tempJsons/ND3WINV6D8_9r9xb28ehx.json", "total_energy": {"total_energy": -303.39084234702864}}