{"E(RIMP2 (OS))": {"E(RIMP2 (OS))": -0.2429908801195815}, "E(RIMP2 (SS))": {"E(RIMP2 (SS))": -0.03148682085878174}, "E(RIMP2)": {"E(RIMP2)": -0.2744777009783632}, "E(RIMP2) SOS": {"E(RIMP2) SOS": -0.31588814415545596}, "Final E(HF)": {"Final E(HF)": -303.11636123255164}, "filename": "json_logs/03I1SMX62C_d2b26ywh6i.json", "finish_time": {"time": "Fri Feb  3 20:25:39 2023\n", "total_time": 2.5827146610000002}, "start_time": {"time": "Fri Feb  3 20:25:37 2023\n"}, "title": "/scratch/kx58/jm0124/tempJsons/03I1SMX62C_d2b26ywh6i.json", "total_energy": {"total_energy": -303.39083893353}}