{"E(RIMP2 (OS))": {"E(RIMP2 (OS))": -0.24203666511101293}, "E(RIMP2 (SS))": {"E(RIMP2 (SS))": -0.031122158917770544}, "E(RIMP2)": {"E(RIMP2)": -0.2731588240287835}, "E(RIMP2) SOS": {"E(RIMP2) SOS": -0.3146476646443168}, "Final E(HF)": {"Final E(HF)": -303.11699783064023}, "filename": "json_logs/B11-0.0_kion5dujeg.json", "finish_time": {"time": "Fri Feb  3 20:17:31 2023\n", "total_time": 3.020697982}, "start_time": {"time": "Fri Feb  3 20:17:28 2023\n"}, "title": "/scratch/kx58/jm0124/tempJsons/B11-0.0_kion5dujeg.json", "total_energy": {"total_energy": -303.390156654669}}