{"E(RIMP2 (OS))": {"E(RIMP2 (OS))": -0.24257556581358405}, "E(RIMP2 (SS))": {"E(RIMP2 (SS))": -0.03142976633299431}, "E(RIMP2)": {"E(RIMP2)": -0.27400533214657835}, "E(RIMP2) SOS": {"E(RIMP2) SOS": -0.3153482355576593}, "Final E(HF)": {"Final E(HF)": -303.11468816767615}, "filename": "json_logs/EH8XIXTGEW_zgpm5pn5hr.json", "finish_time": {"time": "Fri Feb  3 20:24:44 2023\n", "total_time": 2.229514232}, "start_time": {"time": "Fri Feb  3 20:24:42 2023\n"}, "title": "/scratch/kx58/jm0124/tempJsons/EH8XIXTGEW_zgpm5pn5hr.json", "total_energy": {"total_energy": -303.38869349982275}}