{"E(RIMP2 (OS))": {"E(RIMP2 (OS))": -0.24171810659892304}, "E(RIMP2 (SS))": {"E(RIMP2 (SS))": -0.030769443786168214}, "E(RIMP2)": {"E(RIMP2)": -0.27248755038509126}, "E(RIMP2) SOS": {"E(RIMP2) SOS": -0.3142335385786}, "Final E(HF)": {"Final E(HF)": -303.11490494083614}, "filename": "json_logs/ND3WINV6D8_da79n1zzam.json", "finish_time": {"time": "Fri Feb  3 20:21:00 2023\n", "total_time": 2.2897754150000003}, "start_time": {"time": "Fri Feb  3 20:20:58 2023\n"}, "title": "/scratch/kx58/jm0124/tempJsons/ND3WINV6D8_da79n1zzam.json", "total_energy": {"total_energy": -303.3873924912212}}