{"E(RIMP2 (OS))": {"E(RIMP2 (OS))": -0.2416157801960216}, "E(RIMP2 (SS))": {"E(RIMP2 (SS))": -0.030756784809522413}, "E(RIMP2)": {"E(RIMP2)": -0.272372565005544}, "E(RIMP2) SOS": {"E(RIMP2) SOS": -0.3141005142548281}, "Final E(HF)": {"Final E(HF)": -303.1147465006619}, "filename": "json_logs/P2HJF77WTK_lxe1w2mrp0.json", "finish_time": {"time": "Fri Feb  3 20:16:43 2023\n", "total_time": 2.959191412}, "start_time": {"time": "Fri Feb  3 20:16:40 2023\n"}, "title": "/scratch/kx58/jm0124/tempJsons/P2HJF77WTK_lxe1w2mrp0.json", "total_energy": {"total_energy": -303.38711906566743}}