{"E(RIMP2 (OS))": {"E(RIMP2 (OS))": -0.241605752809176}, "E(RIMP2 (SS))": {"E(RIMP2 (SS))": -0.030754427090912178}, "E(RIMP2)": {"E(RIMP2)": -0.2723601799000882}, "E(RIMP2) SOS": {"E(RIMP2) SOS": -0.3140874786519288}, "Final E(HF)": {"Final E(HF)": -303.1147388567352}, "filename": "json_logs/0_218c2klxgk.json", "finish_time": {"time": "Fri Feb  3 20:15:13 2023\n", "total_time": 2.298960004}, "start_time": {"time": "Fri Feb  3 20:15:11 2023\n"}, "title": "/scratch/kx58/jm0124/tempJsons/0_218c2klxgk.json", "total_energy": {"total_energy": -303.3870990366353}}