{"E(RIMP2 (OS))": {"E(RIMP2 (OS))": -0.24161195386251588}, "E(RIMP2 (SS))": {"E(RIMP2 (SS))": -0.030755370638820632}, "E(RIMP2)": {"E(RIMP2)": -0.2723673245013365}, "E(RIMP2) SOS": {"E(RIMP2) SOS": -0.31409554002127066}, "Final E(HF)": {"Final E(HF)": -303.1144164392718}, "filename": "json_logs/JO4JHDGGQ4_o5uv5ulh4o.json", "finish_time": {"time": "Fri Feb  3 20:22:46 2023\n", "total_time": 2.298824551}, "start_time": {"time": "Fri Feb  3 20:22:44 2023\n"}, "title": "/scratch/kx58/jm0124/tempJsons/JO4JHDGGQ4_o5uv5ulh4o.json", "total_energy": {"total_energy": -303.3867837637731}}