{"E(RIMP2 (OS))": {"E(RIMP2 (OS))": -6.896594315017546}, "E(RIMP2 (SS))": {"E(RIMP2 (SS))": -2.6614009091082775}, "E(RIMP2)": {"E(RIMP2)": -9.557995224125824}, "E(RIMP2) SOS": {"E(RIMP2) SOS": -8.965572609522809}, "Final E(HF)": {"Final E(HF)": -4221.688115639659}, "filename": "json_logs/UCC-ngpus4-0_0.json", "finish_time": {"time": "Tue Feb 28 14:00:15 2023\n", "total_time": 113.495355257}, "start_time": {"time": "Tue Feb 28 13:58:22 2023\n"}, "title": "/scratch/kx58/jm0124/tempJsons/UCC-ngpus4-0_0.json", "total_energy": {"total_energy": -4231.246110863785}}