{"E(RIMP2 (OS))": {"E(RIMP2 (OS))": -6.957698813690051}, "E(RIMP2 (SS))": {"E(RIMP2 (SS))": -2.676383841306143}, "E(RIMP2)": {"E(RIMP2)": -9.634082654996194}, "E(RIMP2) SOS": {"E(RIMP2) SOS": -9.045008457797067}, "Final E(HF)": {"Final E(HF)": -4221.660482727893}, "filename": "json_logs/UCC-ngpus4-0_5.json", "finish_time": {"time": "Tue Feb 28 13:59:49 2023\n", "total_time": 99.933098039}, "start_time": {"time": "Tue Feb 28 13:58:09 2023\n"}, "title": "/scratch/kx58/jm0124/tempJsons/UCC-ngpus4-0_5.json", "total_energy": {"total_energy": -4231.294565382889}}