{"E(RIMP2 (OS))": {"E(RIMP2 (OS))": -6.946865980662517}, "E(RIMP2 (SS))": {"E(RIMP2 (SS))": -2.677038746119296}, "E(RIMP2)": {"E(RIMP2)": -9.623904726781813}, "E(RIMP2) SOS": {"E(RIMP2) SOS": -9.030925774861272}, "Final E(HF)": {"Final E(HF)": -4221.641955749163}, "filename": "json_logs/UCC-ngpus4-0_8.json", "finish_time": {"time": "Tue Feb 28 13:58:26 2023\n", "total_time": 121.951194123}, "start_time": {"time": "Tue Feb 28 13:56:24 2023\n"}, "title": "/scratch/kx58/jm0124/tempJsons/UCC-ngpus4-0_8.json", "total_energy": {"total_energy": -4231.2658604759445}}