{"E(RIMP2 (OS))": {"E(RIMP2 (OS))": -6.985732709961888}, "E(RIMP2 (SS))": {"E(RIMP2 (SS))": -2.683226610160658}, "E(RIMP2)": {"E(RIMP2)": -9.668959320122546}, "E(RIMP2) SOS": {"E(RIMP2) SOS": -9.081452522950455}, "Final E(HF)": {"Final E(HF)": -4221.654792151521}, "filename": "json_logs/UCC-ngpus4-0_9.json", "finish_time": {"time": "Tue Feb 28 13:58:06 2023\n", "total_time": 110.54991434600001}, "start_time": {"time": "Tue Feb 28 13:56:16 2023\n"}, "title": "/scratch/kx58/jm0124/tempJsons/UCC-ngpus4-0_9.json", "total_energy": {"total_energy": -4231.323751471644}}