{"E(RIMP2 (OS))": {"E(RIMP2 (OS))": -6.8824829471641875}, "E(RIMP2 (SS))": {"E(RIMP2 (SS))": -2.650140677826922}, "E(RIMP2)": {"E(RIMP2)": -9.53262362499111}, "E(RIMP2) SOS": {"E(RIMP2) SOS": -8.947227831313445}, "Final E(HF)": {"Final E(HF)": -4221.683951242065}, "filename": "json_logs/UCC-ngpus4-0_10.json", "finish_time": {"time": "Tue Feb 28 13:58:34 2023\n", "total_time": 139.64912001399998}, "start_time": {"time": "Tue Feb 28 13:56:14 2023\n"}, "title": "/scratch/kx58/jm0124/tempJsons/UCC-ngpus4-0_10.json", "total_energy": {"total_energy": -4231.216574867056}}