{"E(RIMP2 (OS))": {"E(RIMP2 (OS))": -6.958157692280863}, "E(RIMP2 (SS))": {"E(RIMP2 (SS))": -2.679356884214249}, "E(RIMP2)": {"E(RIMP2)": -9.63751457649511}, "E(RIMP2) SOS": {"E(RIMP2) SOS": -9.045604999965121}, "Final E(HF)": {"Final E(HF)": -4221.681784562059}, "filename": "json_logs/UCC-ngpus4-0_16.json", "finish_time": {"time": "Tue Feb 28 13:58:19 2023\n", "total_time": 129.995244852}, "start_time": {"time": "Tue Feb 28 13:56:09 2023\n"}, "title": "/scratch/kx58/jm0124/tempJsons/UCC-ngpus4-0_16.json", "total_energy": {"total_energy": -4231.319299138554}}