{"E(RIMP2 (OS))": {"E(RIMP2 (OS))": -6.898586456598705}, "E(RIMP2 (SS))": {"E(RIMP2 (SS))": -2.6535320612012456}, "E(RIMP2)": {"E(RIMP2)": -9.55211851779995}, "E(RIMP2) SOS": {"E(RIMP2) SOS": -8.968162393578318}, "Final E(HF)": {"Final E(HF)": -4221.690297706762}, "filename": "json_logs/UCC-ngpus4-0_27.json", "finish_time": {"time": "Tue Feb 28 13:56:21 2023\n", "total_time": 126.624787447}, "start_time": {"time": "Tue Feb 28 13:54:15 2023\n"}, "title": "/scratch/kx58/jm0124/tempJsons/UCC-ngpus4-0_27.json", "total_energy": {"total_energy": -4231.242416224562}}