{"E(RIMP2 (OS))": {"E(RIMP2 (OS))": -6.986358435753637}, "E(RIMP2 (SS))": {"E(RIMP2 (SS))": -2.6860661319807693}, "E(RIMP2)": {"E(RIMP2)": -9.672424567734407}, "E(RIMP2) SOS": {"E(RIMP2) SOS": -9.082265966479728}, "Final E(HF)": {"Final E(HF)": -4221.624171729405}, "filename": "json_logs/UCC-ngpus4-0_31.json", "finish_time": {"time": "Tue Feb 28 13:56:06 2023\n", "total_time": 112.066211018}, "start_time": {"time": "Tue Feb 28 13:54:15 2023\n"}, "title": "/scratch/kx58/jm0124/tempJsons/UCC-ngpus4-0_31.json", "total_energy": {"total_energy": -4231.296596297139}}