{"E(RIMP2 (OS))": {"E(RIMP2 (OS))": -6.872755505175973}, "E(RIMP2 (SS))": {"E(RIMP2 (SS))": -2.6416583703170495}, "E(RIMP2)": {"E(RIMP2)": -9.514413875493023}, "E(RIMP2) SOS": {"E(RIMP2) SOS": -8.934582156728766}, "Final E(HF)": {"Final E(HF)": -4221.696349845119}, "filename": "json_logs/UCC-ngpus4-0_32.json", "finish_time": {"time": "Tue Feb 28 13:56:13 2023\n", "total_time": 118.46996169100001}, "start_time": {"time": "Tue Feb 28 13:54:15 2023\n"}, "title": "/scratch/kx58/jm0124/tempJsons/UCC-ngpus4-0_32.json", "total_energy": {"total_energy": -4231.210763720611}}