{"E(RIMP2 (OS))": {"E(RIMP2 (OS))": -6.913958993289461}, "E(RIMP2 (SS))": {"E(RIMP2 (SS))": -2.667418833107546}, "E(RIMP2)": {"E(RIMP2)": -9.581377826397008}, "E(RIMP2) SOS": {"E(RIMP2) SOS": -8.9881466912763}, "Final E(HF)": {"Final E(HF)": -4221.652660320824}, "filename": "json_logs/UCC-ngpus4-0_33.json", "finish_time": {"time": "Tue Feb 28 13:56:11 2023\n", "total_time": 116.854491077}, "start_time": {"time": "Tue Feb 28 13:54:15 2023\n"}, "title": "/scratch/kx58/jm0124/tempJsons/UCC-ngpus4-0_33.json", "total_energy": {"total_energy": -4231.23403814722}}